id,wavelet_coif1_lh_level_3_invar_stat_p10,log_s_2.0_ih_skew_fbn_n32,gabor_s_4.0_g_1.0_l_8.0_2D_rlm_lrhge_2d_s_mrg_fbn_n32,log_s_1.0_cm_info_corr2_d1_2d_s_mrg_fbn_n32,log_s_2.0_cm_corr_d1_2d_s_mrg_fbn_n32,log_s_4.0_ih_skew_fbn_n32,log_s_1.0_cm_corr_d1_2d_s_mrg_fbn_n32,wavelet_coif1_lh_level_2_invar_cm_info_corr2_d1_2d_s_mrg_fbn_n32,gabor_s_4.0_g_1.0_l_8.0_2D_rlm_rl_entr_2d_s_mrg_fbn_n32,gabor_s_4.0_g_1.0_l_8.0_2D_stat_iqr,gabor_s_2.0_g_1.0_l_8.0_2D_ngl_dcnu_d1_a0.0_2d_fbn_n32,cm_diff_var_d16_2d_avg_fbn_n32,log_s_4.0_stat_skew
06803_01,0.138657599053136,0.4585293346754206,329.2683716518952,0.7300126658233655,0.9187076452050348,0.1472795614501245,0.6781400945567753,0.7963293929145115,5.889257012113882,3.845064748736896,6961.350033709759,8.508061184215315,0.1459875921939323
06803_02,0.1050464719528598,0.7068207611652163,377.8102894644322,0.734716112098055,0.915508162101086,0.2865150497136067,0.696888964680339,0.8137729749333701,6.241850574602673,4.700392058375529,6186.481858503599,8.322338974754349,0.2882910213559447
06805_01,0.3906166953933112,-0.2873639665549166,457.2157046953594,0.7770312585216506,0.9333861045997096,-0.2019871493144566,0.6891448121774196,0.8337580587586852,5.664812901690495,4.439221512835861,6884.766953702766,15.549716463702053,-0.2019444360543186
06807_01,0.1351720112726824,0.1799326256592215,355.0464263376357,0.7180939947092575,0.92726129906992,-0.1602560584160058,0.6581157412940405,0.8108635021372533,5.861050677328006,4.171969379401341,6312.961958016317,10.15667670278932,-0.160503478051728
06809_01,0.2955777722950335,-0.3667764823860799,557.6415063738688,0.825020950849847,0.9331662974436148,-0.2871134435010636,0.7382688896831141,0.8668972687328103,5.994208821164506,5.729963986879877,6594.451234233859,11.617638346333662,-0.2884194461339542
06811_01,0.1333373835144395,0.4461546083069488,402.486822075635,0.7084166655953125,0.9150974854232816,0.2145497462944326,0.6585385667477406,0.777336593338116,6.007758629632705,4.665194789549346,6588.061645052408,9.965745119427542,0.2154839291207471
06811_02,0.1032262207140042,0.400508901838611,260.2373245104176,0.7485650308199541,0.92420058560005,-0.0667499535585527,0.691753670546747,0.8218826967324571,5.782628608611821,5.526734753153179,6126.820110825787,13.547979969591616,-0.0669512904817664
06811_03,0.1711210128948609,-0.1805371434412283,223.43356839184335,0.7441963550719576,0.9261341636352524,-0.4252715996426304,0.6754999834817164,0.8059831773065885,5.62769510458537,4.673811542791372,6447.981776391397,14.515556898583856,-0.4258539862516075
06813_01,0.275374298841592,0.1164835647674992,362.83659542557183,0.7689587570818947,0.9223205575378288,-0.0622858490579469,0.7005684851787267,0.8184577503511131,5.8862798416159015,3.188959023224946,6580.515141160893,7.942892314333832,-0.0614312983928903
06813_02,0.174777095316538,0.4262322601627696,377.3766974015088,0.745919891970391,0.9269383012675846,-0.1539650261902757,0.6939357341287354,0.808890299884106,5.934451816461267,3.125142660960473,5667.705680610569,14.006705846309202,-0.1552377090565616
06815_01,0.2584053970861865,-0.2500058072224741,590.1340253857405,0.8271259746496638,0.934052650745814,-0.1243402523029486,0.7405371379233799,0.8692328111914503,5.709996109350897,4.695936666308062,7029.106202931412,16.46558070131806,-0.124154333392005
06817_01,0.2795187160671069,-0.2137051071561429,479.9723279648609,0.7755315717597004,0.9210120334769284,-0.2592105433473282,0.6919062921671476,0.8179832767940393,5.752545071106448,5.527513475230082,6159.865061901269,11.111872245747788,-0.2615004680980898
06819_01,0.1920936977303854,0.1079548079773051,548.010005828638,0.8161648949410071,0.9310188824437952,-0.2778226260552991,0.747526331067222,0.8714139419020123,6.031890048435191,6.606541950921038,6972.8414771348525,14.103215858916492,-0.2794452792964534
06819_02,0.1608868921975187,-0.1653583121483078,492.4719054338522,0.7979703659914751,0.9344415407084958,-0.2738913067185705,0.7148354125594438,0.8696665710864702,5.921552427561158,5.1352062436584,6078.142814764588,15.1076720819152,-0.2759106208209922
06821_01,0.2072085383853523,-0.4115781161714638,372.8020473731208,0.7647666633741118,0.9382373702416406,-0.4264131686096764,0.6769960369018074,0.8414825468658201,5.618466138757773,5.017933059302363,6451.074344813736,15.333587405706467,-0.4294565243772505
06821_02,0.1303577160942767,0.4299434457515588,407.49575322566864,0.7277637639202309,0.9219506311748388,0.0469208505407026,0.6819877110156939,0.8127198478735513,6.026565851482363,4.330076017243648,6673.35427959293,8.299760392804874,0.0482863039112759
06821_03,0.1224576994820311,0.9859412888206636,551.2042320613749,0.7378950214271179,0.9163466365284798,0.2418403410739623,0.7218559898909993,0.8310831529398769,6.367409424447941,4.032449584135169,6031.954184808902,10.528336299782454,0.2434666114460482
06823_01,0.0759431702197553,2.336412480730273,445.6555043663618,0.6170096823201892,0.9156577036691292,0.6105371514118707,0.6642040536749769,0.693799304728451,6.08449338366258,1.872554759868701,6580.698535550691,5.791017412660057,0.6144827914317252
06823_02,0.0575937230444217,2.284001359774144,562.3827261563652,0.6469226802146775,0.9167825586163556,0.7407053496522074,0.7088332903772094,0.7318563897829945,6.162190510173006,1.9328239678801733,6017.787959183674,8.656282952223616,0.7444350569557551
06823_03,0.1064041916784462,0.6821486093753221,205.53781039470363,0.5969558611274083,0.9204429273006256,-0.1116414074978175,0.5680795024191184,0.6791233019718234,5.775392859637324,2.8418693995956072,6164.537925922598,9.381349434287364,-0.1124469300148602
06823_04,0.2907202394095141,-0.2618068415160742,555.083952470294,0.7524530565003705,0.9359881562810514,-0.1596420747796713,0.6663210240168638,0.823307284298972,5.805889613636285,5.419215990315402,6841.077490997606,14.198111589605276,-0.1613632191250538
06823_05,0.1470512013738096,0.2925535104232904,567.5445354380206,0.7371341769656702,0.9312655252847624,0.0450024166577287,0.6765179656599949,0.8328941472410265,6.160723340091328,5.054587187654985,6321.454893796097,8.533343343308301,0.0437869101828049
06825_01,0.20796713522235,-0.1248400482248341,428.69408746355685,0.8469126558150466,0.9330257072182508,-0.2176203465231596,0.7592315615165803,0.8948287164928748,5.798603363596917,7.017992858470917,7265.19788085898,13.869466887072264,-0.2186973474372561
06825_02,0.1371600587684087,0.2888363587300135,403.8286028674067,0.8315315947631453,0.9292907478174128,0.0134620809588176,0.7560041649065548,0.8828938665081068,6.127812388149132,5.727656518330501,6416.247188997894,12.986125405221538,0.0164742814356815
06825_03,0.0420724601710314,-1.34400796490188,249.7156819839533,0.7386906049957703,0.904230558336838,-1.1410706532837462,0.7090480257355908,0.7787212387451129,5.808496881177162,3.930447639812982,1336.9185528932665,14.399411060888362,-1.132556664168625
06827_01,0.1672624679793402,-0.0800037003038338,304.39645950076414,0.7628946150437715,0.929735544875004,-0.2333558890320889,0.6823921635078117,0.83199942269496,5.738167043232677,3.897180554319955,6839.9434383175485,13.680750419100308,-0.2353661832639832
06827_02,0.1952312505156962,-0.3520858002569034,291.43308372153774,0.7935891499612291,0.92883452633723,-0.3776105005350446,0.7091341682569792,0.849731626335831,5.666528477406675,4.918562668538838,6479.174553444277,12.891350093004004,-0.3816072254008282
06829_01,0.2163781407104046,-0.4067162805560078,394.14143865842897,0.7464127928058876,0.9302026419238062,-0.4627383987526406,0.6561002272523703,0.8353529871815362,5.675975033463766,4.567797310632571,6993.764987244898,17.73295529562929,-0.4641779526589634
06829_02,0.0881360995551156,1.2325667059880276,392.2732749275852,0.711751014301078,0.9229958094251516,0.2278188053061086,0.7160411968261476,0.8137816785444542,6.070532752208616,3.4117784334177736,6339.543430729477,11.313616530773473,0.2296080985814605
06831_01,0.2720063670998661,-0.1885759198354438,356.0769982650343,0.8330257994761562,0.9221552293140084,-0.244516169476523,0.7555423076402072,0.8583348723690088,5.8462446519751055,5.645390444274455,6750.574063876652,15.160867475940789,-0.2459596874181489
06831_02,0.2182730594017713,-0.115868097654321,352.04276697697003,0.8410859583624585,0.9194449293224802,-0.1911331455979235,0.771559931395822,0.866578851867379,6.006298549440412,5.129414870456347,3939.241361898579,10.448770657264332,-0.1923657622360574
06831_03,0.1890241548975483,0.2378567379480059,362.8258811608888,0.8214376997528442,0.9155811934931372,-0.0235865335087977,0.7549099781505392,0.8575309362650617,5.986704833204296,4.913284137351792,5156.353532578837,8.540669476423385,-0.0215996674257862
06833_01,0.1588347323171171,-0.0419773394663059,332.1392575549258,0.8024183112460652,0.925700418189468,-0.3628056562556299,0.7317176113368573,0.85917115418533,5.941149683047561,4.410091777172481,5631.331718888999,13.223303951821029,-0.367881722012709
06833_02,0.1531164005604462,0.0620223246994237,331.5922229775663,0.8308827322867987,0.9230955878464798,-0.1759396030472154,0.7512970614090241,0.873467665165399,5.851377640896173,5.186085130970717,6096.281837354284,12.128756672267922,-0.1754942013633829
06833_03,0.1737042654030213,-0.1288459439469382,296.57507994518045,0.8347327687406547,0.922702717712884,-0.2831955227584443,0.7530652161754594,0.8766146486800137,5.757984014570167,5.270622537656515,6230.470780209738,13.38953827855763,-0.2839282476677689
06835_01,0.2406722463772564,-0.1049482591628248,381.1652747432258,0.7707005037012099,0.9360958074000568,-0.1662633955218626,0.6802041533651458,0.8420652603949285,5.474614803468745,3.44412626245345,6601.35759026531,11.853775347727176,-0.1679055507628076
06837_01,0.0929853815787348,0.1073006026407676,327.2266036152849,0.7518378041981474,0.9317281206702464,-0.0917490398077825,0.6737077690791341,0.8357187828925225,5.736855480448121,4.078036541688918,6388.724125471421,15.799287546231378,-0.091010093404388
06839_01,0.179728152789986,-0.2133083334363074,447.7380062442285,0.8040722648891916,0.9328013464182866,-0.2135057153996525,0.7220226080697674,0.8661661794586865,5.822226273574367,5.114903654905967,6468.734654300169,13.579090462007631,-0.214051701022957
06841_01,0.0961327975459274,0.6991502200355376,398.44183965640656,0.7615695903774453,0.9266362859533934,0.1473437660667102,0.7150723249217551,0.8476486732386298,5.953659532755987,3.475828268695877,5728.00292973952,12.20248051590156,0.1492682992245737
06841_02,0.1303004633116476,0.2709462644632024,318.44362211580324,0.7841692315941273,0.9252447567479444,-0.1938183188378306,0.7214552960729833,0.8584101212391462,5.898404894931867,4.370635512529665,5748.891685371795,12.285575411090738,-0.1949298136281509
06843_01,0.1871945954050882,0.1208025107560491,351.13169715211853,0.7890615607658437,0.9294270424192134,-0.0882948339310339,0.7162270734514526,0.8534085806635551,5.725376160265059,4.52248326618972,6323.423385320292,12.290552510911436,-0.088190897946481
06843_02,0.137135535594027,0.3173047903125498,313.6376471246051,0.7736948233235675,0.9269256317842064,-0.0111801252721712,0.7092338569814873,0.8386376198413905,5.770357170325736,3.793726112091186,6328.26539853062,10.783617730624655,-0.0103800881457907
06843_03,0.1555053844176496,0.1108172872222039,315.5448725520304,0.785702194563807,0.9259317486851768,-0.0502740255010252,0.7129737124210562,0.8422874916586308,5.696790943980331,4.325917261549415,6450.952749085082,12.162680092232272,-0.0500517720699761
06845_01,0.1693845046407148,-0.2387517758491799,296.55309977853415,0.715619339731416,0.9224011181426444,-0.3489329232694992,0.6467052880952019,0.7988265526259023,5.794567614020321,3.903124363644213,6802.91229073091,8.608662411659221,-0.3483365648020909
06845_02,0.093078418009991,0.9768046352669804,291.3174882629108,0.6885328620631275,0.9153295191388724,0.0578899176543535,0.6750372004503002,0.7839625094701913,6.103794717047382,2.811658851987053,6283.106647483308,7.370217244875,0.0563709656422603
06845_03,0.2166678952740874,-0.413395207995297,298.7064732843599,0.7193633878597643,0.912390128186996,-0.4022793969214554,0.6428269280208257,0.783701701447926,5.751294440054984,4.545821526755338,6853.350796531558,9.719755597984795,-0.404482726769332
06847_01,0.235662374697736,-0.3791260497153927,295.64308827111097,0.7988450529451991,0.9189971015506816,-0.3449386870442741,0.714647617811081,0.852489590342676,5.737511058016199,5.45278601199289,6582.374394660807,13.779777944334809,-0.3463684027810946
06847_02,0.145694495012275,0.1571163186955453,300.1589790222947,0.782213306412028,0.9201492715402604,-0.2922391297179639,0.7240140894361485,0.8535446967238065,5.9335815919147015,4.030592887280527,5625.818759897673,10.294272474865036,-0.2919875855241627
06849_01,0.2983797717277582,-0.4476116973653926,544.1918684577025,0.804496116540927,0.9329182130091964,-0.3629439905672936,0.7156471163613254,0.8540559172548864,5.747061762758032,8.168056739284253,6113.964420706656,16.088584503350578,-0.3643469852074251
06849_02,0.5135678324285466,-0.449625024688118,428.7558313044844,0.8115897800770261,0.9362831781413158,-0.34300260984149,0.724288252877624,0.8497470828003507,5.583768902931715,6.380485201023779,6390.759366712528,14.561590385058516,-0.3434539997127329
06849_03,0.1313954529260392,0.3707624456377885,424.4244674398514,0.7478986052368408,0.9180476931699606,0.0298587652375523,0.6906783759615395,0.8173052784383958,6.047986903158403,3.056215849545306,6268.138810594237,7.395857256845457,0.0297171824794809
06849_04,0.1492595221348911,0.4487666698110235,385.745671232022,0.7169200491403928,0.9173687274000636,0.0767299746285171,0.6640636244185301,0.7885027277617287,6.038989770932697,3.580262081084983,6531.452030899576,8.834345222317422,0.0758061652336116
06851_01,0.3099950650413442,-0.0613301195036993,542.0709473171523,0.7804221616581516,0.9243514576627836,0.0063927018259121,0.6962595308462779,0.8323959188943731,5.864874184595861,4.533765033030928,6885.303403956221,9.57578641319975,0.0065084977686242
06851_02,0.4136510861725697,-0.3036064744129813,578.3380104974802,0.816213803124262,0.9201845343462636,-0.1795112325415704,0.7281255263924085,0.8486680334013145,5.801815072620488,6.0338865252340135,6544.53106886628,12.085738918285422,-0.1801682459903033
06851_03,0.1998942100889474,0.5196028658066623,378.3397601335965,0.6996202236671926,0.9125316402489824,0.0543172556408355,0.6633517361256005,0.7588208721592787,6.179034858299575,3.9171325483739223,6602.887748838025,11.300815003472884,0.055087584306339
06851_04,0.2426517204655557,0.1710437198130592,461.3802404638841,0.6966207099369274,0.9090942806060908,0.0360559837521624,0.6337230769700877,0.754284524841736,6.029636195569018,4.44717718098685,7352.645023599425,9.437274314205226,0.037587666184063
06853_01,0.3103254191030965,0.0088244862505224,596.2286110225135,0.8223158353458798,0.9125833734099776,0.0884283733684465,0.7409850947665323,0.8321454914702846,5.8325734721433165,6.087704321236249,6439.132669766223,11.757308439649336,0.0882702789900259
06853_02,0.3054655241626539,-0.0968272076688752,529.3348737152418,0.7752113479203494,0.927307590402922,0.0673756225095385,0.6912523398688992,0.8203787833232248,5.707179658420459,5.02989622992034,6700.567108222945,12.176785828590004,0.0675970146380662
06853_03,0.3053193967667501,0.0501514713576712,610.8721827651515,0.8244722512911283,0.9122707088242517,0.1343883963261051,0.7447124904342609,0.8343432458866527,5.9293925449069365,5.664201799851971,6637.999298213841,13.596908871807983,0.1340626425062211
06853_04,0.404505904890059,-0.1561692512738335,537.6066240696867,0.8525077753738743,0.925914719636758,-0.0552302909445778,0.7697353754881483,0.8625917147517829,5.743802418013994,5.872747301668349,6344.552269060522,12.700826840994786,-0.0541422495344958
06853_05,0.3311321576425906,0.0531953520783099,505.4914850412888,0.853156682358078,0.9256599870850872,-0.0029906721418119,0.7729425230236862,0.8675065025935498,5.8512100204442845,5.094054739924995,5821.366092869807,13.325276272293104,-0.0032141517961188
06855_01,0.6327007187227824,-0.3205576395955628,704.6677482593118,0.7982703222177776,0.9167883166283586,0.0063099721476332,0.7101876332205019,0.8050213655559756,5.7531883960875465,6.584945995744853,6939.838448660715,13.57372019348232,0.0058364715904337
06855_02,0.3384271105181696,0.0287630671295505,333.48495391126573,0.680021439286335,0.916373283759432,-0.0714847728422353,0.614224718352669,0.7206484682666973,5.709698198778374,3.803641732734256,6780.542652970076,9.37938221973514,-0.072647397023657
06857_01,0.6026131548919988,-0.2960733543684452,635.7189842264236,0.8526377383198134,0.9210848122162784,-0.0549150218796023,0.7713409638841467,0.8552845524477205,5.640294321987734,6.45911063053088,6971.937107672624,14.315435722866267,-0.0548997886819526
06857_02,0.3995408650678176,-0.2045456542648943,629.7214542454776,0.8186878306156361,0.9210732321336046,0.0517375470062743,0.7330529056885952,0.834071632135461,5.81826271116392,6.594346540480536,7307.357660705655,11.43040284134264,0.0534636127717801
06857_03,0.407751315765669,-0.2435334754602945,557.4983903541221,0.8326212381260113,0.9239037831617046,-0.0472297157377543,0.7462082578965815,0.8557358699050065,5.735734998609761,5.026286306238383,6533.852058929824,13.609684638975134,-0.0477129305238145
06859_01,0.3652811523352546,0.1490168694427396,380.2491453912722,0.5895117500368566,0.9065008779115644,-0.0737107572148229,0.5257423841558815,0.6618240019109473,5.97974864985476,4.576189657483969,6458.827158448444,9.777804243904352,-0.0735651583827512
06859_02,0.3010390777056717,0.2195862014640978,333.6901142959727,0.7503227709237146,0.9176411982987768,-0.1223209599838478,0.703142169301068,0.7861198842019144,5.981892350345409,4.127411683996192,5297.8623508173705,12.478230171380188,-0.1203263588119026
06859_03,0.2926810277670497,-0.3745563100693072,290.77025045288553,0.7339759143869254,0.9154932015399152,-0.6275944469680428,0.68067601969552,0.7686994418120584,6.014069835793921,3.8640456924566777,6084.413636460577,9.685055552377577,-0.6321649248683388
06861_01,0.3992195114606807,-0.3010186723944256,522.7728494489353,0.8137460784865177,0.9199096099333244,-0.0408675243067677,0.7263957544494253,0.8209547676463566,5.68299200313044,5.389131005581068,6312.661509144763,9.859387062429048,-0.0414095306895137
06861_02,0.3586268452954496,-0.1724884065776822,665.5439964814543,0.8157125248709223,0.9252299570635312,-0.0847971841751466,0.7316236262126886,0.850819436527878,5.870741528199051,5.735748945103572,6052.190722743284,9.644523328348091,-0.0848921409823811
06861_03,0.397196556605992,-0.2406705910199661,591.4580661186885,0.7999982914343787,0.9230035864055512,-0.0768708986159131,0.7122749480704372,0.8287988701384058,5.809813179843268,6.070727339156672,6167.23756656738,11.203617449695574,-0.0768577132795648
06865_01,0.2556478131362524,-0.1672711780012841,474.8730544960323,0.6849262938229315,0.9082606231797252,0.1260325626305013,0.6004277353022651,0.7258287054889208,5.802847892963428,5.561355675569805,7218.674960988571,8.669808151957126,0.1277623762547924
06865_02,0.1696075017782159,-0.1925996821010413,519.6939764926361,0.793670912364396,0.9172005042566856,-0.1873801652598275,0.7083203058939278,0.8232149352330799,5.843936126515641,3.752908556573282,6456.0675794498175,6.36483973539227,-0.1895392898287126
06865_03,0.2364383523246768,-0.1460444408206799,438.87925828947016,0.7892349918423539,0.9233505420252188,-0.09182972368778,0.7091410106032384,0.8312636112888584,5.753694142330854,5.628195510814949,6751.528657758819,11.901115159329844,-0.090622396856849
06867_01,0.2358226970047934,-0.0406415323767078,397.5362080898804,0.77190796777458,0.917751868205836,0.0474264284486945,0.696393119739916,0.7992595387944947,5.813424210738552,4.228813078285106,6319.678288774691,8.577663040320171,0.0484901904925198
06867_02,0.3402558923170756,-0.342475125013049,597.4169380077767,0.7711602259893537,0.9109472685614152,-0.0998421691847323,0.681164887182861,0.7898139188889874,5.799496605443068,4.82986434763317,6990.86279873021,8.643624360043242,-0.0993070378923139
06867_03,0.3086797821791279,-0.1227510148882694,667.3309825009918,0.6913967610260309,0.8990526088740585,0.0638744554096393,0.6008179958129222,0.7201029325820156,5.819849342079945,6.385614370941566,7732.1431935187775,8.691963521305444,0.0638577157071518
06869_01,0.4889639342753644,-0.2247755424451275,512.0471858922705,0.6270724116558906,0.9235400633581716,-0.0586566336331428,0.5385456772486064,0.6760229756296875,5.574206754188531,3.633032376370615,8042.149066336119,11.34399908445618,-0.0579541273940069
06869_02,0.4614375525633637,-0.4525638031295906,634.9626844212436,0.6653070791234353,0.9350320303469154,-0.1935364147238367,0.5758185549927662,0.7180848179507673,5.735091903772067,5.065736210965191,8059.699178890306,15.894759571592342,-0.1932581271191363
06871_01,0.370263919847671,-0.2772644152558509,383.9205737672137,0.7975334840583173,0.9181782838468496,-0.3270592523873629,0.7230941684468439,0.8189120400207575,5.75662398825089,5.400924536078199,4356.763828576562,8.351331256519254,-0.3281345342471764
06871_02,0.3141562345263085,-0.2835536898774778,350.02802828934875,0.7508866407119937,0.9253023308200986,-0.2879813836142665,0.6747859244254993,0.795329909097567,5.754120005103329,5.185511185592154,6396.891818031899,16.40590043593238,-0.2883346570025141
06871_03,0.2517261442734154,-0.364513434353612,342.8758101374892,0.7800851430759891,0.9226439671216922,-0.3151673723082195,0.6991787609722369,0.7982859683813337,5.6977591894088615,3.993604225658012,5540.849854051577,9.489702421343896,-0.3166482106177838
06871_04,0.4699456518614793,-0.4527440683765947,407.01986225790495,0.7883547862748322,0.9258687065268122,-0.2717476244834447,0.7019490448673434,0.808583323648773,5.5732895278072805,5.444705222275128,6292.535024465619,13.074324033090852,-0.2723429826025501
06873_01,0.3654758282553217,-0.1406680469113088,655.3790596280713,0.8178798462215878,0.9306565244147452,-0.1753937799697321,0.736813148410792,0.8454216148891222,5.806889457370176,5.326084730731234,6706.945523817542,16.40654098218037,-0.1752389951257454
06875_01,0.2114911282243627,0.2468664909064915,431.5788693406224,0.6050465030235646,0.9042545647427914,0.1634310389715452,0.5325391395710148,0.6781617761691974,5.815292738995389,4.635341753149003,6862.886189698168,10.830203036081253,0.1635423028053154
06875_02,0.2563850143023152,0.0091972169524925,527.374311624976,0.7749977515948008,0.9237206832312144,0.0178016807971512,0.6984694129898105,0.8344037633162849,5.928820897572492,4.461806707843205,6302.828075468398,8.820269750421124,0.0166110849693757
06875_03,0.3511000322106448,-0.1563201318690444,508.53345617001946,0.7787847661381324,0.9203661191031438,-0.0535095765738217,0.6951599707388659,0.8203070401721977,5.866731615079657,4.439935621218504,6596.037910906298,9.581579354552389,-0.0523351006876236
06878_01,0.174822137856598,0.707582335745187,610.8012918447465,0.6916283739419534,0.9126493129169818,0.2334369644983208,0.6642388032931137,0.7643489860950831,6.312272346146648,4.186451023901783,6463.200653825765,12.30524394920854,0.2340774616605985
06878_02,0.2630559546839984,-0.1043791680728132,476.8302437785678,0.6489509464256221,0.911072758030189,-0.154885013142048,0.5725667030795762,0.7019258034958434,5.882468348621876,4.246329032783768,6894.825325765449,8.090329758505955,-0.1560417881150085
06880_01,0.1012199729663676,1.0722453889423351,357.98479606257007,0.636941873537626,0.910445238947438,0.519556257968661,0.6148600555788827,0.7209321988053018,6.071856892461979,3.0899380125441,6404.710012975303,4.863271933125597,0.5240154058131841
06880_02,0.1265234085650883,0.2922741741917261,546.3780099395319,0.7196568023902948,0.920846760791882,0.1895982099565891,0.6540319317958335,0.8140844865739807,6.140873660345815,5.82313379981326,6155.766916947946,11.11111537787334,0.1904687627317313
06880_03,0.1152956414290021,0.0400839089268033,447.2058841045798,0.6675648305767548,0.922876338936472,-0.1493839868453896,0.6022114137817007,0.7656580763991574,5.970384534639181,4.620297855687101,6391.336679469274,6.809608513932361,-0.1475618092519078
06880_04,0.1920654057553206,0.3059040715107831,461.7122005234548,0.6957780702192295,0.9213087107883104,0.1688312364339199,0.6343189709877934,0.7900357893107649,6.0958854882626685,5.404970754152572,6082.644273600905,8.551806022964781,0.1693850974051435
06880_05,0.1924657500402637,-0.0599957448173804,417.4939570791784,0.6300850830591816,0.9216868805391134,-0.0676835518535639,0.5558636974551693,0.724199237550824,5.934682511720641,6.2320627878368935,6982.324104034405,10.369131989042527,-0.0683474295926535
06880_06,0.1736060571832245,0.1461996743905689,362.1184770003866,0.715589569119723,0.925871766941668,-0.1076483358121205,0.6523833889093487,0.7991011862356208,5.896558043239879,5.058690218358587,6375.163413507955,8.322816160415034,-0.1083057675924431
06882_01,0.3739070220951745,-0.3679848460034154,647.774164550223,0.7305812512994003,0.9250317443343384,-0.191078438202767,0.6401570042855309,0.7689918116024267,5.804643682305153,5.737427675296708,6472.221930248691,13.185746367227416,-0.1932073853023551
06884_01,0.1696909774663054,0.3330075243300689,423.0983451809898,0.6584175971850996,0.9163453276538712,0.0888959073712695,0.6037598898581948,0.7441367475599628,6.116386200839292,4.959247640101227,6454.388850889193,8.647982115985613,0.0892051649803843
06884_02,0.24968450100929,-0.0532014976583426,504.4841894925327,0.6794298370165575,0.926916840104146,-0.1220079085519977,0.6046549033796887,0.7754524043183263,5.893426302762988,4.10287342883061,6713.612495662645,11.158044672273434,-0.1243904667434401
06886_01,0.4107677575397873,-0.2888602117533285,782.3011589703993,0.7868885235642455,0.9320863434792018,-0.1277510425367531,0.6978718066246455,0.8315800476962386,5.770194304561246,4.57540694287016,6672.996492346939,14.768864786566333,-0.1283495755326552
06886_02,0.2240680913143153,0.2178526951122799,375.7416897413386,0.6175707393907579,0.917797539913542,-0.0796534058247337,0.5519091708951301,0.6996646562757519,5.840613626378308,4.5448333200107225,5897.372968223752,11.6126640676567,-0.0815370466317388
06886_03,0.331255456024096,-0.1883448555095165,388.132309870494,0.583297744431104,0.913421303355502,-0.1879428285726242,0.5005671224207259,0.6441786133591605,5.690431049311277,4.429769391312709,7386.077962798186,10.959970731300004,-0.1894888750541239
06888_01,0.1892228479012583,-0.13135045381771,469.5550255291608,0.5315496212930776,0.8958285288777107,0.0028237800871767,0.4497952498123003,0.6179394624072136,5.956745270838901,7.215559857548879,7825.780409667021,7.251100529221851,0.0033371660102831
06888_02,0.1336403456081131,0.0704605137784775,547.7366195892616,0.6471320595833375,0.9109678771567248,0.1625064298183982,0.5683296046372466,0.7325015761736013,6.118002024330627,8.192436959157138,6262.41111923921,7.922768155352982,0.1653606438223014
06888_03,0.0939488332870608,-0.0279863347359855,592.9753093541781,0.7756292697057101,0.9247993954254512,-0.030258171576288,0.695808821676757,0.8559491602901418,6.203078945719441,6.61268889316754,5713.576852193144,6.527133463247871,-0.0307027197339087
06888_04,0.2084846272499663,-0.3108008231249327,768.0423503658654,0.813751651423879,0.9312908510983924,-0.1288318062518194,0.7249769084456453,0.8628028960014091,5.983621162954843,5.286141723053145,6756.592086215216,6.081046993422937,-0.1297142248472045
06888_05,0.3281816946897551,-0.2395597143738278,806.9289794060758,0.6957025843052337,0.922011146242147,0.0043426354459699,0.6054414747276929,0.767067769639551,5.904811846229185,6.81949324240348,7574.329827437964,13.95509326608524,0.0045979949599017
06890_01,0.2317408439117721,-0.6239086447536245,370.260715986055,0.7211270379020942,0.9229308519520798,-0.2007726481635042,0.6464487790395022,0.7417175707860929,5.727736117567631,3.687402877188645,6528.355127448786,7.753949618929674,-0.2016543642496496
06890_02,0.1473406433600353,0.6549371525677598,337.7150047184649,0.6985640671839558,0.9245734380765336,0.0567201118904861,0.6635186174364727,0.7897776265361771,6.090167447242195,3.701607428927616,5227.050344734352,10.251321591284691,0.0543529723495249
06890_03,0.2753960890816439,-0.288426317252316,485.21742136190807,0.7620308687110727,0.9326584744926298,-0.1461874666147354,0.6773957128223698,0.8090547476569506,5.813114496925943,4.818520937319537,6356.275625479344,12.148379054149908,-0.1471408316846648
06892_01,0.1366406156940317,0.3318971662152663,368.5033865363096,0.6756860913021348,0.925432851957792,0.0428755569781863,0.6215660159121601,0.7596249702489293,5.949826176142774,3.604781303287565,6395.102299601343,8.622571064628405,0.0433956896927332
06892_02,0.1385006328598078,0.1734550542330747,466.0470561426496,0.7200135631120519,0.9248428394929435,0.1084294552536392,0.6502292115321147,0.7921979493788748,6.00503188661185,5.028984218621361,6345.568408042553,10.801170334397089,0.1097107977758216
06892_03,0.4204505961685383,-0.715588870455909,566.5914793336876,0.7645434562531972,0.9180473944065096,-0.497458070959492,0.6792013424706624,0.8098874559505255,5.821779439906972,6.065153762710668,8085.941029212848,5.3334886342113705,-0.5077101673035856
06892_04,0.2728151928278734,-0.1446909195457227,620.9802073122406,0.6892428804364672,0.9144279945748716,0.2145586939567122,0.6000384557142119,0.7356936938742649,5.7398029207046,4.7841855354954514,7375.309776419109,7.244304949675852,0.2151338379249674
06892_05,0.1287900755221334,0.4545522173875069,371.77329875844725,0.716616756586454,0.9148008043975692,0.0963132586013642,0.6716659101082466,0.7920943841072133,6.20114241145271,5.03501947031269,6578.104854187146,9.199964106357116,0.0967678990690966
06892_06,0.1461055669116764,0.304285203679797,480.33446263881046,0.7350132691470557,0.9162987977719816,0.1435829668444948,0.6781465460324105,0.8017619497093232,6.164457234888306,5.855370880281939,6127.569431522698,10.203532178520955,0.1424149526590233
06892_07,0.4159609788835915,-0.2392046261590897,1041.6932731879494,0.7598850647675395,0.9127646634058516,0.0420944587684018,0.668969787895274,0.7865022081412513,5.925639078242182,7.139532783955845,7427.425103635204,13.186209488015075,0.0428169991576865
06894_01,0.1937036072828716,-0.1777773530381623,621.5846377015044,0.7759317094311385,0.9304343786679448,-0.1133253415385067,0.6886389084206596,0.8399906776096466,5.849097203045745,6.488330195077719,6273.459953991938,13.066815581737528,-0.1128460756533002
06894_02,0.5601575321003942,-0.5105364233866785,707.967149083461,0.7787961453038313,0.9209346441168298,-0.28358281788789,0.6902480641522131,0.8082402793304625,5.7728059319866185,6.6009352653665365,6380.283447616011,14.418637767779195,-0.2851413157634735
06894_03,0.1168672662978451,-0.1246974143348,521.8262945658506,0.7768911025408524,0.9346318349097472,-0.183365573293154,0.6922322597237572,0.8540195549621635,5.772216930551836,5.8883684819999935,5854.449719267814,17.15715166537842,-0.1838742039871138
06897_01,0.3505597084389288,-0.3193919415027215,430.9361659328133,0.6503407748163633,0.9277201990281704,-0.1437366843757957,0.5643613722810122,0.7213119653711941,5.731395260177819,6.3012571321012985,7049.9888764159605,11.494613537547677,-0.1441958432387194
06897_02,0.2167521326415571,0.0307451495445898,404.1053508343625,0.6457228821521509,0.9193193346584548,0.0253605418293422,0.5760603635746271,0.721268758355111,5.901053622116138,5.502242044725255,6696.686763089259,11.472507972816462,0.0256392440639935
06897_03,0.429882624112344,-0.557335915524134,624.4806747274348,0.7161620522911956,0.90840784495697,-0.2413330015769461,0.6278411137979107,0.742690328004403,5.814855749298986,7.5219110392802335,7237.918925382653,14.122407922340727,-0.2423709188766269
06897_04,0.3108211845193853,-0.376426317934728,442.9548446606012,0.7638896967738814,0.911800391498751,-0.2583569495766309,0.6791766014727935,0.8065413624798623,5.832985875525551,7.790519068770863,6005.211837134462,12.03697330777096,-0.2604783102127848
06897_05,0.243230491175443,-0.1374328618078477,527.8269157265273,0.7505878649901356,0.9096713755929946,-0.1174375288356326,0.6661197195081351,0.7950848766770772,5.907042069807347,6.909043765730388,6346.974258010533,13.292757158805378,-0.1180135035709347
06897_06,0.3298586447504751,-0.2230102078352509,529.4287132967295,0.6839898191450857,0.9108965108085124,-0.0309378315658699,0.5978115488675689,0.728304377050409,5.749235942504151,6.367294265176464,6465.844389724755,10.948393170772556,-0.0315380943847714
06899_01,0.484125676449045,-0.2301313071302323,408.3117418813577,0.867309880077375,0.9232818547724028,-0.2194652257795046,0.7875023451310351,0.8725393153379625,5.914574819523324,6.8005585930631165,5217.45787903975,11.654224430673477,-0.2206424352792982
06899_02,0.441454716478219,0.1459844827720147,360.12876168523496,0.8748160871627777,0.9272020637654612,-0.1463106409031264,0.8017442393530253,0.8661504712979522,5.92903485972221,5.0797079437812815,4462.204125014363,8.83815442575953,-0.1478890560464914
06901_01,0.217137152981379,0.0058748716249805,344.74123673809027,0.826481065380715,0.9175274003462138,-0.1986425400071909,0.7608924382558792,0.8234079829793766,5.997344230981219,3.3781255716329204,5389.046131597976,18.888632782373765,-0.2001198882838957
06901_02,0.2602191130607224,-0.1890312708214512,482.3275627757218,0.8524683979301317,0.92164517767217,-0.3091527270397303,0.7732748793334793,0.8692272102916349,6.042185577729895,4.451096555015669,5449.779405940594,16.126576584283832,-0.309650402615151
06901_03,0.2333262262310991,-0.042500424117482,433.40416515164816,0.8783923821235035,0.91998098074366,-0.2002731655774827,0.7975905562691837,0.8806450295385557,5.9231905659034005,6.114422580239996,5636.715747341496,14.574683816948902,-0.2000591915829488
06903_01,0.2656203000416954,-0.3722119083481329,383.1455475546577,0.7338844134464246,0.9194746504600146,-0.1315952383865593,0.6497534632701559,0.7799753573449507,5.791523503223385,6.543386468243512,5603.526930002508,11.77668167309732,-0.1332474280498583
06903_02,0.2449059632772358,-2.9031422330092096,361.5040858018386,0.6814687436565222,0.9080169520832568,-1.5857121529646168,0.664244933622953,0.7616615142474242,6.202390524503655,4.291573258809432,9417.640045834994,4.869449043122657,-1.6179156106230697
06903_03,0.2491428047273383,-0.2011948718346269,394.7357096283417,0.8004745817238588,0.9220500964694274,-0.2605425382006571,0.7247544857473797,0.8351665973339383,5.902072641006247,4.0106207281911175,5467.358142857142,10.365558285071009,-0.261646062693492
06903_04,0.2192704629084562,-1.4713791028850394,293.4908283889669,0.7757366494566171,0.9137359095050746,-1.5483775976733682,0.7201159320296773,0.8315813892789706,6.192161607718587,3.84662560714941,9292.134618384402,5.312729779328752,-1.570984337476585
06905_01,0.3170653694646779,-0.1675036577159342,577.365424062577,0.8477578496884142,0.926690649624906,-0.1773877058590786,0.7735090886231847,0.8587258946899006,5.954207487052912,7.600971635355538,5663.241049671978,16.21144350774299,-0.1778013215815776
06905_02,0.3333175431836783,-0.2625012047540723,562.1705167100642,0.859173538698693,0.928953281684072,-0.2811448385630493,0.7850233993417464,0.8674393853099495,5.917615568542509,7.26530674636135,5664.487470211965,16.676242098137024,-0.2819742078350866
06905_03,0.3160580774538856,-0.1707848108285296,566.2369684430428,0.8822388853378342,0.9156402521300412,-0.067890703611017,0.8029305088113036,0.8623261494174073,5.821579433510313,7.775087255455254,6192.412229872521,16.97493491816197,-0.0688680192325848
06907_01,0.2702403110479568,-0.1093617195037839,372.3363317010858,0.8165639983174352,0.9182392999024817,-0.2926443704143106,0.7465327453236461,0.8250341047170319,5.982243732987944,4.142254432288071,5015.808618310075,12.249655975769354,-0.2943034392983971
06907_02,0.2433588512496285,-0.3072656034369993,506.8836119662942,0.8395792110465294,0.9195932015907337,-0.4285452579859561,0.7564248486235073,0.8659274735858754,6.205625335837674,4.433643532612597,5301.841250390447,12.3437055521773,-0.4323345545177212
06907_03,0.2488207870214766,-0.164720265191728,404.3229313288012,0.8224518407267907,0.9151421970205716,-0.4498487386190136,0.749352026994296,0.8456981448439097,6.165876723616408,4.4310118047678,6339.433534871839,11.699737517952052,-0.4542119381959738
06909_01,0.2332388610406118,0.3412277229133813,304.08414958430103,0.7965541539397625,0.914074111348179,-0.0931534509694311,0.7402481831990751,0.8070656739903671,5.902772112679836,4.4756612507480185,6054.547277257088,12.15104818015628,-0.0938177861496831
06909_02,0.2879868439912905,-0.0535731868595831,306.2741640482109,0.7917291323926423,0.9178707741272284,-0.446127034827993,0.7293813056062175,0.8174151198625558,5.917777084478766,4.725562474388478,5741.513388953227,11.71853723627947,-0.4487306661406953
06909_03,0.2907909206723479,0.0450065117932611,319.02612384638286,0.7198466903591094,0.9094169050190972,-0.108815581841568,0.6552752076446187,0.7402161390708722,5.815213008288865,5.260464133448499,6150.399296119749,10.379825893590183,-0.1074131472834254
06909_04,0.2782258693799474,0.4471702956033047,453.6328045783423,0.7177183472550249,0.9157538398912628,-0.157156864084078,0.6835971388231615,0.7535177217384983,6.100110456000057,5.111901378086058,5163.321705426357,18.756288632603905,-0.158069884915165
06909_05,0.3270857655893287,0.1238740513468197,422.8122697446439,0.7312054426787481,0.9160676337727836,-0.5032495602254382,0.6864598585097766,0.7542011362640996,5.968153599582084,4.8836342685100576,4926.5472184896535,16.62593178572901,-0.5043233210272887
06909_06,0.2376725584794183,0.1146621874850397,378.0374681083708,0.7552437688010647,0.9125492049207938,-0.2682361190055606,0.7141704380928643,0.7593627999938601,5.981811007839479,5.075444923861621,2878.6794091316024,12.755691432127431,-0.2695358443732684
06909_07,0.1683618049475439,-0.7746933262925128,303.1057233081922,0.7789858516406583,0.9207928534923212,-0.8680068007917944,0.7201798445622147,0.8115223705225889,6.009631582934906,4.4762039137683,6355.148573554372,12.621974186799449,-0.879780194103074
06911_01,0.2868924140357409,0.4587702738373462,383.4434984633935,0.7523993313786739,0.9224211141163884,-0.0658559538738781,0.7177448003096097,0.7846660675392406,6.033342926080607,4.926754579264433,5612.115165165165,16.234576502243065,-0.069016408376752
06911_02,0.2785430080503806,0.1778433605096502,331.7205709677876,0.71190095309753,0.9161445133144832,-0.2066417474607239,0.664988041085187,0.7461392929370014,5.943666008946315,3.747772885532367,5577.381084187563,11.263266215002064,-0.2070407114722627
06911_03,0.2837943306029274,0.2099409253641245,330.2495966851767,0.715217169111796,0.9242715863660717,-0.3727204609024529,0.6773882803467617,0.7576987078954656,6.014711359519816,4.91468475857209,4931.895315181476,14.403855834649818,-0.3741426968315841
06913_01,0.37090913576084,-0.132535558417938,480.4565842669509,0.8698319683533631,0.9058479820814188,0.0436315452038769,0.7826372539598302,0.8331339401826868,5.740321287177452,7.149410259122712,6018.996666349176,14.490281768381944,0.0424881191557758
06913_02,0.3505223658994073,-0.2595553188232888,500.5821663941834,0.876737994136806,0.9019077725641612,-0.1290474874587134,0.7857868091422765,0.851122506164969,5.920792873729096,7.934804393133326,5343.61151096809,14.920599036396428,-0.1306630362269785
06915_01,0.1834099681155987,0.2714766121152386,376.9411302151855,0.8310422035152422,0.9213712643982988,0.0518789508398896,0.7689833754497584,0.849692583814905,6.077715156877716,3.969590032689174,5171.242915629767,12.145154522577224,0.0486746223099719
06915_02,0.3635523706136246,-0.1597479123489553,452.647496294728,0.8155761665308294,0.9145334361179882,-0.0642669766945819,0.7450451167219766,0.819975900566271,6.046948700043683,4.83740609913246,6100.262459639335,14.21410661295341,-0.0631906033300196
06915_03,0.434724149207209,-0.2481240341002783,476.9071741198858,0.8021273528099075,0.9190601320677044,-0.1495568430145672,0.73652044650307,0.8112729871788099,5.968005754904431,6.217093045933003,5666.844525744592,10.03957445397527,-0.1480374224189142
06917_01,0.4465792238883748,-0.3967500038485612,541.1255782117663,0.8036915343873469,0.899961729265833,-0.3178029847595963,0.7164814121033417,0.8072621629802491,5.755819577571352,9.802155058482294,4717.853178362049,13.178747841247745,-0.3193578658477677
06917_02,0.4264776016179449,-0.1275338236767675,549.3878396109446,0.8394696041620303,0.911046462134276,-0.1394715256148103,0.7580192352772042,0.8365462785125285,5.883486364453994,7.350513451530608,4950.042825491985,11.026642722397884,-0.1405607622951424
06919_01,0.4014216986441932,-0.0420606319367929,621.9568005045196,0.8528171527671278,0.9273493558066548,-0.3874122796471579,0.7910442474289978,0.8692184364372564,6.194788849397597,5.203730844556563,6500.359016727404,20.9288600389862,-0.3917458375373301
06919_02,0.3973713513262648,-0.3861712220214168,485.6659886603443,0.8334296656392307,0.928546003624918,-0.6287015651932775,0.7682054435030699,0.848843391492991,5.998868553634859,6.83806201727678,5457.636354199107,23.107238254177556,-0.6323345795162867
06919_03,0.3861428440810395,-0.03169076352903,549.9612148866391,0.8077985502367989,0.9246979190511048,-0.3207054972772774,0.7580762212488242,0.831936782751049,6.198266861675615,5.246022802334917,6389.457796920734,19.065728059729725,-0.3227328881331063
06919_04,0.3226078231840141,-0.776231939853293,587.5284475614932,0.8521232917065491,0.9289948990377344,-0.9272346705148772,0.7763976840972133,0.8785106754567457,5.964530485938889,7.993403764973866,6480.217319979278,17.18316223354453,-0.932389881063407
06919_05,0.2981358986038587,-0.398850243470606,415.1853842603904,0.8447270950283291,0.9229664711180852,-0.735396903807924,0.7786535362935859,0.864215826853778,5.876887138640728,5.83658339261939,4662.69627378138,16.666125120564832,-0.7404401165681739
06919_06,0.312241705489112,-0.1572127533834514,522.5316886431306,0.8529309875741802,0.9202578948010032,-0.3150554546652541,0.781237288918304,0.8702636202285321,5.99883691490754,6.674759953834107,6260.278064625603,17.872686739488884,-0.3173981615794758
06921_01,0.2277966176473295,-0.1321972337254357,697.5535876193907,0.8672464996506644,0.9220158625210392,-0.2299976682723079,0.7808650329838752,0.8911293706695175,6.050211464949149,6.83195127068675,4786.986413827472,10.817258008527435,-0.2306743551728182
06921_02,0.241427496648144,-0.853707693505723,350.3107453423767,0.8306825385605437,0.9321167578186774,-0.8810029593797098,0.7470414991836402,0.862318220083212,5.686383829871402,8.084341767272134,5271.448135937104,16.608434082386427,-0.8841404952402968
06923_01,0.3513216816823271,-0.1555277184873068,369.1603649578597,0.7290013528333451,0.9176230190383337,-0.2732683715109252,0.6595559318263611,0.7721941323728341,5.911695291855048,7.968450826297145,5231.48916827853,9.903684990227005,-0.2725115812739794
06923_02,0.2447818595201138,0.1318866063238412,343.48201049450466,0.7485186364502541,0.9221865583930656,-0.2510943025876588,0.693927747536291,0.8059584976261238,5.937251846592318,5.216885796476964,5146.0801278798335,10.897784965353477,-0.2507306346023955
06923_03,0.2243183952302527,0.276215599417313,364.1882997261638,0.7796951256413928,0.9204614449256352,-0.0933082415585995,0.7223466581866023,0.8212150070963106,5.988448851909992,4.930697224837553,5143.151730507735,8.226293268618583,-0.0952266583778242
06925_01,0.2024553177925313,0.5474528714942892,398.75790714426034,0.7177648951444893,0.915818900398632,-0.0817394277924167,0.6977550245328904,0.7835367873068606,6.071654898467357,3.9544236455793222,6024.217470300489,6.6219718706479584,-0.0803910131465088
06925_02,0.2906548165000449,0.274784838973102,391.6112931599462,0.6678401777112974,0.9165460851308171,-0.335089404661484,0.6413174582695045,0.7276685958410036,6.064491741567658,4.236079901581055,5293.429934193746,12.097790679704357,-0.3377849819252268
06925_03,0.1715243389699821,0.7926808758977519,365.8236476302127,0.6465346438583582,0.9148975268864192,0.1482955383852174,0.6139396212668875,0.724914092699893,6.0551322339958285,3.4295882948633856,6094.880387509492,9.350449992097833,0.1488706109957164
06925_04,0.2422274685916346,-0.1228990120275453,361.2704409976571,0.6813968918085841,0.9102625821842172,-0.1394672839125077,0.6151092040339377,0.7328834612697545,5.8510782174598654,4.582981968732668,5440.031339988482,7.771243901046066,-0.1407135529576047
06925_05,0.2725521355798821,0.5391059291425478,365.5396097075571,0.6993275278612875,0.9068132669109248,0.1935214442181546,0.6524067758431373,0.7510880579817658,5.991147046026269,3.952148359982476,5728.122087474686,9.876495315583965,0.1943374516293375
06925_06,0.1717844525018893,1.267378003701883,326.0029376848629,0.6622737775433922,0.9163964152761556,0.3109648728035198,0.6588479946070334,0.7413186308134081,6.094309093856641,2.807111269686634,5461.401155551128,12.265666434612324,0.3134309258383619
06925_07,0.1648675091626043,1.2458433146428571,336.259376726484,0.7130420308204619,0.9148442687899934,0.3678926397556448,0.7125129094530331,0.7610651548350462,6.151751154973722,3.056983981931902,5063.162308144821,13.106111163195868,0.3674988303727781
06927_01,0.1188179004413872,0.5332962712674308,312.3823718360529,0.5990903422308779,0.90450054469676,0.0512708510769651,0.5537822328347642,0.6701964427367268,5.988897863348641,3.8927741695304414,5628.02845006421,8.793892423162253,0.0505527075648454
06927_02,0.1636026870837238,0.5326608416735973,313.3211426344252,0.6118770747534302,0.909299617868383,-0.0024039924890464,0.5728792639500917,0.6909174182714534,5.973633008232462,3.168734319288104,6131.227997058102,7.992850486431045,-0.0044413229350415
06927_03,0.2019739889823975,0.2405473656388558,343.2396918272448,0.6806119010528673,0.9081756367000892,-0.1319305727136576,0.6236952506907849,0.7402258626308375,6.020798780767833,4.737440604853134,5139.836098745447,10.231339148806564,-0.1324270942153331
06927_04,0.2687936290543703,-0.0644590544156617,343.2432055964836,0.6799097762414107,0.9133817571852036,-0.1962094551856895,0.6113500511214136,0.7513638091405427,5.888515046387997,5.10411641411851,5071.580645161291,11.08080431241718,-0.197613496329074
06927_05,0.20696519261903,-0.1189522720716506,329.3886111449823,0.6736560925661229,0.914947341336299,-0.2601812758777104,0.5939452302033822,0.7174894078380596,5.815082351141584,4.808456413377581,5327.642065649175,12.10595279292825,-0.2619561756527566
06927_06,0.227704094929424,0.0868164144831246,336.6397784875033,0.7534762069315147,0.911792299865446,-0.1994617636698791,0.6928655031739503,0.7824877273497922,5.87550768282582,4.93825000994765,5377.538536335722,10.892580954428816,-0.1999272108123876
06927_07,0.35012781940063,-0.5898083150568711,329.1676125100531,0.6550334683880232,0.9254408483672713,-0.5701850353301646,0.5717588034084464,0.7189131476744138,5.731424740785715,5.789461589533799,5745.524460921185,14.738949152991804,-0.5732224414432665
06927_08,0.1835072990883848,0.3777019464344152,257.98686212142167,0.7000508167092144,0.9176226700743983,-0.2882012385241161,0.6585812664166649,0.7611400096357721,5.919542550176588,3.1329011142843566,5476.076340412892,11.299353728488049,-0.2902853764879411
06929_01,0.2468564877650091,-0.4603131625328568,461.4079667233572,0.7868400784815865,0.910435171294957,-0.3506480576535306,0.7021287538378831,0.8082912205377767,5.865429522426727,8.610754622126565,5308.024077517863,12.242875883931388,-0.3533804341992759
06929_02,0.155619008340906,-0.0501908874986011,464.9883383034072,0.8182742224208067,0.907826309288894,-0.0497819255817786,0.7349088778117939,0.8482524401011595,5.933985252495931,7.395965192324937,5613.565393281442,10.25907391857374,-0.0534496121289929
06929_03,0.1485966274127238,0.023236369552993,402.0848089207665,0.7488124328170158,0.916505417650188,-0.0296909495565888,0.6798606748563573,0.80961589870225,5.935922974896132,6.346485966898511,5436.600730556542,10.721775659619569,-0.0301664405194465
06929_04,0.1697774818009192,-0.1541912060074654,416.3429862242631,0.7200884738612421,0.9186642913885212,-0.2070234167710004,0.6448377506632463,0.7825805514009802,5.914020373006234,6.576227603294478,5222.004810519002,11.104467564381816,-0.2064352938694316
06929_05,0.1510722853413553,-0.0396010211343082,619.3792774910679,0.8055721212829906,0.9048672881313168,-0.0576725185982564,0.7212576175281239,0.8516919591607769,6.182359376492033,9.564817693285375,5618.902485895193,9.991732967654055,-0.0573563191371568
06929_06,0.1158504978114514,-0.1314824428741628,465.5189248345078,0.770902196483056,0.9069016766464136,-0.1003483791284091,0.6901683019362593,0.8263452447172701,6.062991440813739,8.545114829288318,5402.321246689754,10.157377647897707,-0.1001272030655162
06929_07,0.1300394241355005,-0.2122298878409802,436.3179159886086,0.7756308568293223,0.9181944443774798,-0.168988954842015,0.6990852726023369,0.8333910793016597,5.970333951621859,7.138650477126097,5769.303558460421,9.656090033921426,-0.1699312956466814
06931_01,0.2875274386309203,-0.9261875466696882,377.8555720827136,0.7537519093878742,0.927428619074813,-1.0876803018308792,0.693078776641655,0.7976286879446234,6.025600472794648,5.338285871527517,4798.6958542988405,16.597286928165442,-1.0984777981236389
06931_02,0.2663078734897712,-0.1921615384368735,444.65111914887177,0.7795203669436345,0.9141052432104366,-0.5525970734873612,0.7298596930553899,0.8247040306893156,6.100008194730278,5.623954084860758,5057.020117303715,11.508039613803096,-0.5577562437009438
06931_03,0.2304740052500229,-0.3398424123184189,333.0544564552315,0.7062265530699268,0.9179483288313364,-0.5163119415281417,0.6395416534817897,0.7760758773451018,5.982185491547048,4.788081910560907,5421.479353105046,11.887899383571169,-0.5161966861975253
06931_04,0.1322071760310281,-0.0365813872667728,387.30196272472375,0.7862504473866629,0.9237517555592748,-0.4156677110933998,0.7237769514546808,0.857010273637392,6.128982118688757,4.4513093935233785,5477.717979256612,11.576597567226225,-0.4153846291043409
06933_02,0.3723311731849956,-0.6175627846100418,398.1592985756517,0.7568816840314669,0.922802484829248,-0.6400189206477797,0.6737169888870166,0.8096095940830527,5.894230753968578,7.522887601934469,4912.822203402496,9.943969008146484,-0.6427494868790202
06933_03,0.2687752865410602,-0.2031999309758147,375.43512073014665,0.7594974205596567,0.9235411298147268,-0.4594926233088869,0.6898440752195467,0.8108300098591562,5.9253231176259,4.956156321459176,4642.936911514068,10.90641004963711,-0.4659996245578113
06933_04,0.2562335930843145,0.2056763239946765,395.2216848986126,0.8285272623023139,0.9252203587436868,-0.2821057198425035,0.758208708442451,0.8653003139091703,6.0144947600411385,4.0448516208872825,4895.716636821011,14.467042530788504,-0.2821716583654596
06935_01,0.2149179878316418,0.2337038330250482,442.2968251805423,0.7176609328376509,0.92323297824399,-0.0780773628742099,0.6769774824839557,0.7702391605057329,6.029679029588766,5.764465583536222,5854.133104544303,9.36558871632294,-0.0766861723458255
06935_02,0.1998696633870274,-0.1816269539933471,388.8056776935108,0.7625347040201415,0.913743328345858,-0.2378851082189559,0.6922286466978407,0.8063665020430874,6.028409384771662,5.098979673210783,5636.225655211215,8.776940195103807,-0.2418175982515236
06935_03,0.1594766517465936,1.224947695243176,396.69757639620656,0.7002670871464566,0.9216913566501148,0.153831501367769,0.7123018201084204,0.7747641658270085,6.120442788445906,3.4668519562164413,6140.189029918404,11.942347523921365,0.1524796590959641
06935_04,0.1223331597390993,0.4192319166784454,358.27086608481954,0.7685172028205945,0.9194250960100304,-0.003222225316248,0.7157024324000242,0.8369939563418483,6.1015473030368295,4.118792108892731,5319.149112669184,10.5982396337468,-0.0040754674471518
06937_01,0.320923944962982,-0.0411542086368897,455.61199982275,0.8492155246001526,0.9254577750119044,-0.2289684459648794,0.7731829382162959,0.8635459128184821,5.918645262851873,5.309091994006934,4684.296901032989,12.11806125501531,-0.2313834207584519
06937_02,0.2678507272968151,-0.3006194178975244,333.53460279678666,0.8138136505312198,0.9257192852263976,-0.8123651913592463,0.7464063134464718,0.8576786999180545,5.901297520537551,4.769526685519879,4119.458026278654,14.760928842224768,-0.8169430437557309
06937_03,0.2800348217201577,-0.2211826705590475,328.3902022983002,0.8130605617379074,0.932947864975875,-0.7296973936332717,0.7500601608579404,0.8595365921072913,5.887328421590166,5.345001023382531,4623.386483872803,16.92731478728034,-0.732804472498184
06939_01,0.202942762392555,-0.3391587621887286,515.6142906060952,0.798868275649885,0.9210798436146606,-0.2471883014934774,0.7111039717901483,0.84398568009973,6.127681904240193,5.2464126296337765,5423.079089669441,11.814293935831406,-0.2489670378081787
06939_02,0.1906600070195053,0.119957301103011,303.56986918992675,0.8255088065618988,0.918443699262714,-0.3246506945592872,0.7533627680235605,0.8705750048222368,5.930655142191339,4.414365945634071,5647.072623982804,14.084991399427953,-0.326152220403097
06939_03,0.2086657396217003,-0.4585746737218232,501.3911136382097,0.7560471933030852,0.9182748825757336,-0.5190836642825833,0.6668889876909012,0.8075249087611082,6.136516577314898,4.565218102948988,4862.511754975187,15.754227581194163,-0.5227997246543764
06939_04,0.1976937870640869,-0.3454686300449021,351.6309082110018,0.7862454475658014,0.9190797497826332,-0.4789157478445541,0.7098409051673217,0.8282356833202571,5.921403161378318,5.040746292655344,4724.074620448744,10.996996466232565,-0.4809931763038093
06939_05,0.1663047331492377,-0.2654027954895213,466.3266664840133,0.7636198499753499,0.9178321279103752,-0.4182918244467262,0.6896302776407526,0.8151237067454565,6.113958596111568,6.115428936678632,4905.2236787131815,10.814215765641066,-0.4206484945849414
06939_06,0.1475260621644269,-0.1988810324507511,274.89406662724224,0.6948540863852481,0.9059207691468324,-0.4095025791285759,0.6332669787633003,0.7580132285271434,5.921206757387921,4.190412021383467,4653.874042993761,10.820741831306991,-0.4115123913107057
06941_01,0.1691542845215821,0.4456870721949984,262.3285801767124,0.6878473243428801,0.9216901455619,-0.2954180511284714,0.6539710103358167,0.7650438868891475,5.910259767654344,3.2944110055743643,5347.371307591491,10.989867552486968,-0.2961665722514949
06941_02,0.1913005782051948,0.4578926933923088,264.59157833599534,0.6971312256029844,0.9158290561191248,-0.1814738734986318,0.657407866427159,0.7722545668738985,5.815432838928409,3.3144412031496424,5892.708588882101,12.99196714804546,-0.1815724211069364
06941_03,0.1332813660365663,-0.1109734272093423,279.4771250695132,0.7596875897729017,0.9393580694165744,-0.6044498068072482,0.691294263461721,0.8559754466867077,5.835957035552182,4.938390684856702,5754.001985868009,10.04029315861333,-0.6090268620700662
06941_04,0.1738202930117166,0.7806830910517971,328.7334256660713,0.7543941182275912,0.9237427218909052,-0.0491882897967781,0.7184266497889219,0.8214583112161322,6.115124892960006,2.7253411711404025,6098.754014380556,10.589763294438534,-0.0501130791906611
06941_05,0.1560730026376978,0.4993141617698561,254.8468432150831,0.7509290587616272,0.920657651725076,-0.3069780425121157,0.7165595987879179,0.8062369619270613,5.860527624056686,3.3938163821609724,5290.11541137365,9.467621003501684,-0.3081992574553734
06941_06,0.2605574334673942,0.240433817945891,511.9425065298364,0.7655747996804857,0.9294371383232184,-0.3507969389908097,0.7294745680930586,0.829478360762712,6.119043731792559,4.411726204125156,5887.030802550837,13.214596423778175,-0.3521789516638363
06941_07,0.0973151203707812,0.2817847912127152,273.43850768345794,0.7126741454480167,0.9298278452961148,-0.5071486434348954,0.6767723940275039,0.8057141485789205,6.013883786265471,2.432042146702429,5946.286392177539,7.296885201823558,-0.5069287554126806
06943_01,0.1690141637382859,0.3417825631483433,281.7956248836855,0.6846540969344604,0.9207102460597928,-0.1491390415880532,0.6554968717536444,0.7581485139527824,5.973904401182568,3.9336068735157066,6092.252566174295,11.50420454800205,-0.1486588688393255
06943_02,0.1002910076707333,1.393151374624744,249.13288355707016,0.7012922515875368,0.9153401086285312,0.3358348914543173,0.7141845012963901,0.7670544647440909,6.133418497654319,2.611170075415841,4692.608633005304,10.987673524750916,0.3414959265736824
06943_03,0.12728580462872,0.7377042936019699,307.9767524834282,0.7152825298743133,0.9232929939298992,0.0332560848761135,0.686362248617662,0.7966047531327172,6.055093851782551,2.901242370166046,6863.351664318422,9.379566979315312,0.0351817089335042
06943_04,0.1673661059675572,0.2720571697711023,384.5411064580119,0.7676923585927465,0.9189224464362522,-0.0093838860702416,0.7225971211330049,0.8267348400120007,6.050823618537192,6.258439436169497,6772.273157538878,12.463146431020911,-0.0092586487298283
06943_05,0.100861878809145,0.7150987902654931,404.3212188831782,0.759011748915565,0.9242479958101538,0.0380295701916701,0.7337672070582746,0.8309076311445851,6.140984862628519,3.882999557377097,5909.3152353737405,9.938358175114589,0.0378763155541499
06945_01,0.2584929543726212,-0.3719953925711363,302.38070190566526,0.8493396276721907,0.924908006614423,-0.2482938456218199,0.7850631387337323,0.8658121024440375,6.119492171081921,4.748425382960654,5496.365944272446,18.78416798732217,-0.2530701180685963
06947_01,0.3025174838539949,0.325256372715425,411.31808430451673,0.8554576018292247,0.9209671419287532,0.0489033194887306,0.7936689881774951,0.8513372390195116,6.107627758124265,3.909055703549299,5986.647769894169,19.45930035053079,0.048537213841028
06947_02,0.2147646389375163,-0.2298210165494341,362.5825427483952,0.8416958983204841,0.9207185598195644,-0.389028744948893,0.7726110983923815,0.8556411293601083,6.167412296114943,4.505734947169537,5859.912176821551,18.44546023128348,-0.3924604394843025
06947_03,0.290507977982671,-0.1662981531939475,556.4676807799946,0.8559183328882213,0.9173506088792204,-0.3538302078829152,0.7803624279733167,0.8517980153514935,6.030971211170535,5.07387013577439,5908.196273525133,21.97386236437624,-0.3570590482005172
06947_04,0.3992721642633728,-0.1722590672587496,550.2560338586624,0.8672220066925058,0.916344786058014,-0.1080867207586572,0.7905678711074032,0.8497384549610438,5.989829709618776,6.2868272753561225,6685.23217462378,19.927118772915417,-0.109202068526958
06949_01,0.2981527336573248,0.244328930000147,276.718474011872,0.7690305095910462,0.9161798185038492,-0.2288854843001548,0.7363813849838273,0.7991620489396628,6.152786893636718,3.433168522751652,6581.77229813927,7.679075619783658,-0.2346455116111461
06949_02,0.2410858099866861,-0.3035292378147842,293.3831464231558,0.8316337064652252,0.9249605085618234,-0.7022961193538336,0.7789912047064262,0.859613024733194,6.050500052841106,3.314827867474165,7518.378795138738,8.110261870171492,-0.7161655251636091
06949_03,0.2399088718854503,-0.1795075059653225,328.7538154539744,0.8135427633285796,0.914135205334634,-0.4626513285240415,0.7795622635847173,0.8483479841970947,6.227728025444196,2.812867339740151,6892.394159365874,7.463159001316518,-0.4770653137106748
06952_01,0.273825826127593,-0.6453694050625957,393.5353137205719,0.8710130184465804,0.9296062553195682,-0.94450224180745,0.7957969346543289,0.8789825557916976,5.934564586469241,5.067549475480658,3120.498439296862,21.93384824230453,-0.9473464528046388
06952_02,0.341967199731599,-0.8389076058287388,380.43372012889046,0.8305015565601537,0.9172911334894136,-0.9012129383160644,0.7550709321375286,0.8537284104106874,5.847751083591184,5.049322829224876,3165.0302827175583,13.249685178966654,-0.9042323293015933
06952_03,0.2269919529896833,-0.4524344589985785,289.4397316598139,0.78408657344185,0.911784680811181,-0.471531703695283,0.7317761174408525,0.8235097263766081,6.028845043513884,3.816436886392992,2464.7839512656237,13.02634557164428,-0.4767994278749164
06952_04,0.2588170112244718,-0.7099457865724482,252.94238398085764,0.7913392481708847,0.9169012833479434,-0.9065874351255996,0.7397437677614368,0.8109020285582054,5.996981633338485,3.1756313020585063,1300.7950811704093,13.743032834721776,-0.9170011220255764
06952_05,0.2309677729826093,0.0639222972641332,351.3101860552528,0.7971875281101818,0.9186217983870332,-0.388838991647578,0.7364768104051884,0.8363947997653757,6.033669924944207,4.095035824972289,1496.7041335595036,12.007355518372076,-0.3915299199331152
06952_06,0.2294967512781072,-0.3084541294763595,361.4216409257456,0.8015560963904531,0.9217520950446632,-0.4507401052568457,0.7257946657569375,0.8391017759154761,6.04219360435517,3.304998505657068,4752.936148414786,9.063137012761857,-0.4543055993732132
06954_01,0.2202288826310752,0.3921319591930745,292.3815517782513,0.6857427385605576,0.9203934612794504,-0.1312094108215921,0.6444983874666005,0.7452798016338563,5.874016268938012,3.662724585963118,5403.22141449305,12.639065894276635,-0.1303299560476866
06954_02,0.3055011316098905,0.1152033855734356,263.6397917253861,0.6992164832517873,0.919279763919914,-0.398361270671607,0.6517709060136596,0.743774714713956,5.847989293356403,3.675762388378504,5380.056233146137,11.23842474802267,-0.4023230421510564
06954_03,0.1668296446017285,-0.2904055496999891,230.7286616718084,0.7573615671838184,0.9319015083139672,-0.7548835762219774,0.6957379947801555,0.8380151938017817,5.790671935038584,4.082825953059993,5460.865434311922,15.099099234594654,-0.7599134168877476
06954_04,0.1596535385011335,0.7761172618207342,280.8863074188761,0.713863176127507,0.9195639612225776,-0.1708602308034945,0.6884933751533234,0.7921863458520985,5.9821623540646005,2.746993321904567,5947.575991289356,10.400906711512883,-0.1704189455695174
06954_05,0.2590166990024792,0.3796974702952381,324.0487888020112,0.7767379283771619,0.9248008326010632,-0.2428678276793734,0.7350552427330133,0.8325292967731825,5.921847324488389,3.4767572340581383,3810.556967589817,17.522758213245623,-0.2469201428163682
06954_06,0.3214460696977396,0.1155304343551473,451.84918905058015,0.7553777535181139,0.9275287037481575,-0.4227488195139611,0.7095704351843283,0.811814408576586,6.061963269203942,4.653672694657194,5629.685487634158,15.251883199300243,-0.4242515106885455
06954_07,0.2245769071545524,0.7136434286795821,416.0994878361075,0.7787586845821262,0.9245906912024826,-0.2255682086159286,0.7533977873947285,0.8281380800790393,6.186337728553971,3.180883100614406,3350.131330300455,20.905757432307155,-0.2258426468315711
06954_08,0.2190153214774437,0.0265795913602012,345.30460398659375,0.7770241654041551,0.9290301783865385,-0.7373188383367734,0.7307940273452664,0.8361244642668814,6.039030307977174,3.813831375034909,4691.203662349263,13.393257331168646,-0.7437928483971833
06954_09,0.2931536376745704,-0.4116881110316232,240.92068503635667,0.8032856223318737,0.9229624853677874,-0.3951459210707115,0.7588025902877364,0.820287637864267,5.837865525098128,5.097625873379363,1318.6427579824156,17.579598612909162,-0.3958817028192259
06954_10,0.1618482628478688,-0.1546366639040445,270.519567184946,0.7327594592389214,0.9303122058547338,-0.6823744979479652,0.6805575229767586,0.7934999138892709,5.9115321903393685,3.310092682167556,5292.875967106224,11.039194339358115,-0.6841230120757843
06954_11,0.147891400422762,0.6352270609578473,257.4584606597173,0.7712151684773114,0.9170420124552432,-0.2464444646512913,0.7555607683096449,0.827582336195183,6.137185310958638,3.142564234954232,4124.757697456493,10.474260446711307,-0.249753603410809
06954_12,0.1550163214000939,0.571192946668455,302.57243893948,0.7514846490116593,0.9313948064780184,-0.4710592528200136,0.7175054467907273,0.843473966088504,6.050904633025503,2.782744951329821,5375.1101889022975,11.4546934059953,-0.4718249675777751
06956_01,0.1440309366299542,0.4090842505032434,443.0545551111185,0.7863296525289176,0.920400329077124,0.0414670981054453,0.7429341496071142,0.840710268263626,6.102096634130033,5.406718126928893,5881.928235693173,10.93572798098674,0.0427584632995847
06956_02,0.1857936805179167,0.4584017469297674,436.7866526000544,0.756254032516848,0.9231594195661976,-0.1540759855869818,0.7244879581676862,0.821309110812794,6.270317193657205,4.924683691063408,5260.006059323155,9.827233942427249,-0.1553452915035218
06956_03,0.227031029009391,-0.0258630320496756,441.9322713743725,0.7801117990165128,0.9223225524766784,-0.1323291144918836,0.7145636100261881,0.8216791759226985,6.0141682370769525,7.160513194404127,5284.93128670582,12.436527916959369,-0.1334412371229743
06956_04,0.1603202049737784,-0.1087196142963276,361.1734201880272,0.8016781460780981,0.9294954785982942,-0.3680656238609284,0.7264420453956808,0.8670999109729707,5.93469386140114,6.164463377682691,5288.01300119611,16.298383645282282,-0.3692154353650189
06956_05,0.1261676557282186,0.3704641688801654,333.72476272648834,0.7896289788624901,0.9254075582515864,-0.3299643710679612,0.734326170917631,0.853982160285703,6.035579231932925,4.542325091625139,4750.77541799764,12.17579295655216,-0.3300008718355958
06958_01,0.2985420742638736,-0.1868033755682966,377.52371012160006,0.8222647469264084,0.9224453333723556,-0.4119655178370735,0.7421860332361718,0.8652694265366152,5.873954705239158,5.693909925214358,5680.090802108831,14.06680092810151,-0.4140934071158615
06958_02,0.3009236905344461,-0.240418125212327,406.25944103811366,0.8176234087309224,0.9195226968147636,-0.4712666670253696,0.7501005856458343,0.8465390652827164,5.982872064865084,6.253583453808616,6155.297766525002,13.077379032745055,-0.4734022193018883
06958_03,0.2457995035937374,0.1017755045649746,391.5784874483636,0.7611917642029148,0.919221786444237,-0.4426069125815497,0.7278619150635219,0.8045965955630542,5.986447563741253,4.211239036647113,5424.34037692747,15.15043076560262,-0.4453427986621527
06958_04,0.2443846801173328,-0.0137614363807658,401.5025861694267,0.7591602295011538,0.9130314567468022,-0.4218929413924497,0.7257384764044513,0.8035686187245867,6.030117712216209,4.000391648441414,5657.002133540223,12.547322998558572,-0.4259068094861021
06958_05,0.2241425846973999,0.0859152276185501,448.9342720519471,0.8217770456023107,0.9153955029036156,-0.2619153547422901,0.7611967380789865,0.850989624156958,5.992063291825752,5.338646694414963,4490.785501355013,14.71352370992221,-0.259125347314347
06958_06,0.1951429170497381,1.168488080572158,238.5459476965428,0.7356054881136685,0.9081100530181816,0.537989640623101,0.721915460602232,0.7733896661091249,5.947286621835948,2.411200035276209,5856.135126880297,9.782681752149724,0.5426940143751564
06960_01,0.1373352154313349,-0.1561727824644786,395.7499405341118,0.7505093221082103,0.9135606310834364,-0.4546738420958761,0.7033665724422624,0.8158490755418495,6.0845384597467085,4.874521609904692,3211.5131048789244,8.4122009453141,-0.4545826474489725
06960_02,0.2181050077380357,-0.1516275990626887,385.3622281209144,0.7722689971386038,0.9137543314199984,-0.2984702791878556,0.7092129128913263,0.811665937166453,5.956917673804574,6.258632874502036,3294.9028510182206,11.600283963439995,-0.2989650920083232
06960_03,0.2345505790886426,-0.1935347092946999,304.5188655140107,0.7523982547742883,0.9196588792670608,-0.3703064874907852,0.6901893428596745,0.7945487142196,5.924351907135812,5.213276798668652,5338.985299464963,12.434003030905028,-0.3716544478933948
06960_04,0.1830923912572469,-0.3044664274862423,225.81949137111292,0.7914387941178672,0.9201459504347378,-0.7666733013384167,0.7348168265385993,0.8382939378060944,5.865254416838727,4.962116197815912,4071.4388390632794,10.29029328473014,-0.7716472013884429
06960_05,0.2068218660508484,-0.156686608819344,302.9271764972263,0.7767575001961281,0.9156324991453102,-0.426876891441921,0.7066630632907845,0.8307706926580694,5.955842111284669,4.8164447752046735,6102.991170363895,8.75478841989984,-0.4270576416510726
06960_06,0.2722956248647379,-0.2780434619967484,439.59240962305415,0.8076479168831608,0.9201708063347744,-0.5911832245875939,0.734622506661441,0.8453043448035095,5.937313573928996,6.909781472231977,5466.296878537113,13.546851146353443,-0.5939486809759431
06960_07,0.224363329466292,-0.3761707472397784,397.4889210653328,0.7917235413761157,0.9190059205795488,-0.5374308437537307,0.7276370441644506,0.8277920814890048,5.921369987491022,6.951570834158238,4514.946881869373,13.083467604142026,-0.5416885037833379
06960_08,0.2226936192470353,-0.1100326615278243,436.7044017300876,0.8376659626425339,0.9222160197478576,-0.5365123358688224,0.769998435282169,0.8692152109924377,5.953370251004412,5.41176835498019,4724.093946222022,16.326344825438603,-0.5393153287607322
06960_09,0.2848725241335291,-0.4959325628348386,439.737250293772,0.8496148451667938,0.9283923153222932,-0.7124862278209296,0.7787540353019461,0.8783920253829715,5.973791790606816,5.700382441933847,3553.81077467558,16.236933172599397,-0.7144703730696924
06960_10,0.2188146876417602,-0.1679360828034772,433.75872398996034,0.8447621744272416,0.9231786334647116,-0.4472044499562708,0.7749389158058744,0.8824977750997457,6.061378053322799,5.5077355716774345,5329.79478983061,14.431711811920415,-0.4488434556456119
06962_01,0.0675118554236285,1.8438249605620465,402.6091897339137,0.7190360899334699,0.9120826056092378,0.8111439674379084,0.7369507410421274,0.7972715626327452,6.1984850567631575,2.445929816832765,6142.197534739064,14.666490933676696,0.8146552019014034
06962_02,0.108841389600188,0.5420745359268818,320.24426942517925,0.7456390060331288,0.9023987381281942,0.312937215556872,0.6952731291872625,0.7985474578544484,6.061372932773399,5.070601574069315,6008.316915134594,9.95567127807028,0.3150602737288158
06962_03,0.1047331442301428,1.2147072170111222,292.97485461876687,0.6932771646797802,0.9009992505005584,0.6559444433366504,0.6634173572047809,0.7385659635331139,5.903788982515669,2.8479747219787086,6600.387147609876,8.13045720120264,0.6623419948481734
06962_04,0.064142376149097,0.8229405161635057,372.4370582446095,0.7594538413792293,0.9110008051019668,0.152854691715508,0.7388983812468526,0.8215483771560935,6.260244835133081,3.744997639229592,2343.6210257600374,14.394168939189653,0.1541060688541292
06962_05,0.0692290850994654,1.9635901424960165,305.6807353326158,0.7179191889920965,0.9058631902931074,1.1343693456583213,0.7278384400521473,0.7831107457752234,6.233146330524712,2.737428508805416,4783.417395051089,13.728322026320107,1.1382095071500342
06964_02,0.1346434307825759,0.6974976701627754,286.7420431782773,0.6238961301400876,0.9061503413079156,0.3318860970875633,0.5795618620979452,0.6955255764131067,5.804464650724589,2.240515248135294,6233.747353415438,6.517403231895363,0.3323874720897276
06964_03,0.150876136451684,0.3694920729890343,270.546111119612,0.5927398512519468,0.9031914227531284,0.021390448143754,0.5321731926585589,0.6589457836500849,5.799602757222495,3.0630434384763823,6121.072445019405,8.597382318421593,0.024258315766704
06964_04,0.1219527644833316,1.0496256133829345,359.5486145736876,0.6695186390911894,0.9086619207316108,0.3819076419286711,0.6536142666659721,0.731227611645856,6.141316697848026,2.963454998337935,5847.293170224825,7.580984796033777,0.3835891575794146
06964_05,0.2066255544695111,0.2775303154894856,305.412616864303,0.6283498064858255,0.8982780595614939,0.0936658009800595,0.5642048423047135,0.6565827380414279,5.825525284119981,3.454501797843656,7184.406200438853,10.883795492483175,0.0950564051173566
06964_06,0.1032517013144241,1.452315136093604,233.39014760644264,0.7177833006519898,0.912098644619699,0.5128233735865192,0.7063569309880774,0.7747837409877922,5.98316075225708,2.656234709163771,5970.994058757485,9.715587318103116,0.5177949951689353
06964_07,0.0709060788545611,1.6207683278667846,363.1526623900165,0.7818369207316508,0.9176586302466172,0.5724327150234694,0.7737944204732149,0.8362182390537145,6.232455446244134,2.870834655739229,3389.546453596814,16.923340310786603,0.5738014180914325
06964_08,0.1078814464348638,1.188072883861375,346.79352985261056,0.7545001684278909,0.9065943532369952,0.4692374981934424,0.7389120972398078,0.7969587002372647,6.214966493527861,3.155135101772802,5925.94006936652,11.194610140580473,0.4704248300984857
06966_01,0.2016871144747604,0.3255478266968671,269.57199961930144,0.737542959318637,0.9036924506549484,-0.0514748224855206,0.6879595694040892,0.7802879400049547,5.999948938215815,3.778702744782784,6775.053880749878,12.69945473048002,-0.0517631557775593
06966_02,0.1928990417157044,0.3421672854190115,322.6458870851429,0.7183191151849816,0.9080847277511608,-0.0425983701287071,0.6726177093516498,0.770779737888215,6.071383750984939,3.641101063256012,6297.526363592906,11.014496476352072,-0.0421828529887858
06966_03,0.1850670762028256,0.871219437508566,362.216134965685,0.749203261738826,0.9132036274159122,0.0459348591249821,0.7366460731696699,0.7913472085527583,6.230832040422375,2.834699167802756,5623.113256049633,10.757858556429522,0.0452218159336812
06966_04,0.1830069055133614,0.6994852539008907,403.00244049978096,0.7690485128761486,0.91241524189059,0.0523882025649685,0.740770029789107,0.8064661959892343,6.215007656665674,3.397893493876385,4996.90941549093,10.005634282976173,0.0512068364071732
06968_01,0.1759041201569467,0.9214742523479856,389.1139853884002,0.727445755135283,0.9121139383823896,0.1842160875896008,0.7106993695441907,0.7730588181402734,6.080719328679651,3.091558448846876,6887.263357462944,12.782778364422905,0.1875422191374413
06968_02,0.1335901916341343,0.9486334377117644,317.20285130132066,0.6911897533555634,0.9148749023247288,0.1498526772197463,0.6712297636465323,0.7723106739697998,6.067395359269017,2.4374184213453347,6159.304645744826,8.888718610763657,0.1487095641514532
06968_03,0.1078602818921726,1.5947752868377132,353.0141982069693,0.7104654235730704,0.913390495374132,0.2727814113729527,0.7233451043521628,0.7954734593789342,6.184475489543175,2.15636293908864,6754.35629015187,15.302481254441243,0.2711116732135648
06968_04,0.1741694255771214,0.6500981089468829,291.31017487495893,0.6931978167577865,0.9062879554314492,-0.1231807117504009,0.6646006452323833,0.7509470396230483,6.070841983217092,3.1069420135230885,5523.864093176401,13.500965228426915,-0.1260106530588359
06968_05,0.1328762533008733,0.8596016754543873,320.1425086797828,0.7240635773548502,0.9077014473365078,0.1613605884182779,0.6905082457420948,0.7762713880509768,6.122566417385408,2.71508760147052,5594.897356762407,10.708170705194815,0.1656445205090426
06968_06,0.1185892729517928,1.3830524724687738,336.6890325416155,0.7103092626730723,0.909026241931552,0.3180174312324455,0.7009684840802114,0.7815526115795919,6.078402390400022,2.094419959090734,6608.043439016135,14.010731948651546,0.3202253389260749
06970_01,0.1853499286998632,0.7635170631400895,359.34202749809776,0.7705485376989771,0.9172058529888328,0.2378335732173726,0.7328088396366879,0.805606369710611,6.020226590046219,3.584523491439205,5971.944682191709,14.167747825843314,0.2382481963941726
06970_02,0.1284782483969952,-1.2898174706476968,289.59844533432044,0.6722155444141829,0.9000359530261883,-0.5392541309557588,0.6436111915263568,0.637388445635405,5.858636254154868,3.0379309424534693,6523.9630578400975,5.918430365125226,-0.5443494733424086
06972_01,0.0549611287885806,2.799517892490078,253.0388553794361,0.6399850082800497,0.9015593938454584,1.3428511015719768,0.6892026813294214,0.7341130102706351,6.038483165017697,1.4303942528864877,6935.978603886466,13.884179911778457,1.3541515146616083
06972_02,0.1065597951550047,2.3432514793617583,569.6140472728061,0.6959329107272693,0.90767780420353,1.3242186411079315,0.7373199834354708,0.745952662326207,6.099836963282997,1.9368740638878936,6603.5612454486045,10.562314462057651,1.3332301223569067
06972_03,0.0961625676439486,1.6744851808227317,265.4398122275623,0.6947897102416014,0.9106290199649872,0.572344745120789,0.706681032511261,0.7673527646985727,6.052980496725231,2.576784898979338,5814.532761394102,12.293563140721698,0.575057679719139
06974_01,0.0517127884262741,1.958627394535544,316.85383993867697,0.6782053663328632,0.9023646724759156,1.0619361697050849,0.6755879696953778,0.7708005376153363,5.999349059302388,2.4680466005533725,7216.935737126475,8.001621854388398,1.0703622329984173
06974_02,0.0391232427427132,2.4124477549449206,381.6613436454346,0.664972898140158,0.9060020201877724,1.1952311018431487,0.7082378099921558,0.7589075653173121,6.158631672817369,1.7856678661463494,6645.937106601541,11.473326601954597,1.192039719685002
06974_03,0.0604357474810402,-0.3556152704660372,323.9587864911276,0.6692460406341203,0.9043998229497828,-0.5193462744487124,0.6017277561069265,0.7486762988761064,6.018922858621925,3.607723004011171,5566.497454212013,6.197734246720491,-0.519168111355525
06974_04,0.0700962371797108,2.189632326370345,243.68995889606575,0.6269490349632684,0.8940705158101466,1.158300194690473,0.6397281510151698,0.7024196251917816,6.058876053504605,1.9990408487639584,6611.455866795455,7.438508055624903,1.169299432218082
06974_05,0.1236786848719228,-0.037500726009717,308.6593359911117,0.6611971753856161,0.902505664254552,-0.056571240421319,0.5851085948597216,0.7290650335929755,5.816646797807674,3.2885372826847523,6269.1915168200985,4.76387060220724,-0.0573864363148218
06974_06,0.0449883815908103,2.6160858282447985,312.7738632465099,0.6220414306697551,0.8999968345229243,1.4741100955862283,0.659308101597258,0.6948243222047616,6.16600848004733,1.7092544922013713,5095.678183354211,7.533535291967685,1.4818433840616525
06974_07,0.043083594970999,2.6051825177855186,303.9020454834201,0.6047373525872073,0.903595741557506,1.372464112021148,0.6524342251549395,0.6944992088968421,6.063344287759434,1.58843608848894,6127.03994987084,8.737777651494305,1.381111850962873
06976_01,0.1036775168464853,1.0831324928582768,322.24185527250586,0.6226877422794266,0.904859503593222,0.4922591246075751,0.6001044954776992,0.6958257499679203,5.918153280414242,2.745400817776847,6124.768122644346,7.924247381101619,0.4960074512661894
06976_02,0.1765335929345479,0.4074404609814355,395.6783054187192,0.6820051432136109,0.9125477163530328,0.1218896635134495,0.6278012283928198,0.768645660474938,6.06789112952883,4.10767013736051,6353.793574003925,8.52565005074759,0.1230136990110106
06976_03,0.2576983809132547,-0.4522825611225159,399.5362952122099,0.6834402372203069,0.9118112249965628,-0.2277177909421374,0.5946969085701725,0.7336753232038599,5.718946997967652,4.291927604702814,7038.353918565255,10.9799831482759,-0.2290671627502643
06976_04,0.0807405612341626,1.9050478782588631,274.9956920604451,0.6464446817994991,0.9048582328552928,0.608132404711939,0.6708608494061526,0.7196448530459157,6.106111551835001,1.9907281891410291,6921.702473655019,8.076141566127657,0.6115161970637032
06976_05,0.1103254068673623,1.2017360710867344,280.6044964280712,0.6258273602127917,0.8987626018952823,0.470635915387521,0.6034041889767368,0.691559199794209,6.036810996407299,3.1241231945363834,6609.809770572172,8.646776490122448,0.4742489461745106
06976_06,0.0888756451722444,1.655628062056219,301.4280973893576,0.6257690185035386,0.9110895495813136,0.34071800482076,0.6316483850951611,0.7286630732738943,5.938535848552961,2.140940651784548,5966.576992850283,10.588153993740807,0.3434543825231477
06976_07,0.0944061782322141,1.3195851900295987,267.023656536022,0.6729385623782422,0.9068626302429668,0.3104999139950758,0.6669874262060669,0.7508184832695249,6.126325117273999,2.5889971989729266,6608.556518170626,10.40884052660126,0.3132544550668202
06978_01,0.1705839785370642,0.4467627403783888,257.2321388155413,0.6461801101443085,0.9004432815136176,-0.1896750931233137,0.6081388179415073,0.6960689647602711,6.041723267987554,3.350553028618389,3963.2529081990183,10.932826504492844,-0.1944984321164972
06978_02,0.1671999952394517,0.3136299256461548,262.7858796843249,0.6429809976454827,0.9027150075711388,-0.3280029025517697,0.6073335832353555,0.7033157200027078,6.085224519660554,3.324905146615719,5105.0473351721685,15.238769440677595,-0.3327123531710684
06978_03,0.1407597152752829,0.6525038268700223,280.904676598152,0.6261412460950835,0.90125665654089,-0.2553689946272192,0.5937403019717431,0.6961090878673912,6.103414797501752,2.784310088828,4858.073017550039,12.448179569493623,-0.2556066953854144
06978_04,0.1236363245573815,1.017563781909124,408.5822641896746,0.606619845145759,0.9005486243968063,0.0595357703150945,0.593968782258241,0.6626121433374931,6.083278398599914,2.320624052896465,5928.327284450995,7.472626444625128,0.0624338876925391
06978_05,0.1507738308278343,1.1019304013300948,317.7219896231896,0.6250369110108616,0.9038250769589308,0.1903168725972079,0.6120005290010541,0.702726125588955,6.122893696701,2.884798382282796,5948.308633457523,8.232676833700044,0.1909204855704567
06978_06,0.1561081028660904,0.8691708236831953,348.28168551323824,0.6603537339938486,0.910337154027188,-0.3411331407140964,0.6387930001331994,0.7101148935039745,6.09692611870326,2.7783646323855686,3270.794469555969,16.166898503607293,-0.3448533264566602
06978_07,0.1338920556621478,0.8176035700764563,312.5631354753088,0.67465608869022,0.9084943703849166,-0.1895678376884057,0.6625293062871693,0.7402950620369347,6.078344501330919,2.9401650332330287,3734.997424708492,10.508934390181915,-0.1967978914426166
06978_08,0.1098928527346339,0.8866736527682684,264.76998875983514,0.6547835621087212,0.9019734976586296,-0.1897273438913067,0.6397042461376388,0.7226028652221586,6.11451795632731,2.507822846425233,5527.177615510513,13.60539303506262,-0.19045592619825
06978_09,0.1295535284427174,0.2557264627379129,333.50224797682085,0.7699416612214974,0.9144257166550408,-0.5108140957137223,0.7568068101200299,0.8258678513291876,6.20448869936304,3.4584189124829106,3431.407845330351,12.150202609860264,-0.5095153768836567
06978_10,0.1298675625424896,0.6049367480631236,350.65747996037106,0.7548921183168782,0.9140757999442802,-0.2389645343660264,0.7381478976002824,0.8188219247608338,6.27802982669939,3.785814415444997,5295.758582502768,9.705990667968065,-0.2402924907383458
06978_11,0.148696484436457,0.8322861363940247,450.9298354603383,0.7546580540452655,0.9122767989659296,-0.2584438327089129,0.7443047337140877,0.8107747551713956,6.340802296022554,2.978524546056577,5918.140978007523,8.964402669702784,-0.2626560088525037
06978_12,0.1299463652251599,0.5586871484184533,301.8427436980912,0.7073133133317772,0.9062658436997796,-0.5336648319407019,0.6896619397106766,0.763206994299411,6.083779815326516,3.372742347583342,4836.400363772536,12.292746081857397,-0.534972787013133
06980_01,0.107651276559022,0.3521423603326877,493.828390520974,0.751287825266491,0.9079415889357212,0.0524482692795762,0.7043335519034066,0.8264957096533443,6.189174621769876,4.955081639653479,6212.39582454137,9.399291523617569,0.0497320177093145
06980_02,0.0945121023888438,0.2376924806666007,309.8009862762338,0.7299502773415848,0.9061574084214168,-0.0637795180481874,0.671491409805263,0.8036511325100542,6.138359645621534,4.798602010959104,5357.605303277796,11.864365384079218,-0.0640306889595897
06980_03,0.1078083318546628,0.3453649445941695,362.3719053791316,0.7408367093046506,0.9054417477373636,0.1490202615563269,0.6790347827485351,0.8126714263084563,6.1414327423634045,4.991985312825223,5855.022891327993,8.36361046866916,0.1502934962222464
06980_04,0.1194331142620479,0.2710784478823193,328.64908010002154,0.7473200983898957,0.8929427377103246,0.1819834152870373,0.691396805761716,0.802919630506642,6.171481997536334,4.537062756452031,6792.947387226441,7.791189425956836,0.1838852219535091
06980_05,0.0923165417024312,0.5691241880284137,315.27705841652664,0.7156407686091788,0.9038153824920732,0.150717122470855,0.6723546117442715,0.7883751399461523,6.114746321681488,3.764549048689521,6659.166796713636,10.326110685536175,0.1512515523388564
06980_06,0.1192711519924683,0.0661552655025315,393.11874828596586,0.7493801280665384,0.907527736288694,-0.035825883583789,0.6823084798797693,0.8214081627513594,6.144314060323778,6.164143265633027,6640.345450470641,9.578041946907211,-0.0350629300642678
06980_07,0.0990763523405719,0.6180911981644666,296.15460024689565,0.7396898455810789,0.8974739876349467,0.4446454236730326,0.6946759344894837,0.8008006862224972,6.152026131209409,3.911395390604442,7256.361014843393,8.172695257693803,0.4427440493529864
06980_08,0.1102880133294527,0.4441288435432882,381.119312946576,0.7412329526377448,0.9006070046308169,0.1502043997794549,0.6959433689627877,0.8041235722493466,6.206653225925588,4.809838402046321,6963.625683120075,6.805400317422049,0.1535154508368182
06980_09,0.0731802317540564,1.0124517481615487,329.233625636029,0.7411377448970851,0.902451680684869,0.5053115252093081,0.7058493447119434,0.8279926397116356,6.19217245676588,3.573776592771192,6688.071030191289,10.655216539101788,0.5100278453012875
06982_01,0.0949030095783077,0.930869138663435,323.8257406398527,0.6257646580396474,0.9039014005155214,0.2476652889411335,0.5969021485419528,0.7002249543183157,6.180669636466589,3.1500549360308367,5924.664720430382,6.993901169649588,0.2504947682544826
06982_02,0.129812213187028,0.3401376958752427,254.65580213084317,0.5623050574344975,0.8919509297683841,0.0641491470231846,0.4898492381373314,0.6289483929144779,5.879732259684936,4.466167085406759,4685.668816127215,7.68316994513896,0.0644582082571938
06982_03,0.1023174927077603,0.5785094873957924,257.31389904772,0.6133542577537882,0.8970677631699812,0.0505898694353058,0.5659311283079352,0.6825796080415188,6.063037636634242,3.632956278833129,6341.137657272854,7.563585895250426,0.0470915915496395
06982_04,0.0538490598738587,3.5684981505070943,250.16805598148815,0.5477970750048203,0.8890037212339205,1.873617682706768,0.6114669505209457,0.6253854894743445,5.962298364213528,0.9785118539409364,7068.379457134707,8.831207626478783,1.891095699188794
06982_05,0.1358297910563143,0.0691759682180675,287.3563451079964,0.5462828931968633,0.8965271307508896,0.0195469142153531,0.475996913954572,0.618367252439594,5.868962229339099,3.3307463865906874,6883.610479496186,6.559413817357745,0.0165154623627766
06982_06,0.1169264305562658,0.6896430987345692,348.8449719969907,0.6349441792422627,0.9018721904675866,0.3095008682653083,0.5989671985236025,0.7096004968697924,6.155779548173944,3.7081900742900302,6514.784746802587,6.339317255940964,0.3119063351262583
06982_07,0.0972847467943775,0.5672981381083692,336.7205167384359,0.6158341529000971,0.9040912113772112,0.0842682964194264,0.5699488364274717,0.7186831324945088,6.063439560531576,3.22442570580998,6164.460736457988,9.814058640517615,0.0872981102663348
06982_08,0.0938846243715465,0.7915195177480553,326.55796659758624,0.5959005739500969,0.9050827801886252,0.1853674938851768,0.5560595965069862,0.6911182962388311,6.124572661855378,3.3020940734304056,5419.855604584686,9.264759039923913,0.1880372710676711
06982_09,0.0856163016674106,1.0342868137607288,348.7210555453036,0.6573960848177299,0.902891607158804,0.3442137814400925,0.6451925399880788,0.7321857182141147,6.1735168200510095,3.0065113582762875,5561.633206508541,7.626546746430082,0.3456989474126598
06982_10,0.123623722284197,0.4346375905862599,282.5977353607247,0.6074800212730006,0.8960469275909005,0.103235551457483,0.5566740344776675,0.6837813851133147,6.025727536258655,3.379696730631309,6718.557905037441,6.846779786650338,0.1015387115738949
06984_01,0.1684945237421628,0.1565041381810669,332.12423690350624,0.741246624599385,0.90725273946325,0.0313976110499104,0.6757504180585114,0.7973607860004248,6.034368069842909,4.222293664105395,6180.442299182523,7.778474691664907,0.0337676537138118
06984_02,0.1126030868186562,0.3414580398497171,313.4965027646474,0.7588102310555648,0.9063751310823468,0.0461588892719024,0.7056492777898347,0.8192690087554261,6.099947812878911,3.75614463253502,6382.907497521853,8.664264714019584,0.0404635779546673
06984_03,0.0895603162507649,0.3866146751111368,397.15086321926384,0.7421687826545151,0.9020737922038222,0.0786832672557167,0.7006241272037187,0.803762791479948,6.267185599734884,4.785983940670436,4804.94283627066,8.066791465165158,0.0747299034051749
06984_04,0.1438753163719378,0.0962970119519228,358.2706597890523,0.7481344056607951,0.9123279018234552,-0.0854089264083937,0.6811454594606795,0.8153176134161499,6.037619974680525,4.859756954538392,5652.870115711489,8.864270849519496,-0.0831944774811265
06984_05,0.0805271811977985,0.6315840576933303,329.2029879953336,0.7491501531288148,0.904472515443294,0.202117958386198,0.7087884839780213,0.818324093893004,6.18166369121426,4.626813062525626,5290.296961645102,10.390595397047347,0.202742639653629
06986_01,0.1228534666003261,0.4536595174014416,281.9026939612669,0.6471753224475445,0.90825545339902,-0.0807416445850006,0.5996568339160868,0.7141582021674308,5.98837295214169,2.7986432565080794,4963.36599309447,9.539172419846338,-0.0796534556773254
06986_02,0.1164994945351816,0.9289886829441686,333.22080040498355,0.701797972558768,0.9071722874297148,0.2063037379427192,0.671319724064418,0.7599377983711652,6.171690520653095,3.60838223526078,3166.5597634221263,12.30177241109688,0.2071874110390238
06986_03,0.1111328946758857,0.6394522971076966,305.3398916967509,0.6875882447845802,0.9058097083399372,0.0522552515099925,0.6524253365282158,0.7489380404577801,6.0692024427280975,3.427147744157613,4505.7855098714,12.593667913948128,0.0520320582514736
06986_04,0.1090770154775785,0.5809396760634515,373.5020192931428,0.7406804862192397,0.9076114926692868,0.0454229015175542,0.7140889229935363,0.7979015968118784,6.240027492999886,3.551993256101454,4676.700956557664,11.683563733131338,0.0439243047400296
06986_05,0.1221832381371816,0.4441950610752825,341.8735255348633,0.7509240176164783,0.909292680046204,-0.0072678642977269,0.7190558944748782,0.812344519309999,6.213082137635722,4.019675822639128,2838.6153055149643,15.36524169033086,-0.0137065625654363
06986_06,0.1316403154152753,0.2482386415598945,296.5274901212699,0.6539038825269085,0.904130413097924,-0.0471796988896254,0.6050175112233473,0.7152381106712499,6.047496919371885,3.669691841533352,5856.789547074317,9.210033298191943,-0.0474544044344425
06986_07,0.0809832586247035,0.7489638204791872,462.2634231865001,0.7717416832557009,0.9130295319438496,0.1012554948661687,0.7428069371041885,0.8337121288861394,6.228875466763173,4.240513623073262,2904.466409949524,9.470662010499437,0.1004890250610535
06986_08,0.107852625983518,0.4829162125389651,359.7938722946219,0.7648176656875566,0.9088437692843004,-0.027355964346737,0.7318664345495643,0.8091882810025617,6.114565179865055,4.258677861540521,2359.2152100465355,8.65731568296339,-0.0332013886326316
06986_09,0.1535179165758819,-0.3172888914136967,261.2812531446013,0.7580171184758321,0.909054113810523,-0.4398359659414631,0.7180809492316862,0.7920971688237662,6.09469812866059,5.275637161602793,2529.439393939394,10.715757141492976,-0.439236160765965
06986_10,0.1296121347857371,0.7737715861972845,319.896944533163,0.7521723365489775,0.9117678693637616,0.1050179670362994,0.7234619245372386,0.8090422386608098,6.160989965086219,3.641557853387919,3646.070533893721,12.817661434853658,0.1065320055325398
06986_11,0.0774913779770902,1.185086722937183,391.8701084224887,0.7693423060144361,0.9124614496552444,0.2416987944043836,0.7570222864873273,0.8384625370849054,6.239391033687769,3.340638606222099,2833.4901747350327,14.320580516553475,0.2334653896910939
06986_12,0.0884290575037682,1.3748219143907991,360.55893980457,0.7614169006571666,0.9146104775549648,0.4208090556878246,0.752879758630292,0.8352787513811841,6.234357640940566,3.039356843611818,4403.028901522098,13.225178397494464,0.4219076865880154
06986_13,0.1146349131419565,0.9810376389931468,328.73625080877594,0.7024150635163142,0.9073218566622212,0.1289820346495561,0.6902770047667338,0.7642909184926446,6.116664359604018,2.898953786127454,3278.801394482699,11.977773243543696,0.1340850105870136
06986_14,0.067138173989984,1.076735639899818,526.3248580706444,0.7111709456626146,0.9069170736730432,0.3750987793536779,0.699670763962132,0.7903965507094902,6.2742596502769095,3.4324852402173565,4884.99444246987,10.39503735076936,0.3779077064855509
06988_01,0.1094896963229398,0.9497246464977946,414.0420177558904,0.784695119670991,0.914014920267943,0.1909455969219285,0.7572939271568768,0.8339757379659771,6.298627644177524,3.906501201456721,5083.3130530259,12.877425750550827,0.1947258671575067
06988_02,0.1359594774119057,1.078850556705914,506.262864485893,0.7497582764100698,0.9135140132766192,0.3032311830143879,0.7349686249392304,0.8026144683011747,6.196876143245719,3.5911610578827755,5921.578166346702,12.155411734162934,0.3045780341549591
06988_03,0.088736751169885,0.9189240092568434,328.05916538562485,0.7500284972535635,0.913629963997565,0.0421621769738958,0.7262117036741784,0.8249025079597445,6.202249305958273,3.4597161815321087,5741.292623234285,10.757956557905962,0.0390175040664021
06990_01,0.0683079309852176,0.4629152257900409,381.6636810076191,0.7734109271635226,0.9070584092710576,0.2199188140725931,0.7085235391237942,0.8410817890961317,6.113340950748285,5.149821800020817,6273.058438242412,7.866505654428661,0.2224091202980111
06990_02,0.0510206798970136,1.1327187173031004,245.31213601981392,0.6428106478953655,0.9013864474624028,0.1083610681408021,0.6396524319699508,0.7326223345838135,6.13246306625862,2.1127058968648917,6857.766897746968,4.972373395858886,0.1116256910095534
06990_03,0.0871119510155657,-0.1063827925242553,263.83328133774256,0.6332915670036661,0.9005562336015062,-0.9536240600985476,0.5967775300481305,0.711030287949962,6.142926264186899,2.915834591435334,6095.266793733439,4.54717512823528,-0.9692732378700074
06990_04,0.0796170288991229,0.2006740216594847,299.40412066178243,0.6118278482740461,0.9001939754002208,0.1764538525166627,0.5686539402483259,0.6824200771479745,6.070231506724141,3.7056333684351994,6119.822756307155,6.398140361359111,0.1779267631167093
06990_05,0.0693207991165028,0.2915145485214763,341.2639065503475,0.7236218093115752,0.9092439343708691,0.085163053788802,0.6670774052563455,0.8082471209775351,6.167224336506664,4.830672540931428,5893.697662694775,5.735385106385136,0.091001619705978
06990_06,0.0600533721181184,0.2134080633956041,308.1685663417947,0.6464783929178582,0.902081041640469,-0.2133603264162132,0.6045143564444809,0.7542249752817799,6.119325980844852,3.0968341307385443,6347.686205395997,7.345331119758219,-0.2169831224645176
06990_07,0.0800146605010963,0.4332344212556003,334.7274593957755,0.60327672157882,0.8962578200268719,0.3233574193657289,0.5470503002973023,0.7106508030291632,6.111641078736949,3.9702261607415794,6460.021786541359,7.739592442922539,0.3257479623742198
06992_01,0.1195055539087786,-0.1778615213408287,337.76627760252364,0.7188808913898597,0.907591499107396,-0.2235754477810962,0.6682192163294911,0.7664981228226537,6.1162134500549215,3.017466691654291,6383.8704136507,4.7079128639125765,-0.2249618625959036
06992_02,0.1432377500095723,-0.0005985426383034,315.91787959626214,0.7175660572722594,0.9050833835621638,-0.2832550760827851,0.6589812992418753,0.7511551100425832,6.03746714263003,3.1338514728603557,6468.279245859428,5.456323649300614,-0.2864624367346985
06992_03,0.0912286556959501,0.7166292549209705,373.38536949224783,0.7656607162831047,0.9099593212220864,0.1601446679012931,0.7299208751507525,0.8141888153323188,6.115498790842284,4.533770524153471,3359.2303775578825,11.800515218570183,0.1611028353896885
06994_01,0.1545333799034854,0.1102640416536044,263.605343358213,0.7568621333324718,0.9106493028911632,-0.2363390316093097,0.7044414302399811,0.8160467979307384,6.082625396212928,4.164739723959096,6505.117915504644,11.198120563270162,-0.2385038896123602
06994_02,0.1255082702937011,0.1384675043292013,326.77042405955854,0.7984770122502349,0.9130343324522298,-0.2904835439718614,0.7372594103409998,0.849536432624549,6.055316030198944,5.486580864965672,5036.60321669453,11.106198235259765,-0.2879042110447447
06994_03,0.1216915712899545,0.3462837560357704,413.9178492324143,0.7482547592794028,0.9080583953850936,-0.1403856235574729,0.7049182767136052,0.8195526438871993,6.186507036823774,4.455509614769026,6374.851090283091,9.325375010011827,-0.1437892768581338
06994_04,0.1541902233894597,0.1479388517689856,349.9242434979803,0.7643509511344924,0.911503516336336,-0.0857331085889659,0.7212730098766128,0.8056458870631206,6.144146626372668,5.265868810776066,2289.3928225650293,11.215983353626209,-0.086202533462861
06994_05,0.0963512488626288,0.1281729457710368,394.0022123232384,0.7801575455196816,0.911974965563096,-0.1260695899437938,0.7403995523746569,0.82669731679733,6.161797868000546,5.246740181106071,2862.7492232345044,11.06354122253202,-0.1297693515490989
06996_01,0.0982714370375034,0.3396975464246418,361.0882908857921,0.7908258853474338,0.9150580625060344,-0.0265200934699585,0.7387795279388895,0.854693638726325,6.134543097021083,5.001120005597768,6010.189139607412,9.95616391277123,-0.0260692576553963
06996_02,0.1361637207090937,0.0896453924812192,366.6366455338648,0.7709087649478084,0.9113135410515424,-0.1297717009901808,0.7032723017361888,0.8317822477966127,6.036015736615072,5.489215216002108,5976.067876344087,10.27754612014899,-0.1332307791905758
06998_01,0.0720847690572935,0.8121445356858051,362.9963337406955,0.756768284873815,0.9108395522801678,0.1032347667210125,0.7302507542824269,0.8345725523434162,6.260226684256868,3.490308407963108,5736.6749524011,10.22742200596104,0.1046482851420349
06998_02,0.1073991357886988,0.1261985265775927,357.37339904475067,0.7378609294980362,0.9101403795720208,-0.1726159486447346,0.6841950496611766,0.8052064371347074,6.104457374046686,5.330795246754194,5036.219434741188,7.88815839133766,-0.1682081263913005
06998_03,0.2211856247373618,-0.3629086434488122,378.81689067026815,0.7831032939222199,0.9134357215242184,-0.2462949419326754,0.7008105900562587,0.8164593087034546,5.958346902484646,6.007333880837952,6207.550328865207,9.68047899940745,-0.2489858572099422
06998_04,0.139316067229861,0.0918310973424542,334.2361003550711,0.7343244993903978,0.9103695621374484,-0.17312990921273,0.6709839746744928,0.7897605138064874,6.055918881334331,5.29499419435058,6177.639554142978,9.583651042601415,-0.1706920173660937
06998_05,0.1993224768175212,-0.1850979844070736,382.5671397077559,0.7052392275986766,0.9112004808916768,-0.1775557837666731,0.6333022748455596,0.7644920119031638,5.929352789381764,6.269228005160878,6159.053349793876,8.48078399464349,-0.1804612190453165
07000_01,0.1369983660784887,0.2359526262955651,330.92081659012626,0.749436010011225,0.90675909807138,0.082542783976329,0.6843945047679012,0.8115776393525629,6.093346743038121,4.357054109264208,7313.637805545038,9.506061584032247,0.082716576916276
07000_02,0.1629166498691734,0.1923946375208144,344.7347670250896,0.75617967021661,0.9100476613739084,-0.0429532737460599,0.6990895514034169,0.8081283839696853,6.179924742613758,4.908949844756384,5699.613011434588,8.546297636593783,-0.0424010397841208
07000_03,0.1301060266264658,0.1497680802325167,335.7119063023607,0.7612259225662087,0.9137101949694812,-0.2046959652587448,0.6963082340983264,0.828314561055313,6.06612141584963,4.067627304031257,6405.742479023126,9.197023563745931,-0.2070860831897449
07000_04,0.1111795848091921,0.0835387472562445,308.7653603405255,0.744901936801272,0.9009809410259948,-0.0506210719416496,0.6839662644371958,0.8044236734265422,6.074661185516701,4.285210722362532,6189.942096250901,6.890070205730989,-0.0503011787588165
07000_05,0.1417328340734542,-0.0853148698482155,356.2171884299488,0.6608808943865014,0.8969858550547268,-0.19825936426825,0.5815006432858818,0.7206413057207132,5.959224037252693,6.420611640712675,6361.72032622043,11.276018841433592,-0.1965898529688408
07002_01,0.0620150173593216,0.560557078133044,405.6178663713548,0.7552856360515936,0.9081784993347084,0.0827792171543747,0.7155863644310072,0.8282472206580651,6.279808217875338,4.141727485306046,4906.7369345761,10.107227873435752,0.0798049935128397
07002_02,0.0421764452070624,1.267817219736026,293.42021406977693,0.6661643169575657,0.9023249936417034,0.5911782637202553,0.6474565765792061,0.7702083802336823,6.218177829872051,3.2425610303613364,5500.812452393715,10.023704736718166,0.5955154041857981
07002_03,0.0761203352028402,0.1861959192097706,351.78932960305644,0.7380529952837908,0.8997881835772763,0.2433240921464629,0.6694712199832393,0.8128811369235472,6.1645596255364525,6.140038837132698,6267.442601525557,9.698709298775505,0.2485690666606202
07002_04,0.0939629674364901,0.1417742781428391,347.92339554602603,0.7665471233169792,0.905811523812874,0.0822137900387382,0.7101021705925687,0.8369507190866617,6.241943006655806,5.251721978842969,6434.25092551631,9.220313305125952,0.0820951946266444
07002_05,0.0937939432314352,-0.0162974120754475,280.9249142912328,0.7345226301520208,0.9034957086586546,-0.0623790204911192,0.6638431627190388,0.807626569636039,6.037055980051705,5.529926742339621,5763.319169889271,7.684136866047691,-0.0614430697712411
07002_06,0.1075291161717771,0.0953892767094122,334.4180876807924,0.6822050456307982,0.9067772107070836,0.1282936405576232,0.6130413794168044,0.7566355080495479,5.939630203512458,4.507511475787768,6124.448402234637,5.688660597910382,0.1298234581683363
07002_07,0.0667403715539947,0.6515067757304077,316.4539097504734,0.6904694689000733,0.9001376258443673,0.2764287936518402,0.6528426330356029,0.7872063237767386,6.252329112267966,3.964494016824572,5356.740164266883,7.810899838325461,0.2832898483856286
07002_08,0.0690724557524445,0.7928559862495731,314.9430894308943,0.6973089818022912,0.897406304197868,0.4667250922720657,0.6578292322079022,0.7832810692981378,6.229764125764258,4.32500519863854,5289.83981233244,9.157047701736609,0.4698917995863834
07004_01,0.1847727066806639,0.0672574106642402,340.5609143473644,0.723541178478097,0.8980855820960386,-0.0892340530935833,0.6536625489881093,0.775212218849303,6.045006455253377,6.300899656915278,5063.978997385217,8.211962971172758,-0.0913511047770782
07004_02,0.1521564829415908,0.1591087395046336,380.6055253040632,0.7623440610715325,0.901596141700002,0.0061867126609475,0.7017702930653703,0.8046422569206386,6.04323446016443,5.415357058826079,5978.890430384534,8.413456568705897,0.0056678135158697
07004_03,0.2033244995949862,-0.0605553797912164,348.8204255319149,0.7944741303248899,0.8888730913362312,0.061982329632,0.7091068854491596,0.7985060440441538,5.790206803698732,6.15332879342423,7014.189932012151,10.466782218672629,0.0600612573128771
07004_04,0.121060169231848,0.3693473805990061,357.5226111147053,0.7509812815890051,0.9031228399983678,0.0453433597160071,0.6977316341525006,0.8089650840063229,6.1052242953976,5.1679780334974215,5484.138126773888,11.87936326780945,0.048359198957922
07004_05,0.1374790771579805,0.1636174859190435,447.4083014682273,0.7739465332817242,0.90183150017957,0.0149896897682701,0.7093937327365079,0.8160332956443844,6.09569602564214,6.576529106103051,5948.963900290863,10.894833996088838,0.0155075628328887
07004_06,0.1051676129776068,0.1414102118310967,376.59684947491246,0.7909562710679069,0.8978079565129107,0.050904850522155,0.7265785791731456,0.8447726596564668,6.182814136956028,5.093561637350041,6868.304413286911,12.582579677652843,0.0485079601030435
07006_02,0.1633522519639318,1.570556359851577,290.5883965476624,0.6306973881788575,0.9080415992974202,0.599692244366856,0.6377054624205221,0.6974045101329595,6.070748068263656,2.31370754913577,6053.252330166697,10.618319695979626,0.606260276119537
07006_03,0.3470522309026148,-0.1663580180610485,301.1013067810968,0.6969244313789877,0.9175312153055512,-0.2367334681401394,0.6275628894964977,0.7392944253991388,5.766196306002486,3.524391957503789,6575.265841794992,12.419453371818758,-0.2370757531491893
07006_04,0.2472162128833024,0.3178631621172872,267.4731693281542,0.723875853141098,0.905576238209226,-0.0025615822707699,0.677776554763101,0.736018554249998,5.879617288831171,2.9996633488938773,6677.361691267174,14.603136960680857,-0.0018361391007338
07008_01,0.1870316285800165,0.992903109380188,376.5011598302688,0.6951128480387373,0.9076511638911116,0.0353930689960369,0.6891256271145231,0.7532201357694783,6.121954566729439,2.9462692577523426,6533.283058499723,16.461073083877963,0.0340015275864896
07008_02,0.1405566600146785,1.1701086676390846,363.6059197315215,0.7322100606188476,0.9144583545178088,0.2413328671843638,0.7269413438155725,0.77862450802824,6.13018033803743,2.5101411910495144,3841.070184426229,16.172688373811262,0.2437414719821336
07008_03,0.1987075618768442,0.606743081511532,334.7938077317824,0.7169461100234213,0.9110682977829284,0.0244145780172167,0.6866204227366621,0.7514964454505733,6.016019072242458,2.946431219678685,5540.577571033442,8.969051513375662,0.0244293414594676
07008_04,0.2046019644972823,0.6483898140174498,286.74189148730915,0.7006520538919838,0.9066950499495626,0.1221962874306363,0.6706767949386807,0.7379175783583333,6.01187913223058,3.426417883997467,5514.654579962042,13.620004954293323,0.1206880232055163
07008_05,0.2421308678007213,0.3103276975463711,344.4481302186556,0.7166868826014968,0.9100254825453526,0.0461161245525408,0.6620398268175599,0.7644357758986395,5.897038521470665,3.490916852089106,6432.322823792911,10.11736362390523,0.0429817189970111
07008_06,0.3010325032209048,0.0500304103363183,331.1814292122425,0.7388046208604951,0.9055735164636104,-0.1914884993237579,0.6763302389705277,0.7638275984313548,5.958911657917898,3.5646008689445496,6255.967046317388,7.779313069561362,-0.1924024173291955
07010_01,0.1357520988963443,0.2388290501345721,286.4546985517009,0.5862621551431075,0.9017836082447256,0.1993577663066311,0.5347557526313912,0.6307042488189676,5.784999148219678,3.883668675462761,6264.39326188852,8.060844577100683,0.2021010691206511
07010_02,0.1857488999539509,0.4125534545478305,304.76379877266095,0.6499578786529736,0.9055975499716256,0.1943998082779743,0.5994530337096445,0.6911814145518242,5.873640695891913,3.472026169949869,6277.168147609781,9.699524946625884,0.19697394212701
07010_03,0.1867551522764238,0.523702096947341,281.31032920567804,0.5963260339247709,0.8981635485122998,0.1594127939760697,0.5439878620267004,0.6377279071932415,5.849040996427972,4.086322158773271,6949.049233305138,10.81896697884842,0.1609665774982969
07010_04,0.1384348504731745,0.9720187343673656,374.7796503054561,0.6543774499067047,0.908185901940445,0.3474830489548722,0.6325081654732729,0.7147764259679634,6.010984736384295,3.6492647032014713,5801.622668900056,11.1735695124025,0.3465402747067615
07010_05,0.1470485734316235,0.4712518350256668,288.7509497458671,0.602877554022559,0.9003016072712735,0.2904175606717332,0.5506431355052109,0.6585995095969048,5.863034629398015,3.4243544990219705,6371.987442999303,9.568725486570417,0.2934568507381103
07010_06,0.1727757487931163,0.5988492627906955,276.95360824742266,0.6198804944010766,0.8994172121621383,0.312437332359023,0.5685552327324698,0.6692938542398316,5.768186838836115,3.7839413781020106,6424.3797798706455,7.690269300772547,0.3149404539594383
07010_07,0.133357700562076,1.0467762314425642,274.94621126074964,0.6390331125894246,0.9040647908758578,0.4602905785650137,0.6073740014353299,0.7228222705460539,5.856427519341807,2.5489077340479867,6572.468826750186,10.4757509822529,0.4636413969319122
07010_08,0.0976558529268457,2.7591308607782565,227.7594931878029,0.5035573747096947,0.8856759529662457,1.7176877063868887,0.4880140124454393,0.5581882781578672,5.652202174383915,1.5381800246630073,6660.888527293239,5.999901146475757,1.7344722059236082
07010_09,0.1819971723969424,0.2589233755496014,332.5319567606245,0.6705855836039589,0.9033248511250158,0.2309035795197371,0.611039885917705,0.7109176920332579,5.782280470659187,5.240349531500807,6729.859728700415,9.267638302484752,0.2338171743806963
07010_10,0.095398565050389,1.6426936941787091,321.8281583129821,0.7046742836393979,0.904344694167761,0.7267039665543324,0.6973002796353835,0.7703035627907506,6.045278189490769,2.378019426369219,7182.329021827,14.289415855493193,0.7328941939004872
07012_01,0.1826745684824132,0.7775419536244996,353.76503392967305,0.7231978697324829,0.9028542582450564,0.6437099215689538,0.6762530727273908,0.7458272311403953,5.804866947447215,4.781649746413908,3850.900067980965,12.471980315820886,0.6476268739328623
07012_02,0.1534315143305241,1.019436672246529,386.5879169711453,0.740347578935434,0.9107120096436644,0.4296971747597112,0.7153017078513826,0.7748992917704057,5.949790135407651,3.587476585862972,4804.651437216339,15.364370929054797,0.4312160233339503
07012_03,0.1967482686740428,0.5522483935856589,377.99931503650544,0.7501184311285056,0.9114030335664448,0.2871549649995055,0.706555111116056,0.7730236265808943,5.867477737426261,4.469787158334835,5629.361601085482,18.51662000708075,0.2884756301995062
07012_04,0.2232171975160619,0.3147189983030377,351.0765375854214,0.7455527035348906,0.9067958193965532,0.3863390050921196,0.6926751799475873,0.7661810167476317,5.839072525861885,5.444300407828254,5479.8950684446245,14.42993241610823,0.3911874264779242
07012_05,0.2392661874804152,0.4087711217367729,295.52760370973806,0.7636553321393036,0.9010658220743886,0.290587083807429,0.7088878309632153,0.7466736387364207,5.837319364442792,3.407501844442878,7046.170180848404,12.231897624592849,0.2912768242560968
07014_01,0.1297219318765314,1.205890360001664,339.68734691021064,0.6912521616816082,0.9158100278252448,0.2045869067965753,0.6931452129562422,0.761843750714749,6.111565627964373,2.9331072676410086,6036.289764630731,10.81419296918542,0.2051905973674538
07014_02,0.111476497699781,1.5058885296101086,360.7474369927381,0.6637837171886518,0.9123258650149644,0.5228154810029961,0.6713508482376097,0.7269964782290887,6.140650748389838,2.799259984488348,4363.011043147628,10.889932094162267,0.5265925713670444
07014_03,0.1531184249797833,0.460692868444825,300.6637291022532,0.6977791575452396,0.9108124102433492,-0.1111991091279579,0.6589453336169461,0.7574583711807421,6.053060651290201,3.162455813221196,6818.199133346465,11.240407275139845,-0.1118215576475557
07014_04,0.1831707830101946,0.6832209407175126,315.583640347318,0.6752015933007818,0.9108959137009472,0.2125098610198754,0.6319196807755861,0.7465967320002239,5.872553740097215,3.015369391536577,6447.504056517776,8.393565353173399,0.2128373549829535
07014_05,0.140562090259552,0.8427539763310029,412.6526898615788,0.6977317933240745,0.9085734041547628,0.0350542332561603,0.6770064595134258,0.7550372972370915,6.093238779168984,3.889942792127144,6356.186852015436,15.128016408561418,0.0349912880538583
07014_06,0.1500598481006246,0.69699024879293,288.4125164305535,0.6647106112226282,0.8979195996485048,0.2297445442171687,0.6217191239068217,0.7148652220557983,6.005932684581399,3.704011483445085,7187.753190867122,9.704135307137022,0.2321577446250155
07025_01,0.2123327714900421,-2.130893505483007,272.7270340141579,0.8406766447764364,0.9254812001326226,-1.7996382151444408,0.7955087672056289,0.8888369934031941,5.822337463802194,8.043821312643702,5746.518228961015,21.1250309733112,-1.815425965316799
07025_02,0.176285176182535,-2.3406890375878158,252.83675031003455,0.8155349112068998,0.9189670630454506,-1.8643352616818551,0.7841824470237727,0.8498855891138667,5.692948551142355,6.319892509754332,4038.18828420257,16.34984546852608,-1.8791275871995876
07025_03,0.2406649482678116,-1.913629504084688,340.39102321425867,0.8723987605671247,0.9226113959809336,-1.6145811035337605,0.8199736311520569,0.8860957314021135,5.850947340476226,8.033620811755128,3722.116126968329,18.77278756899044,-1.6218355743711448
07025_04,0.2000090524466546,-2.0213239898699937,216.29258404189423,0.7296980483140731,0.925635707435686,-1.766444510114503,0.6664968135582837,0.7747168302414796,5.767253034068577,5.3377898922244364,3696.962062321441,24.66431381466262,-1.776009613015984
07025_05,0.0801621523512012,-2.4698230469675946,231.4392825112108,0.7347887926578051,0.9159243911489686,-2.069149891505373,0.6975196187222658,0.7129920645566904,5.909025659613715,3.338022515069421,11323.151669394802,7.820831685891678,-2.081831238121032
07025_06,0.2105645021525685,-2.366612588803182,255.550760834374,0.864979128638188,0.925283878909784,-2.0186648970017,0.8323019887143324,0.8867272563993658,5.695589041257924,7.95037710846458,3322.9948221828586,31.11064897800577,-2.0409036314673825
07025_07,0.0654077222905643,-2.785792714376008,306.5400419085238,0.7672129936030269,0.9239226356811892,-2.0651775659838947,0.7569807946909552,0.8313143833361405,5.96170356684726,3.933997259090225,9819.059368472785,18.60410062139808,-2.0609877246061576
07025_08,0.136636858112191,-1.8246828838467757,369.889208978514,0.8123086643803492,0.9253249260058608,-1.778240011689132,0.7502036957340461,0.8682532603514969,5.968389637209103,6.660829793244381,3048.4153349052485,25.88568127071218,-1.7935552598951792
07025_09,0.2249735699140198,-2.986273834796311,284.8309946165387,0.8670258820724897,0.932184757975157,-2.6998571224658545,0.8406529835499194,0.9035561035305943,5.81354234213416,6.972826408951729,1578.433539192399,31.17828557290894,-2.724335180861397
07027_01,0.1216890735922975,-2.0880642348529963,295.17215370772243,0.8462805773149847,0.9156798966230412,-1.626312952054615,0.798660047080058,0.8860494115004096,5.885228109098718,8.289467161122966,6026.745295681238,22.83427312439477,-1.631864591327293
07027_02,0.039433292649881,-1.927767063152805,406.0159139133071,0.8935477863099435,0.9054782059862968,-1.389274464244383,0.838430780680876,0.932106513554114,5.94302446746188,7.732285312006229,11566.529729951237,20.12169854131582,-1.3585127768115004
07029_01,0.0603379589794017,-3.3866434635738583,289.4668927615584,0.8087889631721332,0.9172985823533027,-2.994715568772371,0.802823938817257,0.8840164994937653,5.7846191783652365,3.6295451845333737,13103.860247732193,9.658950049125895,-2.994090980125529
07029_02,0.0265460311664258,-2.9063376515431214,569.2838962310328,0.8011935642986474,0.9183577854385754,-2.4357885600195184,0.7903898282121073,0.8708245361110833,5.814421124155024,3.2025686452255053,11906.395477166654,15.54341883006206,-2.5236284808992058
07031_01,0.1217840684389938,-2.5360517112524925,222.69055730656416,0.744970041950793,0.9272714523881505,-3.0056251466595207,0.6974930063296017,0.8226882286977992,6.058539315809349,3.233899526529751,9886.130517936524,12.194984386752436,-3.071280228496139
07033_01,0.2779597085581547,-1.6405402610420263,346.7611190915931,0.8265391569617051,0.9144232151192953,-1.3543235880014988,0.7682539776771031,0.8502896888666251,5.854849892929491,8.092947431353458,4036.001284179535,14.892262625375036,-1.368551339949266
07033_02,0.2692728007497758,-1.6334565215550343,322.6978186932107,0.8650686736569391,0.9108297262924078,-1.2390090544195118,0.8093476578483328,0.8948034026945404,5.831396099397496,8.260457802742165,6663.481686131692,13.487067480167871,-1.247106399257743
07033_03,0.2341483807048904,-0.5771361005781517,344.7675929884566,0.8380990730708938,0.9131007959669126,-0.8085669682182111,0.772098282979482,0.8343185827229265,5.970345710909733,5.579002519313991,1490.3297002724796,14.22001019983304,-0.814371000080089
07033_04,0.1756285414751891,-1.769752004593865,263.9737213572346,0.5901799027588246,0.9060682810079232,-1.4516705558432508,0.5094682638392771,0.6662355595069086,5.815857020235469,4.677173778743376,5813.993183591344,15.227232007531832,-1.4614139646750972
07033_05,0.0743005694125881,-2.65166748764557,248.15624693021232,0.7948997501342848,0.9174604146221768,-2.2107767574032566,0.7670687674148499,0.8727555819024403,6.064250177119948,3.998624492346748,11643.204593799015,11.114306691536628,-2.258055294640683
07033_06,0.1092476367396794,-2.543849436989298,243.8188851466784,0.7423413966413567,0.9168237293164156,-2.131083196019087,0.6996130446467868,0.8367681590902294,5.986889284624788,5.42270140862454,9292.00349845778,12.449523269732728,-2.1285443864009657
07035_01,0.11276450433569,-2.288241689266474,300.62450829895425,0.8544113954951157,0.9214137472621768,-1.8710594579717132,0.8144681637747664,0.897475560654141,5.948771633383502,7.628407144729719,8033.677841428348,13.941665447423446,-1.8995512284270943
07035_02,0.0774827320949634,-2.098553542896857,330.0679274877085,0.8656943003256199,0.918602211510564,-1.7979810181404068,0.8207070543919626,0.9046590510521738,5.852629071585149,6.816077753354627,8737.128062015503,14.712993124525038,-1.8065585221408316
07037_01,0.0782676522585112,-3.1524731105187587,341.2533169100828,0.8115691818056519,0.9243128607940782,-2.9445560284162227,0.8041940143026013,0.8720881645263323,5.965140032594175,4.601988020421032,12673.325938064623,17.37117653860436,-2.9791949938445894
07037_02,0.0734358866287932,-2.3848639076532643,348.8020689911808,0.8663764503536857,0.9212261958578516,-1.8830036779456505,0.8357953510067527,0.925718179107282,6.030875383459141,7.3562645886384,9738.68595506748,23.44326654806576,-1.8840482447329991
07037_03,0.1038308377774933,-2.26315029778563,274.6654067056109,0.7326564885032213,0.9118023518128466,-1.9275426868904215,0.6831366456040084,0.8337416773934184,6.0560676641362505,5.601189686825936,7595.764299182903,16.6671151647055,-1.96749776978646
07037_04,0.096245082936671,-3.028432475790106,291.51114543114545,0.7606748923110196,0.9086976331732682,-2.3181808860199515,0.7330937834963551,0.839393418969206,6.069882314426911,5.10875717397372,6579.608522005239,12.375726955466227,-2.339160986722942
07039_01,0.066801115258666,-3.057439209860224,280.9016730135638,0.7606234779075431,0.9141157506032784,-2.3640117219521635,0.7471588819822343,0.8472980452548685,6.040690260438671,3.307660670250332,9981.014174730815,11.149187797819376,-2.4085444309643167
07039_02,0.096132385023312,-1.9513760306251149,291.6782912961073,0.7610970420591078,0.9063098322808388,-1.6529469468301217,0.7195812810351234,0.829341743412156,6.0997733607931,4.95214437522234,7135.350647784024,10.433939748584208,-1.663747241960757
07039_03,0.0734750428372917,-1.6011154927655882,297.00634407982005,0.7760734782500228,0.90286128049643,-1.642834291207816,0.7293854183437481,0.8256805512716503,6.064119905550832,6.003017239268552,3615.310251762337,13.222726506839958,-1.6793950239601247
07039_04,0.0937186887232539,-2.7385241420481368,237.43995398880585,0.7340210844943369,0.9108385012405844,-1.923632533765881,0.708206310912015,0.8270952306632227,6.071430756986908,3.712346627393488,7592.844954070586,13.617666714991524,-1.9523082113978936
07041_01,0.1023599535991235,-2.3993157089747745,317.3918191760846,0.8093384379073703,0.927384213156878,-2.11974415521794,0.7706145223092538,0.8749825043693895,6.013484943877104,5.032067322080421,6563.060783708732,17.626093205477712,-2.156728395071104
07041_02,0.0997745279484136,-2.3187303657542366,314.09835948898615,0.846505953093007,0.9242663397877744,-2.0522499101617484,0.8107857528884481,0.9045524193015608,5.9430516213153135,5.800633257427259,6532.93799423933,17.5756283577917,-2.0816501969294694
07043_01,0.0670911321074447,1.1903445148190466,425.82066844703405,0.7192294885635983,0.9155510456325476,-0.185012009405945,0.7236280387192308,0.7778678226631053,6.19202449629257,1.870156847555112,5163.711626048742,10.443630618671444,-0.1847498117004481
07043_02,0.0826020866446499,-2.5455862497232635,246.93454691473696,0.7480190315276436,0.9283092903322178,-2.387137796892168,0.704019800632714,0.8608509634153187,6.052961492354459,3.809441469204368,12005.2676537117,11.511694195372282,-2.409095233443366
07045_01,0.0613575233480391,-2.4728562270643857,282.52443583743513,0.7971547162271411,0.9221244476224048,-2.264847789720273,0.7652734365915499,0.8622291605198914,5.945402713078161,5.22292948130729,6167.306080460861,17.44833194985563,-2.2677252322681083
07045_02,0.0767934879615856,-2.193576934271391,249.60211371656035,0.8339886838747304,0.9255093078699788,-2.054146104680448,0.7941993982682803,0.8873742477478417,5.941287674028684,5.288700121274676,6757.878392562603,18.405599552289075,-2.0654311457797165
07045_03,0.0701021980216621,-2.6957406498604874,269.73235268262664,0.7521301111691938,0.9190986737507092,-3.059580251728332,0.7166924322273421,0.8075792625565457,5.977919988691404,3.8398010152492574,7565.577922682814,10.020251799378697,-3.125110658174593
07045_04,0.0871293652125841,-3.034703333554147,208.9904168922577,0.6953607010693155,0.9147603585389752,-2.5461087930842763,0.6706509812791129,0.7615935529020161,6.001820646240764,3.649220670887714,5901.75561735613,12.476322729533845,-2.532107845922795
07045_05,0.0792518511753382,-2.8304172761794835,261.2456930490378,0.7663493825317933,0.9208780020787998,-2.423061138321841,0.7336729007573674,0.8160352005982111,5.921569837944032,5.126967983543836,4563.6624757838135,15.202104615455418,-2.4877314555479044
07047_01,0.1232423214376045,-2.4508723288749783,259.0910786588417,0.843854335926191,0.9348798265860728,-2.307232405869696,0.8135006345129927,0.9187163260946524,5.983629611125728,5.510507247976475,9898.327783132036,22.880977726881973,-2.352100112368839
07048_01,0.1533160796025948,-2.0390762422537723,243.59543734487107,0.7853432897028286,0.9205386441020846,-1.5256196357796268,0.7379837375297638,0.8534862398043566,5.994438600127468,5.354223081308092,6405.647212409768,15.125326939323752,-1.551814488071261
07048_02,0.1704668088061338,-2.0240950844592915,333.70381567719124,0.810182735815097,0.9118934035784528,-1.5046609648115306,0.7600779354021869,0.8715229520894361,6.041925877541536,7.012733448723086,5272.098165160455,14.980243867999237,-1.5254072389926023
07051_01,0.1995955926723702,-1.970801576047716,359.6727752167397,0.8825624573047111,0.9184807493053784,-1.491920218971911,0.8374783885928262,0.9215643734459746,5.88324453922161,10.382501951264084,6498.351444479462,22.071427639029487,-1.4967640380473584
07053_01,0.0711368615076252,-2.394299640404337,311.56555942541286,0.8469477679433768,0.9201826021013207,-2.2171242842756063,0.8168995675943089,0.9045244536036416,6.001765816621184,5.820628252519698,10056.46501528781,17.386703006225815,-2.2116509784240668
07053_02,0.0804260468665211,-2.869000665251309,262.6241440494184,0.8406307420921749,0.925166190643072,-2.5791394455062413,0.821147860704028,0.9135802332588684,5.868954516468385,6.1212473823069375,12129.357975993553,14.911668589071573,-2.6551648938110235
07055_01,0.061376305262877,-1.5991893552837613,350.7657983694572,0.871379913959728,0.9235752028042328,-1.6525625134125057,0.82174572874201,0.925322188084758,6.172982718402247,6.428483046808422,9814.77272448165,20.280627579386397,-1.6562631464462114
07055_02,0.0980707974665884,-2.820086186417833,285.3579759408903,0.7996080875018322,0.918511991644012,-2.6695161234229943,0.7726451784872379,0.882342649887371,5.834952756553339,5.646614017324768,10283.65284015852,13.385294103058932,-2.7218564780133865
07057_01,0.1620470140505741,-2.811155003757888,238.9404904868697,0.8402453014987269,0.9293218425635048,-2.2726975261135665,0.8155381107039742,0.9019572564923148,5.989293205948597,4.9028931184885725,9197.594531283274,17.093972072136296,-2.3025344204959617
07057_02,0.1198311249905645,-2.256242578081128,290.9120749409815,0.8395887131819911,0.9146670817224032,-1.7004475006073667,0.7979604847655557,0.9053814051308344,5.998432159464615,7.676144629586065,7721.269591131243,16.599336657670104,-1.7137177863826474
07057_03,0.1236175655840571,-2.106549095469416,348.85240176543687,0.8565291038823774,0.9188952527039626,-1.6670173074324823,0.8092633186695025,0.9092352970754872,6.016643085072936,7.986361142514674,7757.839314454739,17.55326936911695,-1.696967184184498
07059_01,0.053822509565195,-2.3314173245911127,377.8457782672541,0.8553798464300754,0.9252936367436,-2.4638944330476984,0.8255966560243586,0.910164803476494,6.069990993424718,4.999906603404829,12596.130330528971,18.73356641760568,-2.5653258061229383
07059_02,0.0774506806770746,-1.9884488330060064,299.51486866016853,0.8251224752623567,0.9206934370455736,-1.9561365852408947,0.7790768624681815,0.8937373723358388,5.981248992965621,6.542982973872176,9925.459039548025,21.956141613447866,-1.9976076177725064
07061_01,0.136046523194463,-2.3643536711611746,254.79540116207195,0.6983834815028219,0.9153964742956712,-2.116944073049918,0.6351340899869851,0.7637342233085375,6.003131049919444,4.330902890698123,6548.842917542085,11.444058704026308,-2.158926546294761
07061_02,0.1091445682157038,-2.3494357841448554,219.5534512230172,0.6137400024399025,0.9054884063868748,-2.19286406443409,0.5443082555226993,0.6941809067078731,5.947666476750134,3.3569010821380165,6129.128918986707,11.496462184461713,-2.2091055052399056
07061_03,0.0993034089159236,-2.622279058415113,290.1230144779315,0.8077313927064035,0.9117655982733897,-2.0828192835587416,0.790397965765905,0.8744646403161336,6.230265478620629,4.109216368930305,7890.115064536097,13.90203777352684,-2.1116771652080373
07061_04,0.1802167880208098,-2.4359126711172143,264.89726367842167,0.7327312187101339,0.9123277509458264,-1.8047205367594468,0.6947879015979527,0.8263784968592559,6.137465723488294,3.710372120631473,8132.044636502288,9.47785074260266,-1.8300763524654196
07061_05,0.1066289116562981,-1.707420431317526,333.28519837488085,0.7807790628440929,0.9041342636601872,-1.3472326052536507,0.7220071399802301,0.8419054018486637,6.077329041237634,7.786236466119756,5677.034429992349,13.005369195523244,-1.3601189930628197
07061_06,0.0841787074173327,-2.0581912592913647,305.6449547861302,0.8161167449636009,0.9041764928422846,-1.608344574601893,0.7706847199394741,0.8827912748579668,6.13925644032204,6.396121625960682,7638.699277316363,13.026519568450292,-1.610468484857525
07063_01,0.0808355252956813,-3.2200388525506325,261.71554890006064,0.7649988367859665,0.9131463919471202,-2.5725394670715125,0.7538308655794643,0.8421904318285768,6.133987803531386,3.948659259614284,9156.942460909697,14.764428819723316,-2.595021853665955
07063_02,0.0825401156562823,-2.7013212243224665,267.367193289267,0.7674384184065863,0.9153068426248756,-2.2352315622634773,0.7418576727238342,0.869151444314491,6.098743756101761,4.714517325659015,10295.670292627445,12.57075680535656,-2.3237651236670263
07065_01,0.0962125920008983,-3.182162317492704,263.3946089511754,0.7594646178885717,0.9174275717594336,-2.947321963851372,0.7436971692627536,0.8411483471939764,5.968612852878568,3.659837263430098,7778.089626480963,14.544004253590684,-2.9766737345215715
07065_02,0.1036439926109087,-2.622694642349055,258.8579231419468,0.8046194031934557,0.9248984550998236,-2.335873345692263,0.7730658838221076,0.866217613256956,5.944902638657486,6.136447716584356,3598.821858226911,14.330314950518186,-2.3523392414101
07065_03,0.1118987747641812,-2.601300221056956,252.1530359849996,0.8163281223270346,0.9232821630043008,-2.5073528473951496,0.7849414804343691,0.8703394530867332,5.8149535653365865,5.324993515570001,4039.172400877521,15.573820727654391,-2.5188002725217
07065_04,0.0594630000972277,-2.373757381676932,283.2031520809743,0.8307604540982624,0.9231245831743972,-2.1799437181520287,0.7994515413257416,0.8834859184990916,5.933850212495552,5.482262567196192,6165.242165938865,18.63390053151929,-2.2567010278787225
07067_01,0.0943405666568653,-2.4317861618327403,303.5244512757455,0.8489643005529675,0.9263110383403408,-2.2024997014261114,0.819396728413226,0.9102920884109592,6.05157473919148,5.991298400716962,10501.006707445687,18.63519674313649,-2.261062256311554
07067_02,0.1019497693794717,-2.407336289904527,267.35499477706304,0.8275393276044376,0.9239848677707329,-2.1391441444132497,0.7916430921017383,0.8936383255182228,5.9727498238054455,6.078363325162142,6854.209331651955,15.383489652981654,-2.1868839661804964
07071_01,0.1306911684521879,-1.1130101822990843,291.8209243085881,0.8672282546195873,0.928155485093857,-1.311906072191218,0.8011746497878064,0.8891532918168529,5.894411940710856,6.311735397505247,3807.366083738481,19.69584683700204,-1.3211696162144766
07071_02,0.1042787648904894,-1.844128695069642,296.354454296088,0.8653697139524015,0.9153893579926836,-1.5048580994730565,0.8177492872243306,0.9176815037897058,5.841362014650649,8.796361769779105,8673.391344553356,18.582270843411177,-1.5210233599449805
07073_01,0.4812192765923929,-0.9491494840073712,407.6663035189018,0.8816537584498864,0.9066251525281418,-0.5832193451643032,0.8080509626893675,0.8480315827312462,5.789601856327329,7.142472777992808,4841.85006957024,17.751980225724232,-0.5844524502288518
07073_02,0.3724868611070269,-1.2678791989334393,386.81958146487295,0.868255777854541,0.9045302281835484,-0.7324768337919136,0.8012780197435946,0.8595365014313384,5.796153288354608,8.605177187491964,5647.655228941636,15.971699920295386,-0.7354618675106792
07075_01,0.1896993751544676,-2.1029666196058967,281.98058369694866,0.8706713195884347,0.917031747521417,-1.7277137978792507,0.8210146528038482,0.8964178781926897,5.744564222226217,9.404456460241256,4379.107814483512,24.848967192726867,-1.7334247581216446
07075_02,0.1229002803827735,-1.719286478211599,359.1587505348738,0.88282395235333,0.913965985373368,-1.4520014871519675,0.8183748945121926,0.9145909937868554,5.930108368782837,7.735369719148942,5481.181290615083,11.571692622073469,-1.4582805491863522
07075_03,0.1121227128132202,-1.5904676179220023,358.768839052013,0.8906767214671176,0.9140371129775816,-1.2269471908207916,0.832469359892746,0.925205757582758,5.910484384717421,8.811190447990727,8656.51782510501,14.472003524260424,-1.2263348298441892
07075_04,0.043511215631049,-1.7113412047844745,338.0543645897594,0.8499182402107237,0.917448103505796,-1.4244152990503505,0.7997686595746037,0.9086533757491866,5.758150365078397,6.176768727201551,7867.0729201193235,17.287279195676216,-1.46318824772828
07075_05,0.0878086038256174,-1.877256434542112,335.8629726694122,0.860201124736524,0.91944280256818,-1.7345101143211266,0.8062544808576402,0.9064838256472308,5.841452848490738,8.683218189024402,3620.208580980684,18.71237571956927,-1.7313769713759033
07075_06,0.0951387716712854,-1.671690179297656,300.2192570000424,0.8129587447601374,0.9177822209542974,-1.3029144082840889,0.7559208680493406,0.8511366920557935,5.9445452917588,7.704025194997586,1944.0093689004557,14.067218495170652,-1.3263430425843106
07075_07,0.0883980396111511,-2.214999521403343,270.674013709316,0.7984936129290333,0.91565589113387,-2.03169112281169,0.7520951371644509,0.8627166772089309,5.995789049109345,6.533322820326577,8063.098033387824,15.808200134846036,-2.0884268427510966
07075_08,0.02614049060346,-2.3417183984110785,582.6689205505917,0.7236821035281117,0.9121416864773124,-3.1272619544079245,0.7062687145631359,0.8167200063967472,6.15630070432467,1.0606042931467978,17155.415439606142,8.557650981429056,-3.079657485058862
07075_09,0.1448985576486388,-1.4355753560518392,329.7130053634696,0.8452646289349613,0.9222958261321406,-1.6087221175800497,0.7777947954324388,0.8833657914048807,5.92757730713918,7.915614204248803,5195.08406053242,19.660316259657044,-1.6236017198590116
07079_01,0.2842625835162493,-1.865817934145082,311.38949912326126,0.8758310392789919,0.9074207816675636,-1.3025579412529005,0.8227043963189464,0.905747850809717,5.860894362145968,10.29745508316124,6851.521161328943,21.75240652131797,-1.3122908417492003
07083_01,0.1731006628954587,-1.405917521439681,352.70430716916974,0.8691865423929894,0.9158471980947508,-1.1411513460922549,0.8080983755460613,0.9000233227127439,5.92309123693271,8.060363761588276,5940.157806797696,15.22163355710154,-1.1492999972507083
07083_02,0.1051754074157116,-1.836848288518756,337.50365898897246,0.8440368204502695,0.9150048275922308,-1.3622977353389385,0.7960071443394671,0.904642694230642,6.044081048930343,7.417713329603881,7169.9255831643,17.095827725855514,-1.3843013012964305
07085_01,0.0572963352905197,-2.920999787587456,235.06587159021464,0.7775966701159798,0.9215555473422984,-2.9848459474237123,0.7516984810631707,0.8591900588729229,6.018690749949416,3.44308895063571,12194.896222993628,11.139544476053596,-3.0026502048491697
07087_01,0.0967930202117683,-2.1925675425981423,279.3127379450973,0.8534498777917545,0.9206973474956556,-1.5600927563784397,0.810605754184171,0.8949213499809073,5.9969083217730565,6.720680110918321,7801.626664330764,17.527908729187946,-1.5629414812363251
07089_01,0.0929140035645859,-2.072771635109667,303.8148010857478,0.8839513414932189,0.9247732927503908,-1.9633903730248723,0.8362932113106004,0.927784689485936,5.864652861850322,8.03604579374857,8040.422020603813,20.05424597516185,-1.9771106266625496
07091_01,0.0545648803893856,-3.14159841729508,414.631841876629,0.81221032559922,0.9338002800574594,-3.270050783214891,0.8015695773306687,0.8466142069499148,5.850057186902172,3.502565917057116,12911.72153990897,18.083334035881396,-3.390387655498528
07091_02,0.0360722299235404,-3.5589196676167965,513.8311168203113,0.8083271004884597,0.9193403702878504,-3.215491376014686,0.8125275815242171,0.8668153802264397,5.952708326960437,3.286821696125714,11766.452417530236,13.339654692392129,-3.3200565877089483
07091_03,0.0540858086642832,-3.167599043593936,276.8031298029901,0.8170755132832979,0.9294791121491855,-2.908467320041127,0.8048560527346033,0.8871371590050194,6.025787396748829,4.208701672971757,9418.647716435307,19.57278980561548,-2.8833873820855844
07093_01,0.3262366826236811,-1.558538075970211,269.9938235678398,0.7888139292951922,0.9194054318888344,-1.1160414205200306,0.732844262952285,0.8360297621605073,6.002689388781676,5.095647006455407,6600.751243167715,11.646618114203402,-1.1252827180831713
07095_01,0.0916055787845879,-1.9934716456970525,281.0161690911856,0.7923856856400968,0.9350076133268804,-2.0465072543469525,0.7413153034133297,0.8709306496433069,6.002988113963902,4.03876693636654,6935.318118557309,23.5350407737347,-2.0520173914593163
07095_02,0.1033937365073702,-2.4318636832924176,231.29699469652329,0.7191119467019161,0.9242762312512702,-2.5939820908012763,0.6730224076159488,0.8052876530589869,6.047267544081257,3.0260967090895905,8198.012100655453,12.485805058280418,-2.6434157494115653
07097_01,0.1184657073363007,-1.7665017813982442,317.75197579170225,0.8047997790422382,0.9178992327721918,-1.638044184214133,0.7443533393275846,0.8791129799621983,5.984453641865808,7.309182314035491,7571.741924945005,16.788776854732966,-1.645928827949242
07097_02,0.0661047404494187,-1.779143414878132,347.0910752738145,0.8516280870136633,0.9109159518725676,-1.6500525872680354,0.8030795050804271,0.9092749716781908,5.910857570317861,7.452557108856862,10281.471916594552,15.972334622546626,-1.6986380869950304
07099_01,0.0939831217746345,-1.8532076610342216,302.5258418415879,0.7966614071630467,0.9155791948021182,-1.6986072247828252,0.7415869024106156,0.8781679303335997,5.965597042707579,6.598395692905969,10031.98718624549,11.329151948891823,-1.741265550766224
07101_01,0.1695321817013516,-1.7252293971022292,258.83744841275507,0.80981845804166,0.9092012030510642,-1.5344592898241198,0.7494610809887172,0.7903402112500284,5.890092097780214,5.79248776433629,9463.573418355132,6.207206339131775,-1.557444031893073
07101_02,0.1443634103030475,-1.576859210216307,288.5536117510207,0.8264133336980851,0.9159474772752538,-1.3444049396632518,0.7694813314249335,0.8869000031597508,5.901195507771242,7.604575938672156,7490.38076110812,14.456348480776173,-1.3590058872197286
07104_01,0.1156531233338538,-2.252727972511372,260.7214879662289,0.8365773069783686,0.922346528550502,-2.148129216162519,0.7957868502179519,0.9007935244955252,5.926685363009416,6.640890223859864,7806.253686590641,19.772559852123397,-2.157114905224826
07104_02,0.0833786278647627,-1.681324807598116,308.15777660417217,0.8427068748495364,0.9164101984092732,-1.5604264961964749,0.7888023419876855,0.898482283534824,6.01877517411237,6.238076583304887,6483.407738353431,14.205702218087492,-1.557257406885577
07104_03,0.1268340285497365,-2.1752618828604904,254.65305830792684,0.7815036522061223,0.9180822027063,-2.1298330669222536,0.7387385880816233,0.8690878598316879,5.925375863851074,5.9303085130481525,9738.533554165131,17.914407410896075,-2.1391092660725914
07106_02,0.1184401409682001,-1.2611097902614208,257.68120631633445,0.7916447115294992,0.9294087265570432,-1.5115801641976967,0.7495606292344853,0.8338603145896948,5.978184792308506,5.707060952310043,2707.386262394022,15.496075144083903,-1.535218482210494
07106_04,0.2256605462259523,-0.8751856801034058,297.3371708734338,0.7707563527221255,0.9145195050042668,-0.8040079071671349,0.7101575763396303,0.8127330940612226,5.943982629591959,6.659833378144082,3785.6030339295535,16.883492544436272,-0.8064699483165578
07108_01,0.1881246311887493,-1.97561030829106,250.1190490797546,0.8236619454407715,0.9070175901896456,-1.6376350707284186,0.7652090596597109,0.873044487321675,5.827180230207575,7.025723502127415,9548.48019356055,7.570353513724141,-1.649056689372762
07108_02,0.1558574686306443,-1.4509700619201875,295.2463842762372,0.8265776634576069,0.9181368443738795,-1.3816558865726865,0.7639509851767764,0.8821663566654375,5.881727105121554,7.264222680224135,8555.245097234758,9.018484761650845,-1.3956472494710503
07110_01,0.2377556007798125,-1.6098906708585132,320.6902879307773,0.8559390019734707,0.9093410714105258,-1.1371940744217834,0.8001286096105956,0.8877457835106911,5.838225244002831,8.468511682191227,6497.627509263407,15.242134370322738,-1.144889845934045
07112_01,0.2466535568619472,-1.3550165404757344,376.097526947051,0.8730349064831869,0.9142310285453348,-1.1591384092601562,0.8057957804073602,0.9028601646070842,5.878646831098224,9.491277281655972,4783.433984946686,15.923185821456611,-1.1663707970411257
07112_02,0.1301440169255083,-1.3707407996743544,376.4378538914178,0.8666175357089901,0.915028346332894,-1.2519121904681298,0.8007175468071669,0.8993656500802502,5.894317029488463,7.12708874916713,4624.99514609612,10.34753603739216,-1.2620095169386598
07112_03,0.1312245605202595,-1.5325541702809722,306.1675472520289,0.8823690784592568,0.9152410625933608,-1.365784314488958,0.820421939879158,0.9157223435396794,5.857616106002127,7.987233769913407,7870.2472924565855,14.724898181005848,-1.3736134357077172
07114_01,0.0720346317848992,-1.802531044839132,314.2204293723506,0.8289530540221238,0.9282441294741324,-1.933585578854119,0.7735707915372105,0.9023708303916008,6.045330359291264,6.741420604049706,6089.997784953697,21.931850253629825,-1.9510205292612584
07114_03,0.0738014529685888,-1.8802363482232949,287.4813913396207,0.7897694954242934,0.9233589451403068,-2.057467444155762,0.7349019667407547,0.8535725814488304,5.9748041826224885,5.121940050697717,4209.852943513149,13.930071625493088,-2.054328083269701
07114_04,0.1421205669058775,-1.8212950858892016,360.24649028077755,0.7702621555222807,0.921527932566748,-1.9935936473681373,0.7090848872214603,0.8434435421484454,6.03757647533717,6.003590416576365,6622.312112938669,11.089133569406188,-2.005790648573852
07114_05,0.1599700872366432,-1.6717236376337343,238.24482736934783,0.6893561782687057,0.9038544002755096,-1.3754658092924288,0.6357693707934159,0.7505823235778002,5.929038394416935,5.874409225660946,3381.543171601302,9.807414834005607,-1.3914776306487444
07114_06,0.120967941795649,-1.7723107443219703,274.3025629131393,0.7262137988431869,0.9078933207991772,-1.432717362251453,0.6752859518053755,0.800542918858268,6.0745316469805815,7.366785433545085,2908.6827773435894,14.470046191535276,-1.4432342855881826
07114_07,0.1089560347442794,-1.0085666925498826,289.2657843459777,0.7273015773889412,0.909235991724946,-0.7879282795673889,0.6685255031930175,0.800157834309698,6.121006106106083,5.210536578463827,3340.634519315105,9.431319833102036,-0.790268622644725
07114_08,0.1368104057073573,-1.6722089423034474,276.1275675313134,0.7800342234422467,0.9156533743025234,-1.500890371218026,0.7217353553806777,0.8424086812368803,5.8731758294615375,5.80890737556699,4283.852936199019,9.90507003642161,-1.5120457189239462
07114_09,0.1116513820099642,-2.476061254442788,232.2177641882318,0.7905560869656088,0.9103992004019756,-1.878617836364431,0.7518535653481342,0.8599250581822042,5.772134553924922,7.262345104021755,3226.9454222673094,11.621274047431235,-1.910976511466895
07114_10,0.117793398069987,-1.6443393547766685,302.6162084298866,0.814600332662617,0.9157127391959916,-1.4199604799261474,0.7569629997862168,0.8503423720693725,6.007252066251654,6.927415723774777,2196.855044843049,13.12910065689885,-1.4441680111603767
07116_01,0.1701303402426658,-1.781068781152355,306.34363250297787,0.7754544586954344,0.9215587684374316,-1.772357618081964,0.709828857263448,0.8610576814834359,5.89989363583798,7.305174474511862,7390.465731743965,15.229660836864586,-1.7861138230844684
07117_01,0.0464894658548787,3.148131321547269,199.30298902949409,0.5808697402562256,0.8847545417465832,1.1160381896154088,0.6315004130834787,0.6785865773028769,5.851792145197459,0.8219853263687003,6663.087203832008,7.703947285497676,1.123413857164978
07117_02,0.0392249605074317,2.799410041582384,266.5862492326581,0.6210885597005008,0.91169761897642,0.7768969289631563,0.6818196686210101,0.7162706883397386,5.890219051468204,0.9976925252535762,5473.203418936851,13.424052744405886,0.7823591552745593
07117_03,0.0721600347678557,2.0262628909751745,661.135260976859,0.6798257339290097,0.9130385992847322,0.0397796909840955,0.7268061385980221,0.75505045986043,6.033190275787637,1.3537390703085612,4707.945290081098,12.849269251614473,0.0403652242545222
07117_04,0.029890983106035,2.5001563239025457,411.3268866457432,0.7097188602486424,0.913546563127316,1.1767320594967303,0.7668999050267906,0.7824709579931636,6.153357347485142,1.2245773992473432,4093.094086417933,9.37232660275307,1.1814806646213798
07117_05,0.0356558605796951,3.6715545342988176,353.93028559581194,0.5190593577905568,0.8878335214353119,1.373214761408568,0.5585141022067027,0.6363463787932422,5.784468486467073,0.6986801960836206,7623.508931137848,7.669593382456137,1.391716804331406
07117_06,0.0384177319506088,3.396574619022563,300.7186799561257,0.5384070704148025,0.8975686880968857,1.1550866365827042,0.5830637297614609,0.6341341036556933,5.903592218553748,0.8082733862472256,7049.472202227209,9.242816221799217,1.16684163535728
07117_07,0.0799421781299161,2.0222567748044087,413.425158957736,0.6674820728821779,0.9089622955419948,0.3751832131923976,0.70706660890379,0.7368690114980524,5.984525051622927,1.535280469139359,4407.385490098834,14.773423347079504,0.3735837170690149
07117_08,0.042670230531598,2.8062048716803343,275.6156263598124,0.6121557139161183,0.912248304889394,0.9137056212883956,0.6668975628599423,0.7243274447718654,5.9542967828778,1.1228971564210473,5620.48433775018,11.531046344308711,0.9183582135996646
07117_09,0.0430982951385601,2.3303537930191647,320.2662392108508,0.7101620556783308,0.9110495999515572,0.962762255049193,0.7519026469263973,0.7763507329228526,6.037058838413542,1.2178379439255025,4132.747135244332,11.457499938169136,0.9662750822558012
07117_10,0.1268181115971441,-0.2359223958269875,240.18578092060488,0.5082831624068779,0.9113510918697286,-0.2751063006902231,0.4281914553274729,0.5890589846729102,5.236838836800247,1.3867429684472086,7187.556481186224,5.626724371373108,-0.2775566443579887
07117_11,0.0334281852399325,2.08008130758305,322.52439906018435,0.6401891819674763,0.9021881432022284,0.2599015945375628,0.6586627580896013,0.7368100785093042,6.007243383658184,1.1040044965281073,4624.009110883258,16.56645356303367,0.2638966504960546
07117_12,0.0805122930317183,1.374376900148077,214.77288266537903,0.5417337038558163,0.9047278506401544,0.4846127611289184,0.5146033109652742,0.6326666929620105,5.673424869294034,1.2155805460013582,6753.133175745552,5.465173876496917,0.4916356818006952
07117_13,0.0294916746648418,2.1922198635635173,471.7863823170055,0.648098649766601,0.9133209366359826,0.4219620104060546,0.6760270088147042,0.7590152444581802,6.0782156332490285,1.1594406676444085,5027.5818694114605,11.856374020285548,0.4265303421388148
07117_14,0.0784224925523062,2.2681302103871226,233.34907734492725,0.5930272718365821,0.9053560166181268,0.4102531659471101,0.6251076245248869,0.6701060418818854,5.893053653526689,1.0353525794071143,6232.779464864365,13.391445378190152,0.4136610306831118
07117_15,0.0435837468511377,2.295298813028519,291.76429684690083,0.5990396224454001,0.9106248929818916,0.4587098226638102,0.6311871986622486,0.70756193195473,6.006921502306745,1.152809683253615,5426.271569378749,17.145342214762014,0.4591929329340121
07117_16,0.0638199348223469,2.039551255343905,250.42229335178857,0.6129227077635914,0.912235301004609,0.3527209527940965,0.6351863828014037,0.7042958930247853,5.954030558215157,1.5806517826225934,5231.260852691689,15.461770452038028,0.3501033639081898
07119_01,0.0196247833686601,2.7538124879688275,311.7825017477538,0.6605262417379838,0.9116203831393748,1.3709201694625468,0.7065646128500506,0.7446500514498503,6.091891376320231,1.1195652534780052,4704.911018711019,11.069453703546309,1.3775720101599749
07119_02,0.0347037256492874,3.066341115193415,254.41323698315463,0.616575831657616,0.9060281939683448,1.039674983874742,0.6846140469977596,0.7085795352887261,5.825782290251435,0.7734097820721022,5509.642753066469,10.25928370391159,1.042917152860311
07119_03,0.0602597318216765,2.0594021383544274,228.67052515534172,0.5976630904981391,0.9097429659517936,0.373657456178723,0.6128589321601534,0.6608306855069626,5.895543485612386,1.50074536039013,4277.026523503659,15.112382451323978,0.3770469750479293
07119_04,0.0433791677781554,2.951431973872018,308.3064822817632,0.6070111179602974,0.9076582773287784,1.132042270467709,0.659796283168324,0.7040885211064101,6.045556317602765,0.8738088769744419,5215.396592980856,7.190129951127852,1.139100591463149
07119_05,0.0570275486736487,1.4305095672948367,313.4464664508206,0.5440786295096134,0.8981520550333125,0.4574277373976606,0.5948188876733649,0.6159478877671672,5.966109508725167,0.9032380775039032,6733.590436109698,6.6386331659149,0.4608364623556617
07119_06,0.0387358773397902,2.335401855908788,271.0892550143266,0.6367779910001985,0.9094005888853044,0.1716437769522609,0.66556674046701,0.7166094139497468,5.981958089100616,1.0702283424267427,4824.352378661214,11.929622236765628,0.1735436817104757
07119_07,0.0227462407739802,2.7022316206305304,363.47361303211926,0.6781252372104708,0.9118493888541002,1.532025808941483,0.7452198473470427,0.7583998431344495,6.202645735206662,1.021049958207131,3727.6357384565,9.97376926714093,1.5392148091645272
07119_08,0.0449506736402535,3.483859449994844,222.95053854500225,0.5961819207567436,0.9061454695037978,1.2473349969763188,0.6871712102508348,0.6888082660159992,5.847307655057486,0.693995338466934,5821.4551349721005,12.108495915267405,1.250326606480377
07119_09,0.0301410109372434,3.710005249090373,307.2139208173691,0.5662204758880844,0.9005069121904832,1.2017392740442614,0.6461575792911806,0.6558288275686435,5.982654247115329,0.718091528798334,6592.947213252843,10.354391571910094,1.2119599762376072
07119_10,0.0338479505903157,0.2494825478151262,231.32278100581047,0.6728756638689425,0.908351460750671,-0.7657708668639347,0.7162484176274928,0.7317660562833554,6.090669312152235,0.966242223062856,4353.379683877766,5.685907562155537,-0.7641274188564933
07119_11,0.0888743005272423,1.9992755778914169,247.3207593266717,0.6197126294285908,0.9099010613634833,0.2475645428301385,0.6440795213061671,0.6800860141050075,5.957956141909158,1.6675729458239823,4083.827262524232,18.444108695522857,0.2485471480298045
07119_12,0.0253359195106337,2.6363610505600086,290.28646299946246,0.6333422030770792,0.898305107105059,0.568695676004327,0.6799551788075876,0.7345503183744396,6.109876058116787,1.089730368748877,6672.717304281733,12.015849797545952,0.5732479284720984
07119_13,0.0501000025640522,1.6167381740062756,254.86566451920783,0.6918801671393332,0.9150693026794392,0.1850233775106956,0.7022337016730829,0.7830002117340893,5.93445129068456,1.447778413525818,3620.097475540524,19.2278403591613,0.1834150973465712
07119_14,0.0461696380618503,2.2637227466268124,257.7387560024348,0.6445770932253526,0.9111439481504936,0.3282733594652499,0.6798455816159457,0.7384121260368633,5.838430562975823,1.105917402914102,4481.415716574013,13.574174524803723,0.3311858986628579
07119_15,0.0205378923468342,3.853989427369119,361.7004635682872,0.5620181119118549,0.8958193905185159,1.5445142491260506,0.6282808825971323,0.6695381699877002,5.9683988918257445,0.7335036450670328,6339.22636466278,9.620842469991285,1.5591474977687567
07119_16,0.0409897232571582,3.1396119389932737,230.03187325839883,0.5785476463670832,0.8977214099772491,1.0980219325531548,0.6371471823963439,0.6552622438537963,5.97097784009578,0.8334998823546211,6044.461553588987,8.143393134658183,1.1033865996903944
07119_17,0.0264787318152749,2.6982163405199544,227.365903005058,0.6079639737385217,0.9097693488005693,0.7167313071344575,0.6526817580867852,0.6889544719672592,5.976218851005897,1.10210115992444,4333.998451812669,17.369846199454663,0.7192457562307881
07119_18,0.0212518024574924,3.0721907312917134,332.6880962569537,0.6291649789794168,0.906746010009081,1.218620301414822,0.6911275465932131,0.725459556878539,5.949109425040438,0.8476786945203775,4869.584986043778,12.170046501480588,1.2262185958568108
07119_19,0.0840253718748982,2.612189537202214,400.7778289716181,0.6280562159490825,0.9059067992988098,0.8723790443144994,0.6883802280348229,0.6863489653236653,5.9994382299632285,1.1751884633998428,5447.576879486211,10.127583643471144,0.8780816315829322
07119_20,0.0607294725458967,2.043077208234287,197.2610350429334,0.5984275237005225,0.9073520035475756,0.1602766820158123,0.6194645130610029,0.6730456453559698,5.842170038309292,1.3101583918048845,5069.381035043941,12.762732955245538,0.1620590869130761
07122_01,0.0327624368965356,0.2010580437690442,296.562931700036,0.5452983052292919,0.91353539077279,0.1054314485077761,0.4535455512352194,0.6779256871570101,5.3725677340174975,0.7318473180419982,7025.263552295918,7.50559689643732,0.105594222394491
07122_02,0.0217903818711869,3.948130904519548,395.2503854176113,0.5808597229949864,0.9102203475023276,1.2028824232018656,0.6792911823341914,0.6821268485137948,6.232352594251149,0.7751732045377842,6597.264043406894,9.248464396214043,1.213351784803509
07122_03,-0.0117747886293459,2.545926775644469,304.87859237536657,0.6428778928660026,0.9159190878700796,0.652190301728394,0.7016131281444955,0.7417191844671227,6.115461686967516,1.037065078888993,4714.065793099226,19.65716489270708,0.6568218098890147
07122_04,0.0217923440728097,3.4628982293480584,576.1090965362495,0.6165881453293562,0.9060598418341288,0.8371417796971959,0.6888888948808874,0.7427247344540097,6.116773309586831,0.6856389084159756,6266.081376972585,16.982810981854023,0.837863170391314
07122_05,0.0506203853257893,3.021592592647996,469.1321272682351,0.6181769719777355,0.9109307857092596,0.9542040092273428,0.7139810489440612,0.7037284392036736,6.176213547581302,0.8546902837995731,5007.149928105298,19.25862284351236,0.9605631434386882
07122_06,0.0062055978016994,3.66788663665122,393.4517237943404,0.6140929277640326,0.9122191637642872,0.9526560685426658,0.6832020147775862,0.7347343428988501,5.92508916752791,0.6443537198146134,6089.510305343511,16.748530149456716,0.9587921632649732
07122_07,0.0087528904074016,2.277405577019312,437.7207419402326,0.6742350152586029,0.913753790574846,0.8103582574601103,0.7206906909449289,0.7458499455380049,6.300963613848253,1.144590470168232,3161.622648752399,12.649783515850018,0.8145323548706515
07122_08,0.0377057953494519,2.818497478718122,328.485947206762,0.6555689580731483,0.9051560057967252,0.6484784221033284,0.719180762779141,0.7486380772201265,5.914904377186526,0.9079239378608136,4851.633992779784,17.20065464227104,0.6519748116847148
07122_09,0.0172317648457039,1.5514114878047076,514.7681750654373,0.6101009583619217,0.9096878846909724,-0.0312015023177885,0.6545346660364215,0.7301502654225273,6.180325759116225,0.981232513170474,6954.761753304841,14.937057292415473,-0.030223486611253
07122_10,0.0614194117356376,2.1083275712494016,266.2934120150914,0.6591267717035408,0.913341964037988,0.0792969071556419,0.6962327914621519,0.7396746060456165,5.922857414216891,1.2277918092089783,4144.773771909402,14.476717162210871,0.0786899817142217
07122_11,0.0334766594503121,3.49653454194737,435.3735858927132,0.6418495352474434,0.906553596931815,1.3709564389231097,0.7343348115422526,0.7286620505571594,5.933923813834215,0.6849869625848974,5986.62370342367,14.345955732378416,1.37836652270458
07124_01,0.042168261601346,2.656401119393578,266.97554855966104,0.5488085613048493,0.9073970021371852,0.5637842390984752,0.5796986863167876,0.6280817602367671,5.983948433861747,1.0908753362998214,6101.896983109024,13.138114813275587,0.5651654485828735
07124_02,0.018213144128473,2.3258423992334856,249.55460268223703,0.5895531437384278,0.9032008975295313,0.2805793681807198,0.5997138050748538,0.6872304206574739,5.782431673532602,0.9909089950421796,4459.461063077517,16.943565538540685,0.2834610760752754
07124_03,0.0527499586167732,2.4700931524983774,236.5158373750075,0.6111404260253752,0.9137334562932324,0.6499177070604044,0.6607423692280798,0.6849773213911861,6.05985789128815,1.4411962446307556,4377.348595430308,26.47691147760032,0.6519867234211661
07124_04,0.0327090533465333,3.123232468594838,442.2160468938994,0.6569200243469382,0.9148822095918142,0.8912816135661942,0.7332781896389381,0.7439087746806016,6.325311068621828,0.9057251120394756,5431.656934697595,18.730814426971165,0.8973915982644307
07124_05,-0.0181839312903299,3.0704378572173066,476.5944786420444,0.6820461987593884,0.9179731538809826,1.0423464809504288,0.7556562491665157,0.7811403236070388,6.223255360398893,0.9443756471973006,3991.563097737345,29.118496916828686,1.0464791692429936
07126_01,0.042667775291365,2.9385549306911583,346.4727612812719,0.6054045793254583,0.9111795273448822,0.6398209056930535,0.6576927499570403,0.6769254242525634,6.021333255529821,0.8022260940562709,6932.0438818215725,10.76842443083413,0.645026749514818
07126_02,0.0386604588007089,2.817356623182829,243.03955599912368,0.6592600292892808,0.9048743905739282,0.7384427084689057,0.7175334362468031,0.7410476606277575,5.85026846210026,0.7757481804140549,5429.4677033191365,16.733887872624667,0.738997192337994
07126_03,0.0624829562699344,2.2147481987096107,272.66694866604223,0.6786315311894735,0.9183172891566268,0.7886538770135253,0.7252226854639539,0.7467447548313167,6.060373934248944,1.6261354386073734,3492.210548669833,22.14713441839055,0.7918549812741175
07126_04,0.0310425001202476,2.290832285262112,273.8664131812421,0.6749048001428617,0.9174157383678676,0.3453626190333462,0.7221336030711197,0.7626040680082129,5.999846643555066,1.0750591704688417,4576.415667166417,14.190103309124876,0.3500389332567343
07126_05,0.0366909799775181,2.976222653285268,380.6063527588879,0.6401178828059917,0.9172167174793284,0.8890463210560703,0.7134783832538182,0.7416167301192558,6.235196514894575,0.9905078786071252,4994.837349397591,12.424351084841245,0.893330518163246
07126_06,0.0336733542833934,3.108039290784255,612.1255559867459,0.6609236270207953,0.9142303965258308,1.144796105933202,0.7556685619015675,0.7302335485616642,6.202068433120504,0.8956790186148811,4961.99863145328,18.0565621539904,1.149538985248502
07128_02,0.0500838027199626,2.38843510250584,410.0864344983656,0.7054981486836925,0.9109526405728612,0.7035773468220365,0.7637329137682597,0.7841832143430959,6.232947850218061,1.383520510923375,3698.069913919799,9.44401155082765,0.7106394307454792
07128_03,0.0697136347633813,2.5376130817438183,452.8593952648577,0.6868878607154584,0.9137966559394616,1.0491663556583544,0.7493539526033407,0.752648270486073,6.154145843105649,1.3174235307687847,5081.816083479839,10.046613284459056,1.0537065947340991
07128_04,0.0476884438576999,0.0854652052657066,348.99115878816457,0.6863149699291095,0.9096177302784092,-0.0904918614063443,0.7520170754153732,0.7142318621561767,6.158488761997173,0.9977129064172048,3130.9820149216857,7.874271813554865,-0.1080538743907423
07128_05,0.069796139146018,1.976268453983257,475.9742557345047,0.7312427332690303,0.9177096882385094,0.7971528840663373,0.7641242582798858,0.8036851893361701,6.071532102510811,1.3204333424102233,3686.729108038664,17.430721163636747,0.7974420009254471
07131_01,0.0947376965910668,0.0154123109430012,271.51387587170973,0.5081728619010347,0.9134248788968252,0.10876750179269,0.4291141071478889,0.5915230466841849,5.259995773972044,1.3507466436586206,7299.470862563776,5.265944357428444,0.1105653358955294
07131_02,0.037735342111171,2.34948989497042,370.28270394325057,0.6198996399936675,0.9084631811001684,0.3791192470872235,0.6733166823404555,0.7072121952263167,6.127287035956776,1.089387657904728,5687.098804220399,15.6329264508666,0.3799419889089085
07131_03,0.0337531288489181,3.222636151054922,405.8999300209937,0.5321943955049487,0.8845712057312471,1.0019897433347076,0.5598090429054899,0.5914473099957719,6.002362085672715,0.7542279479265044,7498.385878278715,9.510518975256884,1.0167347629269117
07131_04,0.0197795171767929,2.8565053115847383,413.84928619335057,0.6261390632434438,0.9065742845988456,0.94185268038212,0.6987045278036221,0.7325874365481145,6.069209981322829,0.7467979554476212,5640.620598849117,14.70947246803104,0.9474537632602166
07131_05,0.0247433313777806,2.525439743337796,267.6853203568532,0.6829943386731467,0.901803002994095,1.1324859907730196,0.7321593124186141,0.750215139510229,6.079564132188395,1.179695313098709,3562.047555152137,11.692186613361756,1.1367972701114688
07131_06,0.0346883343152815,2.5008747203226287,306.5426524405959,0.6564656313115761,0.9135681191836792,1.1637418765080825,0.7082041141531359,0.7260982674642686,6.077993166137231,1.2296200870347562,4470.799009742853,10.736828350055514,1.169147081790913
07131_07,0.0412996591645691,2.997123428223347,234.11947183009352,0.5699779305435699,0.8955015176171712,0.621523714030369,0.6345237241955446,0.6564853187762881,5.886035481163018,0.7953720281306846,6781.15011850347,9.991344441209884,0.6238056556914061
07131_08,0.0369723271618509,4.362880896040421,319.41876051678406,0.5073344126018191,0.8794284012638868,1.4063824636749005,0.5639565177652257,0.5842542012692948,5.845214267103302,0.7488913122871201,8417.56412570772,5.873564959389788,1.44098566867073
07131_09,0.0418733530100837,2.480575392557256,248.5646393643032,0.649551181050905,0.9057556221085202,1.4362051730162402,0.6923632872231359,0.7321675841569664,6.062857024752234,1.2306141654217386,4786.868199368199,9.882576056824714,1.4437545430190322
07131_10,0.0828081759584561,1.389548113604272,213.14643610865272,0.6391570235763943,0.908519382065708,0.0851271931981027,0.6331641536853022,0.6944894058664752,5.810648697606802,1.7123196420469982,3894.267858394672,13.595810013560875,0.0852116080387811
07131_11,0.0331506890222858,3.740313587639916,245.8295883975079,0.5774286409868292,0.8935871548910433,2.1435979336954136,0.6678217121684942,0.6724613650147684,6.0267880002991285,0.8787559774322422,6226.019861892219,6.690776190061665,2.170355964206682
07131_12,0.0314415446268451,2.317921121969603,354.41448774498656,0.5841357084772698,0.9068798818257572,0.3651187848748076,0.5947381581675703,0.6901058390758341,5.91238041131329,1.0844701017046434,5062.442102381604,16.4778851043711,0.3671500881431168
07131_13,0.0332740740487158,2.825135002099648,415.30339119486473,0.62304542135976,0.9009676284913056,0.8060708179639132,0.6904815636399017,0.7135113545198422,6.133518986200187,0.9526874569299486,6306.561800198302,14.37585539685307,0.8070249747344822
07131_14,0.0236475019716902,0.864185336690788,343.9959963603276,0.6883677023766067,0.9100425948530276,0.3830920059977137,0.7179850851113865,0.7435685919110774,6.055761551341838,1.3177968387923356,2415.7176752546434,11.118003853419664,0.3827930020504011
07131_15,0.0680521033366032,1.9076096461316807,312.96951247012134,0.6508202967632291,0.9092690053876852,0.0954716587817655,0.6774017699155815,0.7109454512442372,5.877958618712403,1.411115537964427,4216.8390340721135,15.980615130266004,0.0971136584095649
07131_16,0.0304068128210013,2.3723666249431266,393.39986678508,0.5999908923430757,0.9094691196805764,0.4456979484042848,0.6207138533699971,0.7043982099536703,5.870061352504524,1.0464571161477911,5224.183888203864,12.380825994519313,0.4417498225427386
07131_17,0.0467050464219962,2.3047421452436443,191.3187406958152,0.6141572685079157,0.9048532829105213,0.4856922118129432,0.6428961682211071,0.7038903801202917,5.828931746973771,1.1077811975736749,4659.158479415859,15.407747731754956,0.4886089056872786
07131_18,-0.0366596714932544,2.1693975680947046,426.4983715661286,0.7237359206908603,0.918167753923055,0.8981605219470801,0.7553439303269812,0.7920788898564698,6.168244724646832,1.6989955594695183,2633.957798748807,23.8415537407506,0.9040143562850762
07131_19,0.0468591582221992,2.3335699531990928,255.2817723534094,0.5287563438245224,0.9013558238496836,0.5241527938534934,0.5303349604869536,0.6253582566598606,5.9613555720111,1.123526503922108,6986.74262086514,9.606607492613769,0.5298710550380401
07131_20,0.0298934377832748,3.275741788003764,466.1709104680434,0.6276997636257506,0.9101954214220096,1.1785226685294743,0.7263896198875235,0.7166263896433254,6.1198109418688125,0.7717258832750067,6056.270972083633,14.407552997286553,1.1844026492978637
07131_21,0.0100043209054236,1.5655786292692355,303.2797626983069,0.6917801401748441,0.912249993502325,0.6618563504140537,0.7161487236926083,0.7506529710922526,6.04234373530555,1.4577355068726998,2956.7150350484003,11.39696186493889,0.6621434917995869
07131_22,0.0248687994169774,2.0564188153253866,286.1685920491628,0.5734134864129468,0.8995378377249736,0.4634469638557917,0.604274031603717,0.673744234693195,6.044685667182732,0.9817535898659148,5482.317367741935,12.55918547513786,0.4658243514699709
07131_23,0.0394773026870787,2.1191056956253997,194.44772759827293,0.599033652585865,0.9000491153768156,0.2643322444452787,0.6182474889720458,0.6882260333625085,5.71263949791762,1.090090901928965,4757.83465905974,16.513297575530217,0.2619117781385219
07131_24,0.0269455860100249,1.4034397000748489,341.20382921490545,0.6526138690340987,0.9070400584917464,0.0592002209897923,0.6808908093325606,0.7365715100063422,6.025754256680585,1.1621756331567847,3820.870608155778,17.92389021000635,0.0574765688192001
07131_25,0.0886413067221732,1.7877555459868253,288.8216131491994,0.6145012376376012,0.90484814450426,0.3021789079346957,0.6145561469201268,0.672084543424061,5.786835761972954,1.48914551576065,4050.522664645908,15.441120095261116,0.3028555635287295
07131_26,0.0283402746637109,2.6931206572605,280.1702364766978,0.6350462464089859,0.909335901878034,0.9689383984035096,0.6936450569408884,0.7158447301939496,5.983650566919378,0.9829109307373728,4841.402153897662,15.572605721996863,0.975863628902047
07131_27,0.0323380627615853,1.4551332350113444,331.6701944376077,0.7067769580192644,0.912425173677666,-0.077110108836864,0.708572732777323,0.7634669942721202,5.944173439798184,1.698558826553567,1839.055089485459,24.78138571510698,-0.0762711056174859
07131_28,0.0095576503303028,2.1784762193894456,353.4210880146288,0.6286309922105977,0.917412352157221,0.6663418928141579,0.664806776915681,0.7322183213699962,6.140220551212784,1.5470614144594106,4179.773339480357,11.938255317169585,0.6672207511102376
07131_29,0.0194878571917683,2.066256391626009,318.5997933973228,0.6413327797712747,0.90920042122176,0.5114838046821889,0.6583744570371259,0.7414001005316433,5.955068763819588,1.0723165138180772,4586.940481504627,20.13643059658863,0.5169645656012266
07131_30,0.0348646536725231,2.709690643621099,272.5732664026436,0.5717997265980774,0.9072883211225456,0.8791352926845111,0.6033827900192145,0.6842358923020307,6.128488716477532,0.9937089715133668,6336.328694154181,11.31592970274353,0.8884638285911057
07131_31,0.0193334035848702,2.4225598524590244,357.61240231143245,0.6242398770442582,0.9134535377551456,0.5044846187068215,0.6633893689939779,0.7311986400009531,6.031533308964502,1.1514659600365549,4807.637910158614,15.159382634479954,0.505493906883571
07131_32,0.0672083152250141,1.4875717165454494,278.303659150272,0.4943060512295271,0.8863173844916288,0.5269338169310824,0.4557146550616412,0.571023940761959,5.607963219746165,1.147505216084021,7417.519217911053,6.688905243831359,0.5387603303799462
07131_33,0.0257082187443367,2.914369132169022,286.71262099229426,0.6231609679316511,0.9137104300888402,0.9265874260131636,0.6887284973347454,0.7239262974786795,6.018990085172005,0.8186965286206227,5645.41632944537,15.599073144285246,0.9347709573983308
07131_34,0.0678809662987388,1.7489850319423856,305.0494086991381,0.5305938956081167,0.903344777420082,0.4110387691052909,0.513025459034082,0.6177280506401837,5.876006061496912,1.2085614710997348,7279.139690214719,9.360282590493131,0.4189075697169518
07133_01,0.2039470199944288,0.5106996837193636,346.4915558163798,0.7863697720599645,0.9046808406570772,0.2290668563622775,0.7295449072076081,0.8112900912720357,5.946415608198476,4.2897487812678845,6489.810939844496,13.40870209397666,0.2296525486019432
07133_02,0.1488205786570401,1.124513271609501,354.64736319231724,0.7986128189209587,0.9076491564504718,0.5488583839563241,0.7640846653620764,0.8277964404174549,6.168528263829207,3.6686716369980585,6206.757847291571,16.783775479406607,0.5502446831978348
07135_01,0.2390426431011234,0.8701464553668765,349.00573457612074,0.7378857239070787,0.9067781455484754,0.5838675444208203,0.69522537439436,0.7749270856328849,5.855587273755006,3.3806105106012634,6214.892391430226,10.28347277702145,0.5863895082484839
07137_01,0.1545744383184873,0.607807478850938,373.49854860686,0.7728243492256676,0.9142039209011936,0.0322096156985061,0.74357673191823,0.8170631972538465,6.091398725121214,4.268062610064584,5020.666828705111,14.924940264639144,0.031864458451041
07137_02,0.1204889720047338,0.8063389066439701,304.6704186829371,0.7833129070568551,0.9161112530258192,0.0713886750263706,0.751911285140114,0.8324185431956035,6.137466665588413,3.762902720847491,3837.944063708412,12.83764688808254,0.073509081222015
07137_03,0.0960280219074385,1.3082750327618256,299.19181162418374,0.7274661478334934,0.9112939317259328,0.455385553290685,0.7044998808844052,0.7729699215114473,5.950997452750404,2.805989939084797,6017.74497021995,12.725818223560818,0.4582277084346071
07137_04,0.2105985598805302,3.69461329706055e-05,313.2793985860799,0.7934180774663152,0.9139925437610704,-0.1688188789190314,0.7309274898228642,0.821444174273956,5.768446541298662,5.566391428744804,6570.223914117594,14.978896522858346,-0.1720414512989004
07139_01,0.3211514959403439,-0.3373754061659222,320.95218068535826,0.7693248974991724,0.8985857187883345,-0.0767224468249516,0.6802487041952051,0.7443715766784732,5.465114019248379,5.334000365866822,6954.364470325463,8.87192133524683,-0.076405124179406
07139_02,0.2786586691588634,-0.3590829714071216,313.4108370914569,0.7627164033259843,0.9018414770212676,-0.1816022168588392,0.6746845704594507,0.757548400319425,5.595331637109731,5.575708483183128,6586.34008914473,8.819895840761848,-0.1836537355692803
07139_03,0.2235336473772059,0.0879812039030289,303.6755419895124,0.7967491941806675,0.9108207606059212,-0.2175082029661988,0.7343541621003403,0.8275450564954547,5.9923318959437335,5.147008495478984,6173.870907588812,13.31585411775029,-0.2183746426817864
07139_04,0.2052643455016213,0.3684656310820232,348.44566461523146,0.7972855577217832,0.9194185474589366,-0.2296331584457051,0.7510326192746379,0.8342772672206711,6.062287302552161,4.407916502942001,5620.6730459202245,12.942267481261313,-0.2271497785430015
07139_05,0.2328384649634782,0.3384352853210778,276.81486436269046,0.7703230639613949,0.9087980326879708,-0.0122186444301358,0.7073712084980217,0.7959663789270744,5.787876107233632,3.7371821497400353,6478.812896878633,14.00952366333958,-0.0148273639375108
07141_01,0.2450059410891596,0.3334909026459683,289.5435162846803,0.7546345541640769,0.9189848821605122,-0.2275530225119153,0.7225319935092362,0.7893276626309856,5.964703100211504,4.876810995653719,5546.862556099552,15.050206461659805,-0.2249965364615972
07141_02,0.1916817269585123,0.7964145918367559,322.981690771622,0.7249587858884408,0.906809567643472,0.1141951250541445,0.6912225787926052,0.7544126931643923,5.856891099156079,3.7099859949188216,6443.233327080011,15.623770823433098,0.1128812935991604
07141_03,0.1367151865174661,1.6102544858418206,341.00845676797707,0.7483589294544783,0.9193300866725044,0.5067886410233268,0.7463739073473011,0.8032823616233614,6.124272371311744,2.402588108674908,4770.753494614856,20.037457410036023,0.5071993581216455
07141_04,0.1857959517987916,0.9378119255481324,298.3948829931739,0.7372979130875825,0.9066069531022216,0.485763590953509,0.7001689300468218,0.7580121741966388,5.852246113930382,2.8253092695156816,6483.894402472528,11.814101567246842,0.4868905537967722
07141_05,0.1457266682937442,1.6152199826253315,360.8674168650364,0.7717746628236953,0.9157150341697832,0.6296350223148038,0.7630699731597068,0.8006356029829993,6.176398456075561,3.204872883216374,2933.2510109763143,14.92742255920698,0.631965446652924
07143_01,0.2179289374172026,0.4978927394523178,315.0939579888207,0.8054017413054989,0.9120046780832336,0.1009183871931375,0.7463476499317568,0.8171585964884611,5.809504001763537,4.451286440922592,6534.930388095624,16.535178581087216,0.1018011201799325
07143_02,0.373131292753403,-0.5827245698219699,329.61966603080333,0.8101747398642372,0.905900249377158,-0.4717963446829035,0.7313015447367948,0.8167347252398209,5.706503924860704,7.674273915539356,5702.157441601294,12.90909816419489,-0.474678556469945
07143_03,0.2787551378840355,0.1821744463642157,266.09571148216065,0.8076342558754736,0.9145707360823534,-0.0309364792632708,0.747072566150135,0.8202188096295062,5.864059215382699,4.286505811148473,6061.380660153871,11.387744646239453,-0.0306365409070797
07145_01,0.2913788982239835,-0.4532280514502589,252.11111738595164,0.83078311886567,0.9009054427252496,-0.1850071365296464,0.7527912109839552,0.8175709249277407,5.662037788853096,5.694065505067227,6660.0467599039375,12.268366175162203,-0.1853849258684065
07145_02,0.3299064931103707,-0.3004543211801445,302.56478247439827,0.8564577636121323,0.9122676575583504,-0.2976760958224212,0.7886168737429624,0.8541751470553304,5.776298645904977,6.507783288590439,5598.858462553612,15.099445221573118,-0.2980196001457988
07145_03,0.2529666803038387,0.301857594622656,302.0863836017569,0.8183780796860884,0.910993200882936,0.2147886138432702,0.7538437717984546,0.8113025950424751,5.819909914907524,3.832169718089055,6203.548278517214,13.74014783603075,0.2139697603744586
07145_04,0.2606561473468316,0.7091516457667886,284.6874219700681,0.8054564317927019,0.915458061374158,0.3164980860548327,0.7570145163593904,0.7894304001149818,5.837275377931565,3.383560398972828,5723.962588191608,17.103593299838764,0.3238899320204098
07147_01,0.1172837649892283,-0.2803945816486934,287.59092625967213,0.8304410860761868,0.8984347289149129,-0.239291177081153,0.7364426487756247,0.8370838087499479,5.652001727316038,3.73444149136568,6816.306361607143,16.109476387852173,-0.2425289652692068
07149_01,0.1907587914071965,0.4271876845762695,301.4089860637284,0.7732992424678646,0.9188370838351452,0.1612033167403628,0.7131613937132609,0.8005742190488273,5.707405898385098,2.7508635456769115,6059.67009689275,14.885870063681246,0.161068663003386
07149_02,0.28363082409558,0.1712962377012953,337.5586348799106,0.8092937590818856,0.912072727755166,0.0095910467846342,0.7358824522619912,0.8133427572783398,5.649088097752963,3.783066568806549,6211.165423103933,10.995116730731375,0.0122933090779843
07149_03,0.4665642370392726,-0.2700487239856209,278.4411033282215,0.8059296550847146,0.9048447836122424,-0.0891221751219952,0.7295070804585851,0.7831551509470073,5.608070592836274,5.924966451681033,6692.028924577483,13.688877400384404,-0.0896253491000393
07151_01,0.484949656482128,-0.4673505809398031,303.9719348648736,0.8548440461855997,0.908917720991504,-0.1664696464321458,0.7762587243199806,0.8291517071189555,5.680802514110277,6.559012642906364,6072.13866357667,11.698426102784437,-0.166066492332157
07151_02,0.5357854015780503,-0.5220101817008865,291.3573051018191,0.8448045832708128,0.9067095131411848,-0.2236802012973202,0.7686479390275717,0.8138797260711508,5.570917099205737,7.118198789310222,6031.493257093538,15.427071155973552,-0.2241448027887417
07153_01,0.513292390868932,-0.4693009224893874,297.0455864702673,0.8700090675255459,0.900441966636037,-0.2743727029015182,0.7872963251071574,0.8206105087972938,5.556003196991904,6.131379789049118,6490.650191191049,11.914094466217012,-0.2757555212310724
07153_02,0.5151820778394227,-0.637648806417764,273.09094991635885,0.8748040841612694,0.9041540308904144,-0.3200684510549665,0.7966819586374899,0.8312751546718099,5.576597188986615,6.041248358841055,6739.576201605528,13.528813929379671,-0.3220184830322608
07153_03,0.4630829876281628,-0.3884714152623038,348.4661001056133,0.850391574883544,0.8943269695260592,-0.107834247364047,0.767324506161836,0.8028206472554976,5.6227337569407405,6.238724936624746,6324.212450715916,8.614137159842233,-0.1102897711582706
07155_01,0.2777232891703229,-0.0840140401078692,276.8897783076443,0.6932472887670507,0.901442109962412,-0.3843321714809858,0.6300443258135696,0.7123442579429135,5.746201012269741,3.072952871273513,6443.363911394766,9.225482048056143,-0.3908803510814384
07155_02,0.2232099806587255,0.5320675631618929,290.3192465854017,0.7917923070432947,0.9171428903617171,-0.2676064878237432,0.7525115182720618,0.8018747875984703,6.061304781875462,3.202311026644495,5535.199416600372,19.075954970948573,-0.2698298388178982
07155_03,0.225772414095384,0.5280012405691897,290.3064381037467,0.7522270139186258,0.9067959409439332,-0.150749774564332,0.7173404578808309,0.7570587216500596,5.998564802096236,3.1681438169376865,5813.959778149566,13.49617970587398,-0.1516480948486468
07155_04,0.2453470400060131,0.539191939536898,252.5761190925433,0.7429834012298664,0.9110401979039756,0.0377268613208836,0.7005840963729064,0.7561436472762294,5.918535316484669,3.504912755585712,5635.703938835415,13.37907160153187,0.0399194437039832
07157_01,0.2364184139192783,0.3375260056825678,266.39771050395746,0.7747460186243271,0.9015962592197124,0.1854792635532967,0.7058945494624832,0.7631207262550747,5.674314929770767,3.609533297225585,6978.898554868794,12.909788567594504,0.186847117767672
07159_01,0.291810172469556,-0.5174943135809548,274.31955461103297,0.6089907626034032,0.8986254901479702,-0.6415330354118406,0.5270377834042983,0.6387119507290554,5.557532145382234,4.637972983349827,6473.792910102898,9.533013471946076,-0.649606779376732
07159_02,0.2822243651909153,-0.4141462082605465,260.77650052353664,0.6224950730640064,0.8982497482368469,-0.4958485114691769,0.5429847905080701,0.6639225400069332,5.682169824148046,4.678221168740743,6689.366257872059,11.244082530168336,-0.4983010858617634
07159_03,0.3270798981113444,-0.7930722946868308,371.59573065612005,0.8617775280678197,0.913177667415786,-0.5175060711611538,0.7845178138616299,0.8522541066367434,5.731193444217094,8.425297910106428,6317.215216342287,15.848228595977144,-0.5211801072108666
07161_01,0.1737992335951546,0.0645483884889071,235.4549863061886,0.5124151753884215,0.879940594094157,-0.1285966630754598,0.4356964242815719,0.5394214491130218,5.336736082763627,2.393942516567895,7207.024314025927,7.443588893042562,-0.1299181289298281
07161_02,0.1585835361894318,0.3360141706742662,288.9694536352033,0.731888213071472,0.8931599585512604,0.1413893992667468,0.661829099588205,0.7423388665425867,5.672349373006133,3.8804042254332014,6848.139619988835,10.683861974930698,0.1437245494164111
07161_03,0.203298669661878,0.0016477269993448,330.66474605736994,0.8485606066875515,0.9129016129518144,-0.1955674619378121,0.7712097853650026,0.8627260078017217,5.896330915336674,5.886449513947262,6784.327186440678,15.134931248167074,-0.1982365831818033
07163_01,0.207845683122361,0.2808115805537983,305.9806544388973,0.7391609442146186,0.9066863389556282,-0.015949816869647,0.6801339315932039,0.7598163909211298,5.8490717198975455,5.206830227553303,6370.878332690431,11.185702594532405,-0.015031512194154
07163_02,0.2540920177594727,0.221744366999328,302.94261007327214,0.7502060203180935,0.9062935792047268,-0.0030969232905228,0.6819434223818867,0.7708512860195929,5.760064101279824,4.373628779037761,5921.427631423787,10.13453929410846,-0.0039129521604206
07165_01,0.1712999537519617,0.2004731444167831,210.04194051294596,0.6613595972822005,0.905252368658833,-0.2903338147002956,0.6148150326479803,0.7152607264622131,5.899161804555522,3.699298065640945,6591.577972410773,14.273128907725177,-0.292915741033264
07165_02,0.11847061755835,1.6132758398684488,399.1226086582692,0.6926294421709364,0.9127967627892768,0.5100589989574078,0.6914945026714051,0.7691501790137881,6.057221243119051,2.311993852063157,6422.83448913546,11.931640769994017,0.5138160842016923
07165_03,0.1665495878628906,-0.0818405451671151,294.260049749716,0.7042491256443275,0.917415896383746,-0.4124979293263993,0.651510889215389,0.7758092212051111,5.996460841655669,3.280044871803956,6049.478910967176,8.617906151640256,-0.4186680182123025
07167_01,0.3174618728240978,-0.2447742196793661,348.59849144799745,0.7764090949904565,0.904807694340252,-0.2808956354265737,0.6934427141758784,0.7839866422400564,5.710016571653348,5.917832435967972,6334.228870670044,11.601649541084832,-0.2833126496008076
07167_02,0.1410449960191838,0.6052250336582087,323.03907248053605,0.7659340667976132,0.9184921132957506,-0.1952905345849733,0.7386287264742712,0.8058942986655587,6.071776910146332,3.90424451109105,3338.0794376975546,12.610690847462164,-0.1995763532348486
07169_01,0.2433198787012397,-0.5453606153156646,387.4184428833966,0.8037150204631082,0.920349105541572,-0.3968664570473056,0.7191854454417582,0.8247474920965073,5.7427904586904965,6.363861666146239,6056.588505222067,15.206850841558332,-0.3998757905866522
07169_02,0.2021301123711497,-0.8036545350399967,440.8560338400701,0.7608341107783564,0.9141783795559776,-0.5696527164042491,0.6761549427749647,0.801453045439357,5.820250283387234,8.051244913056456,6611.061144770408,10.757963204586767,-0.5745110203050383
07171_01,0.3673992230825288,-0.3721670519195086,279.1967332416916,0.854809785299262,0.9178986589929464,-0.365157559085595,0.7878757788728827,0.8467190193498043,5.784503614546954,6.685369007464841,5977.089360931202,17.094941180749416,-0.3669020595593987
07171_02,0.4695488075077809,-0.4110488703662301,302.4578351516963,0.8244253997104614,0.8978840986502958,-0.1859354096116433,0.7413106109330319,0.7734972571618262,5.490948903856642,6.017221273035691,6753.672526943224,11.062639797976429,-0.1869249584149215
07173_01,0.3623377347311343,-0.6395997430173527,274.3566247324637,0.8638396689162805,0.9032808610596792,-0.3880050412028457,0.7857857529340951,0.8396880688974573,5.576894596741173,7.825299048403631,6524.902401112611,14.781789936451585,-0.3904126424529484
07173_02,0.348325701627576,0.2001712050192564,263.36628736599465,0.7111125132709956,0.9015217934034144,0.0330328386353034,0.6386036772526797,0.6933565306851454,5.491021546333743,3.732804427764708,6319.924321874798,8.277717403154911,0.0304040096002229
07175_01,0.391701558083,-0.8571618637746169,316.9523212045169,0.8491125408586919,0.9044854242083448,-0.5114606307934779,0.7755329361044979,0.8340185522962328,5.633175024000341,6.549020179710254,6064.309318618637,13.28929737038818,-0.5133246951048472
07175_02,0.3796261747639304,-0.898411461392009,302.5650171827997,0.8691700310048944,0.9112061229369192,-0.6141293944615197,0.795652432207659,0.8602255151969344,5.664637799198099,7.309992163181981,6161.640924580202,12.850279494426749,-0.6172903743376053
07177_01,0.2226695835222207,-0.0306699938048204,292.98756762979167,0.7574806535286658,0.902861991534575,-0.1316509346455166,0.6825208331532827,0.7875042091569152,5.777174437195908,4.949574824279596,7021.766501560148,13.608076751789133,-0.1329072867508687
07177_02,0.1498846409314067,0.4049098201575042,376.3710377264748,0.7822853779527563,0.9072944150122716,-0.1144983762135072,0.7296907635794686,0.82772583172335,6.094167514141796,4.669368419826972,5189.936757094922,14.01249226938357,-0.1139975322457713
07177_03,0.2655188083601296,-0.0411525699600657,419.9340187963442,0.8159699832121945,0.8966887950874052,-0.103785417891754,0.7290884306718358,0.8038842438167774,5.692815894730702,5.573528446647824,6976.00388341042,12.763649400614565,-0.1027679008097225
07177_04,0.2178643587172921,-0.2978525814224398,339.16115408864823,0.8001775172348315,0.9009602920737456,-0.4197463965601893,0.7180328360063144,0.8162510735599553,5.826305815827049,6.268253146372246,6387.468531768133,14.758785356481152,-0.4221485554858421
07177_05,0.1696943025285656,0.1002624724668697,316.9516898087503,0.7903676776295495,0.9098540035550756,-0.2746925577473518,0.7226750558515447,0.8308324187913454,5.918273425961344,4.510645004607138,6232.452037959992,13.69103032093875,-0.2759434935368473
07179_01,0.1803664930227357,-0.0080556442674325,304.8119409629001,0.7219001295098324,0.9064958633024384,-0.1971285149118987,0.6540390020136401,0.7610325760247995,5.904735205276158,5.09984901276598,5916.8501636562005,12.930898178702208,-0.1959769433963611
07179_02,0.2112184227292975,-0.1780464983416813,311.02370481604635,0.7736261859038265,0.9027682365851626,-0.2538935620406026,0.6909886873555394,0.7957004546487029,5.77851928477839,5.107167482183273,6855.688481228669,11.478552869867052,-0.2535022101017953
07179_03,0.247991793323306,-0.2681105890931252,286.0983781370896,0.713058881874338,0.8954962138413387,-0.1645716620042584,0.6268770253862165,0.7249956893292033,5.66553197822637,3.29509440022477,7242.589673530889,8.150346305543662,-0.1634333378406916
07179_04,0.1766706524042634,-0.0315274335826586,348.16443556882024,0.7570175348050687,0.8938095430160574,-0.1155143853692795,0.6742006706997237,0.7851612463208384,5.811367772778867,5.6272747916231936,6471.384356095275,9.826141154522965,-0.1141414873288675
07179_05,0.1816785453426979,0.0600662985211968,332.34161205291286,0.7567384388146525,0.9032707690285148,-0.0619858663365567,0.68199198318935,0.7977317638844454,5.776506657423729,4.783431579417384,7012.258108395324,11.672254168756368,-0.0633974914419651
07181_01,0.1757721925344693,-0.1945523140618853,311.5054530346571,0.7331757522613565,0.9092876050183624,-0.5775442923811508,0.6834110451466071,0.7860734873033787,6.023809773941434,4.930491388014474,4140.919383857833,10.145132457196905,-0.5806934539235868
07181_02,0.2893782945594196,-0.252391375182355,274.18601115619794,0.7306809369555761,0.9069215829441716,-0.2619057352835657,0.649923412557193,0.7480645403239918,5.612546085628049,4.477423883953572,7600.170899803377,12.116490652644138,-0.2621995496666117
07181_03,0.1708169649407489,0.1556827723462223,386.842489038944,0.768044367203233,0.9041080527833938,-0.0532585175526931,0.7088880825725876,0.7999515116379498,5.9378151668355486,5.0495936080428505,6296.1666934207815,11.372927717341724,-0.0537057894843222
07181_04,0.2136090652565687,-0.0811766126607563,313.77918368740256,0.7830172200090715,0.9047994142284832,-0.1699191577712769,0.7025875551299233,0.8038676915753934,5.757227430637042,4.814802854388824,7276.323825845677,10.113786690491718,-0.1704432602691358
07181_05,0.2041396650986713,0.1335196104794631,507.8609513023783,0.8204779658038348,0.9040796913901984,-0.0274050661954522,0.7513006629693009,0.8360842677498835,5.9788468589411226,6.074386431640131,7408.936462900869,11.502836057263266,-0.0287826789331959
07183_01,0.1461969402198975,0.1344248837343553,409.477771338687,0.8529179623349115,0.9020446329188394,0.0624732262391292,0.77359928948732,0.866406287186061,5.971110983626008,7.439802134907119,5807.818554749132,9.09497577599327,0.0626577672838178
07183_02,0.1485087376676416,-0.0307048956651572,300.3650058103668,0.7621800394094492,0.9047944819778436,-0.1419142875816394,0.6928551924844278,0.8044397877956315,5.912839141477261,6.677782011182636,6222.709476978096,10.68701679749683,-0.1417546282532492
07183_03,0.1676652090220498,-0.1483589920612384,316.3240304633677,0.7384011887404462,0.9045056659072744,-0.144952473559287,0.6599277959591658,0.7914096112434704,5.916646946263458,6.480460579587932,6169.937860549625,13.569364662155465,-0.1456719144506844
07183_04,0.1687911085787117,-0.0632833008503099,336.698138854036,0.8041431950028035,0.8984653118278318,-0.0959620406892577,0.7279239905448468,0.8303079120291605,5.908423906027406,8.305935797432856,5788.407273736813,11.389617086273518,-0.0967733884808984
07183_05,0.1377152874420467,-0.1519622580773743,336.1525339648909,0.7630629676559945,0.9023972777052106,-0.254858507328939,0.6935062785023582,0.80074489730335,6.04105426066601,6.708174604991488,4654.261643252448,8.07013415441154,-0.2635240077225908
07183_06,0.1456667551642539,0.0245773209512786,339.75775691384047,0.7711747605287578,0.902999346474371,-0.0844747241179711,0.7078436880751128,0.7955068571803662,5.904892635002839,5.822743084430704,5259.0628221731295,10.52177049838968,-0.091520857837305
07183_07,0.1368136605817075,-0.0011193569026891,313.9780222841226,0.803795961412739,0.9059045327610032,-0.2354158072206763,0.7330796376811294,0.833579177244177,5.912520920484173,6.633998787568608,5496.791444507236,11.59593886661446,-0.2362508693238156
07183_08,0.1026944729420941,0.1086444274065952,278.3071074328447,0.7474212773830422,0.9029101625503232,-0.1830541860369925,0.6842009142176876,0.7966903076023072,5.91211956856356,5.163589191024776,5032.178285806608,9.349681998716216,-0.1840723236995787
07183_09,0.1825454596684209,-0.0895570617887292,344.83363777261155,0.7869053991899739,0.9045563723336012,-0.0835093281791256,0.7057395291005745,0.8180613585240696,5.887638101151289,6.166469054081009,6179.5939868448,10.340852757825225,-0.0832023129999464
07183_10,0.2004351280242594,0.1093702369400232,370.2148477591516,0.7886052871687039,0.9101628479053074,-0.0019644924329375,0.7201476530899142,0.8293920541770641,5.992614047001016,7.01731441207455,2696.7533216875763,14.49735584906714,-0.0050316182457381
07183_11,0.1122142419267405,0.2876883228132097,314.4670687672725,0.7952434213071317,0.9084468088181582,-0.1225181928685706,0.7425161025811026,0.8294322599560635,5.955279357164143,5.855465421343646,3930.849418206708,12.674998290664952,-0.1261403836268587
07185_01,0.258673171200253,-0.2196531508471176,296.34581175720393,0.5613281136320184,0.8958712883200112,-0.2133477521848293,0.4788663165368952,0.616116342377929,5.554292877827547,3.477924068500531,7188.85333360411,7.598001122595591,-0.2182344202023738
07185_02,0.1210471503091986,0.4716823757003963,406.4557587376493,0.8284474824165945,0.9142311226510418,-0.1703316559397009,0.7755450505940831,0.8739368073628393,6.179222238718215,4.389196980107533,5583.45093277719,13.4569941793331,-0.1708876863507589
07185_03,0.160935289118867,0.3330218344310934,339.5087290041,0.7636386621974401,0.9078836193808654,-0.1965046380968086,0.7114844853299434,0.804801917818026,5.9901403469527645,4.756313318351081,4933.830903790087,12.202015697064988,-0.1959492637852872
07185_04,0.225685111047535,0.1625860942191429,365.8049677779469,0.7827847373067923,0.9040120472396458,0.0117227083833362,0.7167252568054003,0.8082815837776446,5.891003615671675,5.855260068733337,6117.772826211479,11.484730099664633,0.0089696748740739
07185_05,0.2010802921138474,0.1277911428406167,335.8157930161807,0.7648447098079894,0.9034455570948504,-0.046552546844205,0.7036105715477471,0.7850868164620425,5.913092249858706,5.778601424713746,5921.738643067846,11.144410299337684,-0.0471802971005571
07187_01,0.1941503158044812,-0.0098207586477784,350.8610212330185,0.6951501333431501,0.8952919824663563,0.0387363997512863,0.6112856716671156,0.7325148299307295,5.765600368720211,6.08035547025716,7146.616054239558,9.48114597459049,0.0380932429367803
07187_02,0.1575965013354945,-0.2800539065689519,306.3101478348088,0.7515549571787417,0.9112002550450162,-0.3250440078374925,0.6803219242768752,0.8119444132963344,5.939153985287506,5.260300047729524,6386.1354387547935,12.524420087135104,-0.327725637594266
07187_03,0.1499096219447379,0.0282478319550452,315.99872230254533,0.6626216602047428,0.8974147292534282,-0.0244144291973601,0.5818954477366677,0.7102029133409976,5.792241549455965,5.1505009482469495,7022.067837458349,8.118592714208079,-0.0220074544845015
07187_04,0.1386429590312871,-0.0380917253849073,364.4322654616578,0.6906653433825805,0.9007339986811512,-0.0652611524232303,0.6152364352614628,0.7701001174088072,6.018701273805553,6.088095221402408,6398.972371311457,9.987349926559874,-0.0664683396649189
07187_05,0.1699431594250754,-0.4666397993958006,302.8968793469988,0.7480109087889638,0.9088062773318408,-0.4380849074746238,0.6677276134149143,0.814740017884777,5.868574113735069,5.780218836576016,6393.854958458547,13.180913926990616,-0.4418374277650823
07187_06,0.1535655176670994,0.1842474215234255,288.4924094488189,0.6607426107679206,0.8909928245421239,0.0670119614568382,0.5863282156910427,0.7262745519600169,5.915745905051648,5.699765852718799,6693.168578575125,8.787027789393226,0.0647133813922061
07187_07,0.1184240185125105,-0.0654449241000469,341.3161068914179,0.7080245389819736,0.8953803849739181,-0.0771732196332962,0.6314675087502443,0.7718709863865325,5.98844703674605,5.66588436004162,6520.445065176908,10.106230579871612,-0.0794245962018362
07187_08,0.1038291065111084,-0.5251319955133317,316.5255573303702,0.7447808151272776,0.9121410082205456,-0.8855153415243604,0.6942990070953349,0.8186280720087326,6.045228668853863,4.489222200213847,4300.214440172994,10.999881461191588,-0.8832751310048677
07187_09,0.1837992517863754,-0.1685370870265425,326.01716881276826,0.7407172678715117,0.9068524651597676,-0.0684632603084395,0.6590116389109243,0.7870647406911917,5.779891502791879,4.589244915298504,6784.885192031218,8.076583419413,-0.0684598397342896
07187_10,0.0905640308994374,0.3520514566815433,319.0478296606521,0.7301100227162323,0.9030443152040376,-0.0518432201359529,0.6832709965741496,0.8110661148636519,6.157163549628728,4.529602996267992,4798.412046692607,12.550460710850947,-0.0513712908802702
07187_11,0.1187573960184415,0.1808639122399586,364.3056197199024,0.7429355022467298,0.9032435559500154,-0.0471436535835166,0.6875564513110135,0.7998922019822993,6.114998266045456,5.7053178266756746,5398.655461717969,12.46698110025681,-0.0452464618558035
07187_12,0.1349472605746629,-0.2036800272648308,300.12575951971723,0.7795376601541623,0.8978629923271793,-0.062204226355665,0.6941544800137979,0.7934130594947756,5.736808344546681,5.364851999422258,6800.037682562737,7.237268451529624,-0.061847031708343
07187_13,0.1379753739782951,-0.0526122228179903,355.1122768799876,0.727224474852,0.8976486240947996,-0.0862655446877558,0.6451404145887617,0.7757870535145861,5.875234304871821,7.061323557421539,6308.309716327898,9.201899329443282,-0.0837398260052859
07187_14,0.1712994287497911,-0.1059332280823423,366.6605861135064,0.7383289119724843,0.8989351148528189,0.0081129271426597,0.6559002380931978,0.7808804875933181,5.844049709954572,6.029911124878982,6869.75539172069,10.727383226939104,0.0079402425799531
07187_15,0.1994315987426633,-0.5564952460454478,309.2309669129457,0.7677811150684588,0.9029287165782188,-0.3340469062974842,0.6805962749628504,0.7850083289136365,5.777164034558344,6.651515310297851,6456.478789604263,7.642851944485933,-0.3353352470431566
07187_16,0.0748119323242183,0.7334044030992499,322.2862286531505,0.7679412063477551,0.90834102887898,-0.0969878501743327,0.7310648104091192,0.8379661509344927,6.125180291873102,3.3546552505466805,6109.337436219863,12.553046164938046,-0.0984848654427489
07189_01,0.122911713214242,-0.0040483121091198,265.87877675495565,0.7763524996375019,0.900070189935137,0.0544688135174535,0.7022507494147445,0.8232467708306536,5.917271509378162,5.635539086116941,6893.778687310954,9.180370554275576,0.0551871819907761
07189_02,0.1386761801595113,0.1264585322509486,344.96883113352453,0.7043928998381332,0.9000103156897088,0.0107932618790291,0.6275878588615512,0.7566054392910957,5.893206823539348,5.212567623044879,6392.114415512466,6.868648967692348,0.0090675185819886
07189_03,0.1213345364243445,0.2445732693622289,289.5878476080306,0.7050503017990308,0.8940823368090466,0.121839224383926,0.6383898134231922,0.7655543069174899,5.998264655020918,5.275581406992323,6106.80134618883,7.834327225809007,0.1210501213532039
07189_04,0.1168835814602496,0.2993165155372015,430.5529673198552,0.7846764533743587,0.9106319908872156,0.1129144031971726,0.7158179712351035,0.8436256429062114,6.07607190373761,5.368869496149051,5931.214910594116,10.026492996026084,0.1127230926975698
07189_05,0.0908151128697963,0.0725009310210035,329.29026796660634,0.7414479113842859,0.9014542102867896,-0.1617373209729131,0.6731038494454987,0.8078206192631134,6.060683338880898,5.601362980342579,5504.877533294731,7.142363154493618,-0.1601075453405682
07189_06,0.1223224994823403,-0.0236149354495538,287.41191340985034,0.7397074097688139,0.9043521909526352,-0.2361224056431141,0.6770670879367695,0.8025474425924417,5.94270135259857,5.782490788684194,5993.577479264765,11.17977191874136,-0.2391198974804672
07189_07,0.1044206021998024,0.1848772566584539,309.5017482731968,0.6802812458550275,0.8922834102761389,0.1597025022979368,0.6104030997217872,0.7596820867265347,6.004418086160749,5.431197099744988,6779.018226056182,10.09904859837941,0.1592638476033983
07189_08,0.0874422446184742,0.6309802874700181,302.6484995073009,0.7543876663483174,0.9037516771111938,0.1588905794539394,0.7081759704406065,0.8150283523935046,6.140901717201397,5.195497482964303,5672.680367978078,8.893641093479712,0.1555313842120864
07189_09,0.0859286249754764,0.013169894374832,333.66247173755386,0.77486276427934,0.9152082281163196,-0.1712288506546054,0.7140933046064378,0.8504864640258669,6.0281946142540805,4.949214687655019,6528.763486755258,11.576423479982898,-0.1717514556049673
07189_10,0.0628595844808538,0.2071010898191628,278.9664599244793,0.7591340086027918,0.9114535089361822,-0.3996193034713263,0.7166198712749564,0.8340472133329859,6.085530406384426,3.804692525868724,5502.008528198075,9.232837885722804,-0.4075700006917502
07189_11,0.118860856349615,-0.037183638734168,353.3900096298674,0.810495436787742,0.9013600313937404,-0.030205562008246,0.7305277561307696,0.8358154648225208,5.84348300125649,6.511490058247721,6195.179173989455,8.91596022550064,-0.0296401257023147
07189_12,0.1040263709700397,-0.0648080494067353,268.7993027203083,0.7548279076295639,0.9026323085828796,-0.0370158538725942,0.6846202774353446,0.7999479411512848,5.898428231215662,5.455543242539074,6204.359349593496,7.460899283708539,-0.0354626725720074
07189_13,0.0758725672293775,0.8300219277187454,341.5519917227108,0.7093143417001678,0.9014507685316134,0.2982655857450762,0.6783187862556197,0.7821734857043423,6.046642124815095,3.94911587935759,6023.245107597194,8.547969759448684,0.2978472389502802
07189_14,0.1485051406343683,-0.4808235238641768,332.4756756756757,0.7997581165324027,0.9206298902353328,-0.4095473898022635,0.7204471779405098,0.8437768593706545,5.863103311739315,7.306348675425349,5958.2064703979295,13.39594579134204,-0.4129521465946801
07191_01,0.1754273936347948,-0.0398346380542954,246.281890777196,0.6355860117303777,0.8957817975036582,-0.1757590958553019,0.5620108291190262,0.6934629861178336,5.863454137705843,4.243329224331647,7387.140492979463,10.284834969342104,-0.1763308880547604
07191_02,0.1938740275338381,-0.0295451923356465,299.9992472130276,0.7388320576980826,0.9035145984408516,-0.1334615153967346,0.6615053806036589,0.7694349678078987,5.776489568679458,4.680324887978793,6672.736700929165,10.51308555259245,-0.1354415127944097
07191_03,0.1350295581968279,0.2010552578940808,327.8514101266516,0.6596188141781723,0.902126852610478,-0.0550778315090274,0.5973751492646457,0.7292799889882703,5.964886999382466,5.034362333812809,5724.226685614231,8.87642646089751,-0.0542771590959688
07191_04,0.1700979747936686,0.1200547387281511,294.2670211473839,0.7179913358767711,0.9011610565292076,-0.0995542680076075,0.6580528989720014,0.7615717857690769,5.927337686835233,5.876508154321861,6124.085446419897,11.661178364209803,-0.1009021246134681
07191_05,0.1657165809265093,-0.0759908128880298,277.99502289723824,0.7435171499454956,0.9051681076427598,-0.1474028048257642,0.6717893269941054,0.7829048339344207,5.849720490036392,4.561718789595064,6801.517261729124,10.678171477200278,-0.147951120494412
07191_06,0.1868397442936508,0.0706074997884043,328.5136697837105,0.719601882990023,0.9078335470264222,-0.034263612244946,0.6493702484670635,0.7687697019641341,5.791210866090566,4.389659711743933,6818.052124833997,8.989343938321678,-0.03146016317434
07191_07,0.1983581861583765,-0.0048608478834806,308.6264423076923,0.7816134878677363,0.9032695463345446,-0.0290126920404192,0.7024430105482672,0.7969643531708823,5.732973195076868,4.815090572136505,6899.235306261484,9.909502413188028,-0.0293980667577569
07191_08,0.1598774845457032,0.2448461662507393,336.1715085754288,0.6796443775079724,0.8954057295921852,-0.0678431207953485,0.6254010383080091,0.7300100497647614,6.09700948168659,4.617941943949814,6946.482944657153,7.914442948856443,-0.0675113554979635
07191_09,0.1280130855602772,0.630649427015868,346.101045639879,0.7697735367363245,0.9085275581998524,0.0133252111861742,0.718343752727268,0.8281400831047104,6.015687100759647,3.3710406053698545,7097.301263153365,13.413069966561388,0.0160444916470842
07193_01,0.1526266222334702,0.6728260263101751,331.7419423654691,0.5997725625000409,0.8951744470699314,-0.0426565734311687,0.5438323172891169,0.6543283279449384,5.96474061114834,3.48552552014829,4664.582223068139,11.685625744962548,-0.0437725902822789
07193_02,0.1750205424088975,-0.0571408421684801,236.6375217385157,0.5758924518539927,0.8877289187378239,-0.1691645345595443,0.503819569302658,0.6229434821167346,5.708839210411084,3.7470404824864394,7496.264623052454,10.275348119513133,-0.1693658537822424
07193_03,0.173306148134016,0.0415393058333605,211.51577106972096,0.5933971833968368,0.8943093724771279,-0.2363752150441879,0.5334906307228265,0.61200693998911,5.839913027841861,3.821462339433685,5397.182488758652,7.415651218857972,-0.2393573752321953
07193_04,0.2514736650620851,-0.4749427238114981,277.950937416394,0.6355068032239171,0.897760763838266,-0.4099340016389208,0.5504740438169212,0.674773923676025,5.750052022108314,5.092252339902399,7384.530522137157,10.119144910165453,-0.4139505406114828
07193_05,0.242596648435799,-0.2444056534699039,296.75653370013754,0.7892181263617293,0.9135363180521944,-0.3531999376114331,0.7197782964282456,0.8163307147191768,5.921738441854469,4.641508247700405,6514.023609856793,12.989415994423826,-0.3527721781058304
07193_06,0.1758889344463173,-0.100799348958385,309.0735294117647,0.7085986366163848,0.9113613477864446,-0.401502650450812,0.6460026066979115,0.7656288416534062,5.9137929243109015,4.394396384962753,6252.123044242937,14.273624651709502,-0.4070963033485033
07193_07,0.1614442930574573,0.189671936027638,314.1531561318517,0.7612973875160981,0.9097609823075148,-0.1672766939302338,0.7028770327930959,0.8155575707430477,5.992429191076019,4.234528843016455,6424.553261379634,11.95482506543931,-0.1723621819433204
07193_08,0.1678608666273578,-0.3972016584206905,345.61558807970374,0.7956617977473429,0.9219562517725806,-0.5520834236222139,0.7165744553740265,0.8528664653322225,6.022933700811579,5.380774167754888,5180.325251818341,12.50131656912624,-0.5575602957995174
07193_09,0.1858456115400686,0.1720004085840221,436.0427097353073,0.7809730175267178,0.9110890243911102,-0.431772029472546,0.7354451307970301,0.8262849083025718,6.079458109243374,4.939182280367707,5097.37370772851,10.710198627798508,-0.4349231187613832
07193_10,0.1968047315212029,-0.2487083678291301,286.3153901482633,0.7286276357303463,0.907029273700506,-0.3287900840406392,0.6560097928801057,0.7769995849089868,5.880662025454711,5.315434029129858,6421.506086183918,12.382520187197771,-0.3315751159436288
07193_11,0.2215114060477352,-0.0632712975827002,270.4416570262436,0.7346089758360763,0.9073598446529488,-0.2090990186586852,0.6629191516814353,0.7722762763946129,5.741815445117961,4.390401516420329,7245.652668631304,10.306687660887452,-0.2098599703066874
07193_12,0.1632384227545109,0.1877913518787571,344.8711789784602,0.7896758700996964,0.9115572040525078,-0.347557843950776,0.7415891938049237,0.8355501597111269,6.078720795674766,4.423909073552351,5597.364406150189,13.310478892752146,-0.3513613655833869
07193_13,0.157165225571668,-0.1543986585874289,335.5717571900216,0.8193497044723864,0.9041287936476204,-0.2487966692313972,0.7407952031816548,0.8465346963902438,5.915880873113922,5.616012129277896,6779.816186295095,12.164892452288862,-0.2517604945033165
07195_01,0.1462764571967073,0.1162179657937328,298.1167311108789,0.6678408473101284,0.8937743747758309,0.0517428992714984,0.6010357004660882,0.7248737387963137,5.888075713693068,5.082891370737515,7065.301704631166,10.741448310375247,0.0507856000267749
07195_02,0.0987802223278201,-0.1094332952260504,276.4309928688974,0.743237135538202,0.8986301627006837,-0.2871346335838697,0.676909677407222,0.7961586885926163,5.972467765725715,5.793753590495908,5749.720437794266,12.198871707966196,-0.2909327259859717
07195_03,0.0767914486433252,0.4849274469917995,390.7878709268307,0.7552240715508887,0.901737990326613,0.2451434114173738,0.7056932048324264,0.8162574099347429,6.142105166357659,5.830277634051193,6218.492031302811,12.685566063764496,0.2457630917588087
07195_04,0.1429202282311434,0.1138147863737869,310.0827526237606,0.686689623107976,0.8914904906952249,0.1062951224706822,0.610562952853052,0.7236020535340257,5.826491428938115,6.104841041362097,6433.058177802319,8.570230200243529,0.1067520805683001
07195_05,0.0973998266818057,0.688476817193832,394.8427772666148,0.7546753897522221,0.8989160985024092,0.3384892253781789,0.7109977220296009,0.8098813733333119,6.160376465286896,5.169093714366604,6660.553001156561,10.05342320846503,0.3404005962652757
07195_06,0.1026427697186167,0.074961990581812,289.9681438559264,0.7852385507046051,0.8993796588210383,0.0206627711296506,0.7111474556835466,0.8320635525793277,5.914508975670495,5.339970478092689,6661.823375453199,10.122203168464573,0.0214984317753253
07195_07,0.1476798879031219,0.0243007856165075,339.06860481988105,0.7682375887820653,0.8985342811304232,0.0801779442450077,0.6872660952956994,0.8052191366041834,5.846120124581284,7.024255435812844,6453.087628179518,9.243275110988108,0.0801422144474444
07195_08,0.2755444102766299,-0.281648097880418,354.08337709553626,0.7941841074727558,0.8970834126088423,-0.0737737124996023,0.7071596363161369,0.7985925544672364,5.69425914024723,6.311975070849042,6794.720480480481,7.888104745070557,-0.0748828910981045
07195_09,0.1538830861616226,-0.2060668954407213,381.5653426475988,0.7896518257865038,0.8951353447006203,-0.0353858025596315,0.7050783933332704,0.8083026763903914,5.850007247414384,8.452059472255304,6795.850359803321,10.78990974948346,-0.0339424059172737
07195_10,0.089329132288699,0.0903286985986797,276.6638539469229,0.7574095781611605,0.9018789540628352,0.0454195751954517,0.688410658108461,0.8061075953820848,5.950905055929297,5.771228527684256,6642.080069025022,9.591044018249086,0.0443014033920758
07195_11,0.118514721941978,0.3583394111310179,365.05144751493066,0.6871806158314467,0.8921510253800865,0.1084441207898313,0.6283273432802077,0.7320134743689583,6.006663089571469,6.171194618112077,6179.244362200839,10.22764554444054,0.1092244526068631
07197_01,0.0109832624653749,3.6914143836071736,344.39431486880466,0.6213116093492804,0.9076006921018316,1.2637641460890685,0.7254891028227975,0.7117118713902724,6.150013908669664,0.8522669482322673,6044.004054275738,12.427170796302978,1.2757701166829627
07197_02,0.0421485622601275,3.3590215130244827,253.4226002739813,0.6175578344282436,0.9075127989491976,1.1856277857226916,0.697071640501249,0.6979102782427521,6.030964432113827,0.7467664468721671,6766.180655388825,11.801238804681462,1.192089697699335
07197_03,0.0009508990770509,3.5442966552476176,383.04157628344177,0.6157580899428704,0.9100181643762074,1.4068622491553826,0.7100595465583766,0.7181096497082687,6.272912273277799,0.8198278438921727,5758.432498748122,17.116492823270242,1.4140285282728948
07199_01,0.0435634648084631,2.4367525295453563,520.1703080279974,0.6852579698103864,0.9163841206546136,0.8790702307585114,0.7516897893825384,0.7697410077775353,6.1278706915236185,1.2589300009681117,4516.577559275214,11.00969288639516,0.8820399838820833
07199_02,0.0683998033390874,2.315703583173564,512.3368123968262,0.6852588047101742,0.9142799045961724,0.7387780632720002,0.7439456778412026,0.7638366884637289,6.135212968243647,1.601707507577388,4256.494424278099,17.59701598943561,0.7425036353818169
07203_01,-0.0033282627401104,3.256248330912221,280.8043878414009,0.6361250965584032,0.910546376890402,1.0670735233226265,0.7250451154714023,0.7391157303875174,5.944011498103877,0.6596989498847949,4700.727402919306,13.739343759627587,1.0718457162656538
07203_02,0.0264353182578442,2.942049054285378,338.4865004923045,0.6522263635796003,0.9152320997578356,0.9093888129104062,0.7002519092745602,0.7608829128333583,6.061679043597025,1.0083046527917845,6515.578598379138,9.127156196595418,0.915452335643822
07203_03,0.0213656657767058,2.2649271852682564,325.82276053494826,0.6638429362754977,0.9147567487931264,0.51092916583397,0.6922929914136148,0.7666373905112597,6.076703445432843,1.020823706187131,6016.537282750887,12.985475835308437,0.5187633650282545
07203_04,0.0578838734262822,2.4499155306572837,521.689843329196,0.7220161744703357,0.9161849037456726,0.8724975755161265,0.7622451370903738,0.7936818778322534,6.193722756375951,1.2468063411883472,5904.341609893892,14.465356161935931,0.8759343524744719
07205_01,0.0481848053438053,3.1109478449018813,328.62819968887004,0.6784065154165317,0.9213402708201582,1.6788066905334165,0.7383209550022017,0.7617763626881832,6.18742653921329,1.2257951866286545,5344.747470234184,13.681706809793209,1.6894659068500542
07205_02,0.0572357934926634,2.337141059826101,340.33797689884494,0.7403863670815101,0.928596623500016,1.1588674859608714,0.7407206390413175,0.8126915240791945,6.045825524364968,1.6327216257220982,6018.304393761915,12.24574515261976,1.1642108043556123
07207_01,0.0406783691003143,2.241333472955473,297.09649723706445,0.6150053666176044,0.9125435382452852,0.5132858373531287,0.6376520994100034,0.7408567357749528,5.977362405543522,0.9692704446828496,5666.92557090499,10.479832240052882,0.5168195579299343
07207_02,0.0222154548438825,1.6666956155816854,202.11916007511525,0.6108265334960701,0.8978020965977456,0.1090583152983078,0.6127631157739686,0.7301017914121575,5.674442626822892,0.8726970073809691,7034.03725852945,18.23181841160784,0.0880259632909515
07207_03,0.0271042691445559,2.7422094175176936,284.22315732927456,0.6282944797977326,0.9053545882905052,1.0521424456626682,0.6698032553481497,0.7343799574561601,5.972308173254156,0.7450223468136401,6193.649434643949,18.05994123264693,1.06428894236965
07207_04,0.0492616453917811,2.3613659385924324,425.2570618927672,0.6500221016459393,0.9065259985156626,0.4820107138319017,0.6929442193416434,0.737355024696535,6.032513930650716,1.0826840549902743,5204.766388814197,15.680539190773064,0.4841073372542248
07207_05,0.0074105995770702,2.6521315109793044,348.5643424400524,0.633676485573117,0.9101929749648228,0.6907398957509433,0.6725485286127169,0.7366876533432212,6.016272854221707,0.8184994211284062,4358.98637189582,17.627094251456043,0.6946482556373094
07207_06,0.0385573261112861,3.2560252551138,348.90572426198287,0.5767719442275913,0.9091525157006336,1.108167235893829,0.637223473836645,0.6772561257554399,6.090468306552652,0.9989299776936114,6461.056490599821,10.967998512133793,1.119313699342641
07207_07,0.0251635222276977,2.18322639367392,249.6416279199007,0.6139309536574882,0.9055182580679544,0.3375016145605273,0.6248501032592204,0.7265247992290397,5.7991868301498455,0.836900882287803,6220.7964799152,21.184324590672915,0.3309099624948127
07207_08,0.0937110400631402,0.1101334068690911,311.2823554922248,0.6008778975926391,0.9249917940056772,0.1666164535295219,0.5133668429646445,0.7014145155208201,5.400037987759041,1.6173822317832052,7343.710857780612,6.576190170341255,0.167966670724539
07207_09,0.038522552928845,0.1154974069145138,357.9863550346934,0.5954433147691284,0.9200378266218868,0.0951754500331219,0.5014530971819068,0.7320864651534271,5.487566438310912,0.9522573538414644,6798.205436862245,8.245423254007115,0.0958387953929405
07207_10,0.0703465386198253,0.1758092614456953,224.40282669905596,0.5466257529882121,0.8944819532811724,0.3900128990989347,0.4622572109582935,0.6150767063322458,5.402345937236086,1.2228384045937315,7196.295719068878,5.713516107845086,0.3988367956276503
07207_11,-0.0125161205942886,1.8660689366727443,375.1723559788076,0.7083547125014686,0.921211521891668,0.713575769066517,0.7249155157609166,0.7882502039932107,6.139899221596192,1.5403507417687865,2722.449368680517,19.06880239469289,0.7180633782214451
07207_12,0.029383806088259,2.433689266257896,377.1397428460944,0.6478726285963329,0.909583668405626,1.012190871852459,0.6794281595123265,0.7383882662457981,6.187743999530943,0.8703468796110625,6564.605587192435,12.8845512229468,1.0243346208353916
07207_13,0.0375646826363196,1.7965562900070968,243.4357912659869,0.7246845288182991,0.9130902701037472,0.3158716786614257,0.7360539440240347,0.8051743392515579,5.902854095485568,1.1306101539039697,5036.596308455911,26.814904677789865,0.3145519158091442
07207_14,0.0282686239041955,2.1338231948754665,278.9495217004178,0.6476949378870667,0.9227148835233336,1.0019290099889988,0.6733909090883021,0.755338952306822,6.009253050363764,1.0839164113202038,5603.664370455415,14.36019929123234,1.008412212999001
07207_15,0.0279326896461879,2.923154167256034,232.00871214489672,0.6084035232689439,0.9089235610002792,0.8772881150220433,0.6682913253731476,0.7136422702043325,5.765171199611572,0.8894259652670278,5842.903927850955,10.021355167527553,0.8828156434514804
07209_01,0.0376067027727469,2.3310147766138845,462.3000150383478,0.6582234961718947,0.9178854715505034,0.623284210278893,0.6979946829683333,0.7626856062659347,6.089151441525892,1.3828564417222031,4649.975089388611,10.447387894207496,0.6243776462960074
07209_02,0.0200573169227511,2.040912525438612,186.2124534874515,0.6653776929275709,0.9079137624025476,0.304953219559114,0.6743912662771592,0.7725223835781819,5.784072006588591,0.9747644449193,5701.292814385538,21.412464909929863,0.3154926196026552
07209_03,0.0255986648717917,2.367323209221417,314.1258199806431,0.6796386588844099,0.921580564921474,0.9244908744772568,0.7246404685318899,0.7697073947824167,6.125751456611492,1.324957976426702,4120.466407321195,15.901511896254084,0.9277140215011508
07209_04,0.0057690154635862,2.253766998005841,299.28668392011326,0.7074274475526835,0.9134651147291472,0.5731127500378254,0.7459907649851729,0.8098019675127172,5.9930077315649966,1.216566261182909,4132.538605612426,19.047250782728764,0.5774202711673553
07209_05,0.0186605099994967,2.956098015941193,261.0387408532376,0.6661369558343677,0.9175470895243406,1.5632343211905382,0.7306556351133077,0.7569543494540496,6.040629140142893,0.94201606179758,4854.65976724629,15.064836151401318,1.5705313094979672
07209_06,0.0468993406017983,2.2922337521851306,287.7957904774879,0.6534520266389362,0.9144106764516958,0.7227081022880243,0.6913895792632634,0.7535777640697721,6.028615255645672,1.3888775226440535,4967.335420442687,12.236059819225677,0.7242858274010084
07209_07,0.0351935981283388,3.0163108128557754,260.1883863012163,0.6620460461178181,0.9109517251360127,0.9929785368117948,0.7346221144849221,0.7496101654297397,5.96541916843194,0.7627958781598962,5223.563283566561,20.815782474752805,0.9985292708107496
07211_01,0.0552753225011913,2.229143762981424,289.58496617168964,0.6725780771787336,0.9120777769511692,0.5963823896921131,0.7119510794139974,0.7566616165854375,5.972165958461367,1.0860799069118638,5393.600192940362,13.225821336997663,0.5963163221911821
07211_02,0.0541886704484653,2.768661014121701,245.08141555414284,0.6691716288911408,0.9119577631480156,1.1183451717939756,0.7191631067029887,0.7623920566646274,5.875885617864299,1.0238936536856138,5677.310499421519,9.597520721072954,1.1244028341733197
07211_03,-0.0015114358480724,2.751479874470415,346.3992295379941,0.6870274720653848,0.909969328403364,1.2538033841767318,0.7631151187198397,0.7825372133529147,6.101479794614786,0.7890701477619599,4252.4827707342,16.848607290947683,1.2627989850419437
07217_01,0.0112105346869763,3.09479446859816,418.3249087490322,0.6423451966881121,0.9187551274606842,1.5333045684341136,0.7390251614126919,0.742307561936983,6.164487176588723,0.9491263282089392,4831.710348384139,12.73282517800074,1.5400440667351536
07217_02,0.0283552264478894,3.090803873494345,383.71736662883086,0.6493287049358265,0.9036793407265432,1.631776073054145,0.742193291460528,0.7382827193438489,6.025527016661572,0.7349727882109425,5065.057348863006,12.662864173076274,1.637859146490105
07217_03,0.0332546153800691,3.6226285470157342,432.0421653324879,0.6233064414775082,0.912873368855347,1.992834195503757,0.7400404824259983,0.7036339883087679,6.099423060104449,0.8262498505778004,5704.0871797453065,9.3533511867811,1.999943176744814
07221_01,-0.0053547903902907,1.8804200784040668,434.9663274242745,0.6888818706554987,0.9178241667353644,1.0091538129404267,0.7336825727918319,0.78159441434799,6.29906663304905,1.343411828598785,4042.3974185455386,17.80381616315182,1.0139811841217443
07221_02,-0.0107819175692165,2.030977621472952,456.10449535336073,0.6986167444605438,0.922429897597814,0.9394810148477916,0.7366227039741698,0.7923622457865503,6.294089324229916,1.3404092301228172,4313.604444169731,16.96803849793506,0.9444985537013972
07221_03,0.0622257828620167,2.892840378684288,309.11735323829834,0.6516390543664129,0.9160017024128898,1.532320930448703,0.6979844152591305,0.7413961274166277,6.091699052430613,1.1653177790748166,6291.737094001208,8.414009482062905,1.543440183522338
07221_04,0.0024972780018031,2.5569175082960363,291.0111993600366,0.7173502887369592,0.9233403624611616,1.4419425655066644,0.7742161940139662,0.810664696401753,6.154641081924349,1.4842307568494446,3361.0907152833934,20.33384188645427,1.4483911716788551
07221_05,0.003042352728975,2.0068774577393147,296.66943627764283,0.7684216305137513,0.9202757441345798,1.177247143474501,0.7838519711041164,0.8150766158377657,6.148634355863606,2.43045178528062,1271.2706289671091,24.454170799057565,1.1837658014093804
07221_06,0.009873169844483,1.7591601881535257,314.5810235685419,0.7523832842904049,0.920383521708858,0.687579235141076,0.7711848093568272,0.8221641685483585,6.132561234368522,1.6820839228448663,2487.658843078201,28.72652951204901,0.6892030083171126
07223_01,0.0431776484272375,3.2106934488497703,520.7011993552441,0.6368154019795162,0.906270916934717,1.1699212626714088,0.7203584160361365,0.7071184810655228,5.974899864697005,0.7711354724184454,5029.584590717783,14.155816893311474,1.1782953447964148
07223_02,0.0347043369170228,2.7824844313492894,381.4632209895368,0.6504004074983907,0.9098176826327024,0.8867112824744492,0.7260174651998386,0.7274333171646251,5.991283778075838,1.0494852222676614,4542.980967028741,14.80019576927489,0.8920037873649393
07223_03,0.0177974079183393,2.4909165363538337,337.0852671866673,0.6908469340427892,0.907884352109949,0.7992898813638438,0.7494270823044183,0.7752728707805914,6.055461129182138,1.009049878241315,4251.416193136216,13.689418294096738,0.8001742551571925
07223_04,0.0331038798502857,3.2979938198815955,299.0311966566602,0.5758350422184623,0.8931424254394543,0.9388019822964664,0.6505725353391761,0.6679669584805924,6.048461140947738,0.7768512379693993,7105.399767311408,7.4213182023027935,0.9497209717000248
07223_05,0.0176292696558921,2.63165285512168,447.78704274206433,0.6638542701858925,0.9088452205577474,0.9058698252157557,0.7365446816735016,0.7604101722007056,6.164678617316399,0.8870689339246651,5190.867119787139,14.905363902294578,0.9089635433549832
07223_06,0.022057990130261,3.5835005004280416,320.5119050285586,0.5278259416621385,0.887343534206607,1.0878701265928337,0.556760828623327,0.6246585907126636,5.6155773955345,0.5310146136748874,7286.23262532552,11.1659206476879,1.1020780995386508
07223_07,0.0435735073518569,3.4000553537110387,451.8159354285972,0.6262561579864099,0.9067928623950724,1.316096525533269,0.725598763475371,0.7109841396210287,6.015052803852614,0.6864637972519338,5975.710346121377,11.22672529773145,1.3235464622285364
07223_08,0.0136971760390677,2.862794686789617,346.3187879111776,0.663807218070816,0.9106474160391468,1.4980297261337878,0.7424164019505717,0.7577761767885252,6.160410261209595,1.0029858205964444,4325.5898173589785,10.06367821093408,1.5018938092627552
07225_01,-0.0213967514001736,2.006741875311484,311.3923706462927,0.6771481721831355,0.9225168672724376,1.0911580154483036,0.6898756530018416,0.7726492188527576,6.126083482339031,1.4014181410201767,4006.332658910808,14.560527683890514,1.0944757075171194
07225_02,0.0201250996011435,3.1840069690891197,334.63005292196823,0.6225241912030965,0.917552552327535,1.293428828754346,0.6949851518244,0.7328713692949865,6.194264048769143,0.9853081603750028,5487.271257380602,12.33302354894569,1.297742672811452
07225_03,0.0299036690626619,2.887982059328945,255.27773394752245,0.636326898462398,0.9102022842489018,0.8124271508042571,0.7094940735975849,0.7399574311314738,6.105712192926755,1.0179005316275331,5272.426868246157,14.595071346318504,0.8158932287606641
07225_04,0.0377125276419813,2.903975685339052,285.4892171418506,0.6067875292754724,0.910341848346204,0.8750192141279148,0.6684137433986829,0.6972615707126892,6.1313448661576215,1.1988993142147908,5980.300710081286,11.636089995272425,0.8841858609815683
07227_01,0.0003241686425772,3.1253957663966445,473.47520661157023,0.6480274856385647,0.9105588333551708,1.2709110088532498,0.7293423493476726,0.7552712400319533,6.168574641880958,0.8181271872082794,5386.933295711061,9.332627789540387,1.277954460240263
07227_02,0.009499944992133,3.0945114773450078,319.86587289775264,0.6327381309178783,0.9158679761353266,1.3673578397740966,0.7119151100132873,0.7364619296234985,6.193927373990118,0.9238752551015796,4534.078055606255,9.76651111453597,1.3747253418487706
07227_03,0.0664718473120128,2.048811530828755,248.3947408967182,0.6260552748304437,0.916364233689555,0.6458436447504313,0.6508498433292392,0.6949242653579668,5.963369568017264,1.4191077210314111,3801.356731369024,10.55519192158472,0.6469955350802934
07227_04,0.0239685099753673,3.1583840423887657,290.55309495516906,0.6196285561000869,0.9072374737337552,1.2066989654378923,0.6977207558617197,0.7184306462533663,6.005270988468843,0.7778050302662987,4974.471830985915,9.721060004633715,1.2142442373235771
07229_01,0.041260473208314,2.5783990798857483,293.8657214610421,0.6995102441294462,0.9150139283527852,1.0427525782483589,0.7599439905486061,0.7811466846885969,6.036656815721212,0.9165750243023694,4167.168986636971,12.085091911764168,1.047626460624575
07229_02,0.0179670058472609,2.003987924005836,284.65556639702874,0.7237195819036126,0.9182839211626618,0.7903069722215683,0.7573434861730617,0.7980163695694306,6.071742529694574,1.4176389334593504,3254.4294401717043,18.650951932610614,0.7949612253235053
07229_03,0.0279344695361289,2.5303986428445877,282.2041715779224,0.6669112984378991,0.9165866771285528,0.6713567864511749,0.7152322316645215,0.7766028811753162,5.996258828290245,1.1395162168530868,5114.0350412337375,13.674146313752802,0.6749731963359612
07229_04,0.0237143801183517,2.367560810006754,587.0170324971493,0.7223655009137631,0.9188368423083828,0.8641535316864069,0.7812455369736869,0.7967805916368231,6.037339980223991,1.1546167519124615,3798.0210171370495,19.77915746913937,0.8655840051839522
07229_05,0.0626842563694545,2.511540611273987,363.32869111690616,0.668189968618804,0.914046885670964,0.8231520640370276,0.7369064847279339,0.738951434542612,6.110373152344678,1.1810355819887195,4234.970923188757,13.968441133934853,0.8262396600752007
07231_01,0.0192172022904661,2.078158142461028,323.0255197486852,0.6878122635999818,0.9178769920617372,0.901215323006836,0.7300740446436919,0.759746158361721,6.1491174189981415,1.638767965580242,2702.947734536567,17.170275705995046,0.9054847253282234
07231_02,0.0516249082913232,1.7903691515391147,371.015233098624,0.7195562474411364,0.9256397428526196,1.053523333892907,0.7484932239982836,0.7678912560347931,6.232873888382722,2.648137939349741,2027.899391963894,18.1880813089174,1.0604548131180844
07231_03,-0.0093070347525942,2.166833390675892,394.927959697733,0.7382248628284781,0.9177683786768644,0.9941367565730558,0.7685365111147181,0.7921035420436551,6.150524388766235,1.570521348564665,1699.6535161574857,16.636670148674007,0.995882780661436
07231_04,-0.0184216401963218,1.924963733572165,410.1028485272737,0.7408699104873545,0.9173838390181288,0.9725682978053232,0.768996668751526,0.7908985594377972,6.105715330314678,2.264928245858841,1611.0879481499712,22.218118668638745,0.979918831752451
07231_05,-0.001608237464337,1.799589113131583,285.517572268202,0.7422214413658297,0.9241475097197592,0.9130908833756112,0.7685511587126882,0.7822152327329258,6.080701642837484,2.2726562265851804,1443.6687920651789,23.68276154745225,0.9160101606358784
07231_06,0.0370636693534604,0.6402376026153817,328.0197055241891,0.7505966353046432,0.9224670096748856,0.4287937463879158,0.7622423091510839,0.7865101400125583,6.088393484651159,3.188926944732401,1436.0264732547598,15.958654193491473,0.4291849156651443
07231_07,-0.0129526383221297,3.0452214467203427,347.0828967642527,0.6721105439586309,0.9191391663972568,1.7155983523016969,0.7698694476028691,0.7611435473575331,6.308401399803587,1.188297911992068,3231.196479182468,13.56360903301885,1.7217307925050105
07231_08,0.0070285984468816,2.0173345491767742,284.9710678235036,0.7382683354811341,0.9231227746528836,0.8932856587639978,0.7702055794869783,0.825807114300402,6.127752249953875,2.0513221891583164,2713.1125719365555,23.04354672887154,0.8989785044410572
07231_09,-0.0223669555078,2.2081789354140566,312.202001177163,0.7311553845178288,0.9220369561359948,1.2379478366096537,0.7657880657405458,0.806395755214222,6.172378819200627,1.954967442949984,2385.843138273015,19.766801099854888,1.2423901826606747
07231_10,-0.0239738264689455,1.7605833069870398,365.36422057653465,0.7473325954367857,0.9317186678259224,1.0705539623619211,0.7597581522750363,0.8150400234232971,6.136858713152987,2.807635248378604,1241.2321208091937,22.145773388003303,1.0758599207408248
07231_11,0.0066213637132084,2.35474977575682,363.6833572240621,0.7395857060765455,0.9222110685380528,1.26988725600105,0.7809934386834553,0.8166330263673757,6.152559150645273,2.165777351106617,1741.168063645404,29.17914641004585,1.2722181088583748
07231_12,0.0051449554611114,1.8899131350429623,327.9075331393469,0.7470345418503933,0.9178189525123164,0.8707936126676413,0.7774925935429502,0.8272809982046331,6.089282960081468,1.5661682843485532,1882.3240181781184,29.296499422474096,0.8716246672682454
07231_13,0.0059491976070002,1.9690501023723384,262.6030132288094,0.7198501473349971,0.9286091341208856,1.0329138276666323,0.7451029564041651,0.8045873008063561,6.020355122390868,2.194960738917432,2580.88150154076,21.422260194503625,1.0368147779100636
07231_14,0.0846088540518591,1.0125805396976462,335.46924428822496,0.7603510637467565,0.9266825964270328,0.2343901395010917,0.7548989641612275,0.8090848872737119,6.145519345671266,3.5791311566123025,1700.059238796808,18.696097568466605,0.2324143476263633
07986_01,0.0884311907046055,-0.1447402055349707,389.5384838972212,0.7470790812141948,0.9219234053072712,-0.5819370800686617,0.7165943937121424,0.8339413683314226,6.23756166419691,3.1145460546142765,6178.254660201272,9.233176974592068,-0.586104051112598
07986_02,0.0815204951460295,0.3789133563097966,375.7370816599732,0.8303407170476688,0.9346756000040112,-0.3564295974085668,0.766732387321503,0.9039904681889522,6.122243644920659,3.373344693752688,5282.568696794402,13.36529491239622,-0.3607376329280983
07988_01,0.0761348308973423,-0.3072309860391551,434.6652028137532,0.8889308634552532,0.934539318690266,-0.6532236363883919,0.8057225589074282,0.9130927170238846,5.941761816906994,6.779554873555366,5968.757194244605,13.624384552954693,-0.6603022813589534
07988_02,0.0667674621409189,0.6150851847811973,450.1726642593284,0.8872384247129322,0.9216090626603196,0.0407211254567084,0.8066449879871219,0.9008281052637988,5.983323148317544,6.468599248867134,5248.029575192687,7.839316715898109,0.0488422033214888
07988_03,0.1002256688406637,-0.3853576456391003,356.2601791348296,0.8930539771736579,0.9310565985443616,-0.4669683277182967,0.8070433495561123,0.9134866639195426,5.9800466378093775,6.9565972539380025,5693.934817170111,12.976323306617138,-0.4794616974146227
07988_04,0.0754145387921097,0.0263824810952341,302.3324459704671,0.8885662702266873,0.9315997829462964,-0.0958599204772984,0.7974090114676877,0.9083766643769702,5.536385646752223,7.401365874674575,6246.39927430762,14.99841694052763,-0.0994180888228351
07994_01,0.1866146492006648,0.0149271307448006,245.18087141339,0.7673574127407479,0.901768798119144,-0.1813478173719613,0.7187498797121271,0.8299062771615159,5.803235669815535,3.75397921371059,5786.267543960729,7.591368857612373,-0.1803877340655413
07994_02,0.1864075259468067,0.1838841411540454,238.89346098420532,0.7467056832288339,0.9077714781633536,-0.3093587940607875,0.6999165302673147,0.8080431723618686,5.815437809689712,3.245733394748888,5799.406948909103,8.522947534823233,-0.3128263395390418
07994_03,0.1519666946542203,0.1518565574989167,208.03876956413524,0.7265638177277841,0.9101932772140644,-0.386650561774998,0.6710058537910688,0.8074900483793657,5.680555195327409,3.667921810279672,5996.924172279878,9.642779124219349,-0.3876051021933978
07994_04,0.1403600760346909,0.4121218464186892,225.6060457696985,0.7730420918509205,0.9009948095823364,0.1023158915445072,0.7237168861618871,0.8232085464249498,5.741645945707545,3.410501819989246,6023.768477992503,8.511441129698774,0.1085302615864891
07996_01,0.3367378170592301,-0.6042513448355936,391.361438936142,0.8782996381728924,0.9191223214902206,-0.5348036120836422,0.7940093690042673,0.8771696554553704,5.706525115544148,9.336489598783672,6005.394767297677,11.551306036325837,-0.5375276409197639
07998_01,0.09050951479377,0.144010676904965,299.56737683855255,0.823167939893115,0.930743456736852,-0.4078535894515346,0.759675495526878,0.881487678985335,6.211812199944731,3.5622854289608537,6324.119283907375,9.78011444673415,-0.4044707470947792
07998_02,0.1199638926456251,-0.053918458701499,398.58414604462473,0.8351803428402426,0.9306064950636594,-0.3680716712068898,0.7620056727653269,0.8819810346647419,6.001824413825712,7.003828541976249,5461.676919784952,10.5868282772624,-0.3736866804834976
07998_03,0.0972192677656224,-0.1271694316382917,656.5114883608733,0.8894639541099492,0.9289816298713196,-0.4289818870782482,0.8057890816227536,0.9165862790916076,6.292464381493163,8.01968645992983,5584.857475447563,9.175321275951504,-0.4287794237699403
07998_04,0.0932722236792987,0.1030578095374703,529.9215765889877,0.8529711934006816,0.9314187969628034,-0.5188661962993819,0.783968960040812,0.8964315692721797,6.2360895013180215,5.301137351476644,5891.892404911793,9.871160432094632,-0.5231411647198311
08000_01,0.0707932631710201,0.0529707613775032,336.123094629156,0.8962028385627081,0.935137789605249,-0.3489880418985079,0.8065581163844422,0.917075859974112,6.006043098723195,4.949348988634863,5298.135382789317,11.554443363501202,-0.350471531820586
08000_02,0.2271702018772452,-0.4155300148175576,398.1741787778237,0.9123722413030432,0.942416255164518,-0.3902524153575993,0.8296977266511117,0.9226277483500518,5.878586614921016,5.407031192433558,6735.8095906861245,13.820190524943026,-0.3919608873992991
08000_03,0.0640674746333626,0.0809712841279295,322.9217338252811,0.8942538550840691,0.9338270406925964,-0.5186081259382525,0.8040714252837922,0.9214147519612548,6.086466893684459,4.978348496450366,5282.985874366717,13.970551796654815,-0.5184386826594436
08000_04,0.1140266225394087,-0.6287818643892799,267.9887833931025,0.8642399593717747,0.9400320919776192,-0.9110127173131418,0.787206461748766,0.8977687432948432,5.980300774877141,4.046308992593197,6717.155735069528,12.972730630221958,-0.9179960569589064
08002_01,0.0759478339148233,0.1070869868082274,277.66264715695155,0.8288429227518892,0.932309734901774,-0.5940143450059214,0.7640025954539453,0.8828920956461687,6.095477522285576,3.8876996395243584,5331.137715104002,7.955332527237257,-0.5982299844114607
08002_02,0.1155480720791163,0.2179841305087509,449.1458346295029,0.8095097730251936,0.927913083828499,-0.734991021144446,0.7669735939914939,0.8593424443855264,6.194730625104426,4.455779109732915,5982.260984370912,11.3690135592358,-0.7376213853870436
08002_03,0.0364784655846319,2.1580418411176137,338.2832078294161,0.7842086192005541,0.9136859688054108,0.90841049041717,0.7659675590478479,0.8810900112815934,6.332048949781498,2.361075173108337,6006.80273795408,6.138175806796634,0.9129421898886588
08002_04,0.0450845406753025,1.885841787333129,324.33242872194376,0.648157588108268,0.9018435099969032,0.8441207302414009,0.7302966625821821,0.6995912214738186,6.242395721747937,1.2722823171618858,6931.894962350734,3.561453183178213,0.8478956262965682
08002_05,0.1302310594934896,0.0688659491590546,328.340582778398,0.8144336297590653,0.9263990554306186,-0.4437996122015828,0.7503887507319528,0.8662751790268418,6.225585688099846,3.4813201601526518,5927.695176372973,7.275709228101823,-0.4484109265927965
08002_06,0.0802118119580959,0.1829982237138839,349.2874062268143,0.81667847602341,0.922755413126778,-0.5493398971894865,0.7704559979533657,0.8770701029538327,6.2827341349600445,3.544147582824357,4853.676731192505,11.190024056754527,-0.5543846886067891
08006_01,0.431726125627371,-0.040419901818037,284.17565548717806,0.8157914435637685,0.9243656101336356,-0.2251360366752098,0.7381980820684216,0.8274302418096184,5.660971991843573,4.843979709262462,6282.633374169837,9.656186202181209,-0.2263014469560774
08010_01,0.3413768800236246,-0.1778551828939935,282.05675622716325,0.8670744825076737,0.925368684419527,-0.3048282971056217,0.7832049532867487,0.8707914096570802,5.5869110792971375,5.150896235519825,6406.941532662309,10.388709782083197,-0.3081915666639184
08010_02,0.1481378648836219,0.7813251254901069,241.46631091391484,0.8261662638706336,0.9203132630350036,0.0042235629759049,0.762948421666464,0.8624136642274416,5.698374321861652,3.694997799035568,5613.780918898093,9.592185421534223,0.0052451634505138
08010_03,0.2260606091651188,0.2061004140240199,235.5754720913752,0.8194983100705755,0.9225406009164104,-0.2600335620546384,0.749870156250795,0.8553278163025416,5.632259221536845,4.4998381980510445,6024.310640283345,8.515760992737048,-0.261803257348062
08012_01,0.1606029545877803,0.578605559793838,257.30129356262364,0.8602583118891077,0.9223893533522,0.0185158293011372,0.7858709065325017,0.870630664367128,5.600102630027733,4.315768071368582,6533.031755304722,10.871043169180858,0.0184198772521115
08014_01,0.1963897661182588,0.5060902452019239,320.85149754135,0.8403284721695672,0.917213995166306,0.2493389120218522,0.7619847624803644,0.865536323246901,5.804411186156289,3.7841946272028544,6344.901236160378,7.045661887089074,0.2515828186584765
08014_02,0.2567126951954048,0.1330406279713882,287.36802161049656,0.832392865460667,0.9236047644470504,-0.1598625614824184,0.7531937979967076,0.8499829142263903,5.54376766059321,4.423886707501902,6729.204357201878,9.038129693470694,-0.1601201673251206
08016_01,0.1114493630646375,1.7028852079532522,472.603197253127,0.7440236080581375,0.915491219881056,0.7263306510607502,0.7287862383415235,0.8273287321984071,6.039642813655881,2.334915549071874,6420.008599963011,7.0527926354446,0.7307138425871772
08016_02,0.1385220357205121,1.4975255568009442,295.17209984682097,0.7038617510572711,0.9152718892581077,0.4594075221847856,0.688974616714985,0.783737185084029,5.837923939613766,2.128852981628967,6818.270272554405,4.512884697179073,0.4630815213136768
08020_01,0.1610207239398447,0.983187332134784,457.8539733645544,0.8625625631435977,0.9204562899507646,0.0387863790930199,0.8025777327239765,0.8893566828646963,5.828329792753666,3.751308646488944,6529.851248693228,10.89223365608441,0.0399855559659499
08020_02,0.2529202640869536,-0.7154317808167268,363.7900893013483,0.8349207378883727,0.92938462044791,-0.8157368060208265,0.7485925771944528,0.8738395208980944,5.856662892041007,6.784188402730319,6315.330038265306,13.9864711080909,-0.8203536500233822
08020_03,0.0684605237416742,-0.1961749441514942,422.0084616337144,0.8395566425401257,0.9205563029934446,-0.4905919506147064,0.7478837946499247,0.8961331653644856,6.106511190467583,3.666841823680717,7288.342650082853,11.64015044720432,-0.4930465618626965
08022_01,0.0866950465870926,1.7787833451340958,292.5369574849261,0.7241397501689868,0.8926503483064397,1.1925267787227665,0.7032689537570409,0.7621411189561332,5.871960438701449,2.316096827252197,7644.773932769644,5.969037114505931,1.2057662160543228
08022_02,0.0845349315012241,2.236843747450472,319.8431478181592,0.6989874884282128,0.9009352584922692,1.406292666744879,0.7101487143214982,0.7898398778313942,6.050633622182284,2.257458435768245,6336.145898187146,7.252458552233463,1.4218709950614534
08022_03,0.3712113794781008,-0.0918056039671375,388.22559140739423,0.8139126070591692,0.914872747019715,0.0390747418674984,0.7243918710387764,0.8293707951096809,5.385653487646,3.71815313152096,6669.105059185307,5.533449997307459,0.0397279187947301
08022_04,0.0798198321381529,2.104183771550556,446.9845822203477,0.8009569161010169,0.9126770257128016,1.1184182676312813,0.792377471538412,0.8441621176037316,6.290742377992527,2.539980563899729,5647.025295646179,7.915207409541894,1.12446093234078
08024_01,0.0995330610817915,1.0266727183593791,354.5958605258251,0.8562125208969232,0.9104593386171114,0.5629782878982122,0.7799311971522302,0.8787989480231628,5.961115814352907,4.021830749701688,6284.889832830912,7.837694639175304,0.5646164752771667
08024_02,0.2138355740690378,0.0972443758804792,266.9434996960897,0.8372558498685122,0.9131448711724064,-0.1319335343568995,0.7530660440765848,0.8444999458742177,5.491843502022903,4.100854467547116,6544.093731633667,5.896504524721186,-0.1332763873906791
08026_01,0.1470167134898256,0.6766622913327732,278.59572505402986,0.8604514277299837,0.9146620395206864,0.2827337949185195,0.7827908536729772,0.874916168535882,5.648134453795695,4.654882982735194,5832.447990880592,12.40656251908954,0.2838713622623715
08026_02,0.0949984503971861,0.4098449431581188,289.3407689600832,0.8357154239887129,0.9133263896879592,0.0513505517377043,0.7666655461185404,0.8684636687246647,5.702684200486853,2.947478774776108,4549.433503575076,8.243667701454527,0.0515426949987245
08028_01,0.0953844597657686,0.9269102668240232,322.3260903671164,0.8854779871720685,0.9140801358650256,0.570497190001143,0.8096336741269634,0.8856940612817498,6.074864377594084,5.219685322413456,2347.6624138436723,13.379270004676645,0.5687632049141912
08028_02,0.1311464047984831,1.0672698383851738,339.6868834847153,0.8804265393663567,0.9139245747135682,0.6062879833694551,0.8109713072146526,0.8836114055404146,6.146956415773586,4.871664109986012,2397.389083625438,20.38100994469377,0.6065142541212794
08028_03,0.1377658168804424,0.9422940701166532,374.0142098955658,0.8844039646364877,0.9134546922808308,0.6303270532892763,0.8091459424700347,0.881919136759501,6.083201223882442,4.36381362604365,2088.0603066941903,11.786601708620656,0.6328405026862894
08030_01,0.1128246953845308,1.6623414016029272,361.0482740021575,0.8126048813900375,0.9161818155339472,0.9675514317230453,0.7912255838152562,0.8413754146497021,6.2187558377674925,3.0000675106957373,3687.223799709946,9.77875692296268,0.969478704603376
08030_02,0.2022403181348228,1.429246975467494,328.77443483487497,0.8140238303603935,0.91546081902585,0.7438982046482937,0.783821471196327,0.836109775088763,6.090401099971501,4.115817860293965,2717.232567256334,8.683349410343556,0.7477181025564562
08030_03,0.1308700141919161,1.8185498785494367,329.3073475894012,0.8079834616645438,0.9149993705606136,0.986785626652434,0.7898275966034559,0.8398301245599173,6.148363187880658,2.835910187977721,3333.328623670213,8.133629544587382,0.9896697585573864
08030_04,0.0866730152005946,1.6388216080957336,328.383754809724,0.7969279694260842,0.9115716728943606,0.9310357143659944,0.780724268428621,0.8419557742889889,6.108697599453471,3.414052155120749,3923.306932061649,6.622506203009001,0.9382495683533328
08030_05,0.0641473838194695,1.4011316432846157,350.84216463718104,0.8155569929064291,0.9187750061377126,0.6429748854606022,0.7885110578493545,0.8547114726750485,6.192315048063731,3.3555566815427964,3079.421121495327,10.036708619416242,0.6454298325489186
08032_01,0.0963715374082456,1.5435629383306255,549.2473669593454,0.8378769663826025,0.9157694213440468,0.8170634648935657,0.7966317310540932,0.8733153862526308,6.243673430665687,3.505915108235772,5445.747153155804,13.062598526017196,0.8196890991791272
08032_02,0.148372090501106,1.3384824531193908,448.17932703128514,0.8256197196260683,0.9117664706529298,0.7780073298371953,0.7908876225332121,0.8614889417936309,6.177689842059974,4.1053307394592,3774.7106179638777,11.113983936807164,0.7821544460395876
08032_05,0.0696613998579236,1.9588744205586115,382.92070721709246,0.8351866130308239,0.9147227262545984,1.05502633019407,0.7973174802403706,0.8463845594926651,6.069323554976902,2.652798117797177,2691.978322844387,9.29148293758279,1.058954053205609
08032_08,0.0657556589906129,1.6897326205460046,475.2084906888918,0.8302789593873123,0.9137434779080292,1.0555546578863024,0.7968171576065917,0.8632460725094164,6.329788313701304,3.829268655355617,3532.4899939638763,16.453371000500972,1.0599839666942477
08034_01,0.1297120503267258,-0.4519463122669145,397.02866640861583,0.9170545964018936,0.9358266264769156,-0.5789645203443448,0.8275866542444527,0.9265290026221596,5.931299093953391,6.617210745788733,5336.579886994919,16.268166766232852,-0.5824966353681539
08034_02,0.0985675297608331,-0.445680842066179,319.3415433160588,0.8970396467310915,0.935976737012226,-0.883517173542615,0.8093284737824483,0.9299015908032064,5.8861857031814,6.275683901863555,5264.460247894268,17.032371913594755,-0.8849409605714914
08038_01,0.08730289079828,-0.4781549244508666,354.99016453382086,0.9038088403072552,0.9332073297732376,-0.8521994537604918,0.8150207492430345,0.9212932190227175,5.811875028641022,8.08217960989461,3763.3864668038273,20.989822495564383,-0.856283555879809
08038_02,0.1049339327708493,-0.4065036563747323,454.5683304137574,0.9031962436491338,0.9311509969207078,-0.8005013110051292,0.8123010512922242,0.9227661951838332,5.982289132837957,7.334863913074008,4331.567796610169,17.134384484021183,-0.8061899026413678
08038_03,0.1168733907713256,-0.254561426400362,505.1065296236941,0.9224545336384716,0.9313590148317508,-0.4336373906400363,0.8249901188327767,0.9273099120826448,5.9261093793072765,7.927861126623751,4388.860953920776,17.24189505926396,-0.434267176977847
08038_04,0.151092141294479,-0.3536928294648568,533.3399663576822,0.9229167438671524,0.927801541170158,-0.5542102336064109,0.8296947873078223,0.915579554926697,5.9042043603505885,8.336998892077098,1490.8560632688927,21.20188527856113,-0.5560676502381179
08038_05,0.1392390828542941,-0.4870759304692283,370.2144527098831,0.9120014887745084,0.9278200917287264,-0.6590178976651443,0.8220745372192375,0.9152296706779142,5.809749600447488,8.484694002644392,2130.030177406572,24.04481528607661,-0.6602474864552766
08038_06,0.0846941285323075,-0.189053517642186,429.0415592604269,0.9112110821147584,0.9287586208470898,-0.3891975534093165,0.8154560368940216,0.924052748681282,6.07296940195365,7.929644607347106,4195.198804962006,12.991167756622229,-0.3916959135188566
08040_01,0.1255210032390405,-0.1575079498680699,527.0893123532541,0.9061162650149044,0.9268709840254776,-0.2615493026131865,0.8127977396710818,0.9274823722426884,6.067726498858707,6.7969152108847535,5984.433045475628,12.54360156916524,-0.2646960693421751
08040_02,0.1216927849012737,-0.1601762606146924,419.8143432670307,0.8800267341490934,0.9212292325755104,-0.2302456434018366,0.7966913794860321,0.9017062678704344,6.062998293848204,5.880499269230105,5678.647646084693,9.005339889137701,-0.2315621811395465
08042_01,0.0507328716176449,-0.9527543532116928,328.50822778498053,0.9137629926145512,0.9380553924282128,-1.1901190098012486,0.8305243377194796,0.940553858843054,5.816978711368127,6.7206345745137615,6194.619163379506,31.91629188104569,-1.1938923087237745
08042_02,0.0992563601366975,-0.4244670580585868,405.9089340904191,0.9382884557188532,0.9392863294338636,-0.775048266801068,0.8419471437097447,0.944558172766932,5.99018858289222,7.356591249363817,5383.030563514804,21.89754045981589,-0.7807985528610766
08042_03,0.0779424855939982,-0.2962834205728803,307.1484691474329,0.9216527101448412,0.9357039008425434,-0.7253211324668517,0.8288691167000282,0.9362586864304888,5.915960655258603,7.080617712811665,4718.654251812788,16.344254319623396,-0.725385933816524
08044_01,0.1286209384961358,-0.5637398116724052,436.3830890597469,0.8936946082408382,0.9374119655523008,-0.6960498181667263,0.811494528378902,0.909375924655506,5.90069878138749,5.82005465592897,7596.742151426555,18.238256001599986,-0.7016643954701156
08044_02,0.1352602737962757,0.418444597664061,446.8155991543968,0.881448660780511,0.9324335937764214,-0.2833301985990709,0.808578964949404,0.8986198035262799,5.961566553751879,5.313926879621909,5028.568363412863,9.827871678087432,-0.2845027885220921
08046_01,0.0544599568041778,-0.1951155838237828,459.0050944983966,0.9152872156121428,0.9348743986086288,-0.4120333351930211,0.8166283694122103,0.936260702872612,5.982872146815479,8.360215294129672,5243.548079275753,23.38373479331132,-0.4131135987511191
08048_01,0.0957360468615646,-0.3710945529104845,354.6286075476577,0.9203388677119072,0.9246170790025084,-0.603530760978579,0.8250557115087611,0.9308503129637882,5.81909443681363,8.078635893579477,5788.500756699012,16.242248009449458,-0.6080900278009377
08048_02,0.1111403086482404,-0.3500926521427161,404.126324967304,0.9278132274059584,0.9273232101113374,-0.5195222268230704,0.8353166835690367,0.931127620397161,5.962515311749143,8.206952741804983,5151.978119427442,14.103403637296411,-0.5202596946042917
08050_01,0.197581606385458,-0.1167746221467555,351.50717818795994,0.8895146568413572,0.9213867972486826,-0.2614519766609841,0.8037983616390765,0.8944117428341274,5.90380282080916,5.375745596720256,6402.923890426239,11.592489537137402,-0.2622737230662306
08050_02,0.16858295744706,-0.615375795583338,442.8530501076911,0.917709120387914,0.9356114181570088,-0.9229217891242812,0.8308803871414022,0.931104446705783,5.882260311998843,7.654459860769031,5615.280401636296,18.945431191616528,-0.928609596325432
08050_03,0.169056895511601,-0.0905599863312443,871.1146076751311,0.9194449399441122,0.9343553030332789,-0.294361196998839,0.8325244305430696,0.9232978611127036,5.9376479520229335,7.6907459486423555,6109.791874506263,14.996178277332035,-0.2975467788526322
08050_04,0.1566422693063571,0.0919224159433056,455.6613867835149,0.8835830284878855,0.9293125225955556,-0.528305308674264,0.8109630584501936,0.902662967626334,5.776307428138485,4.015653564039167,6020.260350845177,9.089785805002656,-0.5312737741863289
08052_01,0.3069345773735,0.2158173707202985,509.9970640843768,0.8951104957336194,0.9326388797772,-0.1659005358125403,0.8205331846850813,0.8974222727136214,5.86060880345369,4.949870670894374,6320.216028264126,13.876899265934387,-0.1678872590881313
08052_02,0.2782797623890077,0.2332727209310245,396.7770624813997,0.8950159450992783,0.9335287997434416,-0.3020302281345541,0.8174496400162118,0.8934125810788749,5.839070582784335,5.374406450115595,6132.208611345037,11.36425984255149,-0.3015745430216124
08054_01,0.1719726810152737,0.944928311270414,295.3474407592868,0.8392357303286385,0.9142992752588204,0.150211758770705,0.7908949943180869,0.8699496529275998,5.939444821481543,2.9326184745936548,4636.6663893254445,14.33542996103332,0.1496470318461825
08054_02,0.2613826428279862,-0.2099778064918961,557.9231366459627,0.9144249259951724,0.9082543593231892,-0.1616275747151318,0.8268749806830885,0.899447353375023,5.991932232970008,7.446682653804582,6723.20673154347,10.402565011473293,-0.1633819939643159
08054_03,0.2404344180825322,-0.2584970809423594,573.4911654307425,0.9167011504341052,0.9136155058212636,-0.2161296463098762,0.8278579359858507,0.9108694113238552,5.998185399362283,7.658787541436123,7205.029775784753,13.21064452618166,-0.2161222331822852
08054_04,0.3012863133893032,-0.3688058193317501,393.9729328924676,0.9032850172162388,0.912750913955331,-0.1116312219172754,0.8196404159011494,0.8834110463059193,5.758532921954139,6.914564227130364,7191.484147121315,12.370007563420764,-0.1135061082284426
08056_02,0.2734352368596505,-0.0314987451414752,388.1228124891707,0.915246083596604,0.9186374532409374,-0.1651175383491929,0.8211317373140473,0.8999416803822127,5.944624162343888,7.50531226351004,5194.155212206693,15.076267790544067,-0.1658059134804276
08056_03,0.2419353019431205,0.0225386883471876,521.4384493219856,0.9153114870856198,0.9168894435223884,-0.201404960760758,0.8300177534214284,0.9021970325949328,5.880522282178549,6.112980737606036,3833.9218454970855,11.870700679694236,-0.2044721157051862
08056_04,0.3581666373887975,-0.1649176548748102,467.3638727822619,0.9226284959277704,0.9201524392119622,-0.2375866721823544,0.8369071317790612,0.9053917513952212,5.758435009508899,6.3793063721435335,3698.024284856972,10.815195390914049,-0.2376608332889724
08056_06,0.2626719187784112,-0.3749798933449138,480.5316424373647,0.9143088517515204,0.9229588147648952,-0.5366479819610167,0.8239980028592014,0.9183071801543756,6.002152070042892,8.750664633099241,2567.7202297562344,22.01194480514168,-0.5421050434402741
08056_07,0.2039234815124127,-0.3985731548440499,368.63693959081553,0.9173344844491104,0.921794521400234,-0.4287563176497104,0.8239251934704138,0.9211574458528496,5.812287712685019,7.430792079547601,1843.308360100703,13.608055086902931,-0.4272359842483961
08058_01,0.1654121555123561,-0.7864500385009953,360.7336467786309,0.8970365214042643,0.9320243895359852,-0.9754663843958904,0.8179746879405108,0.9091446887750568,5.809172100417441,8.280079395700639,6735.236188727447,31.654421467949668,-0.9796318075883176
08058_02,0.4341189181517552,-0.4263244545762465,482.6964826700898,0.9077045000048234,0.9398685999042375,-0.5426643861570176,0.8248310555756591,0.8912323719081813,5.676429256885421,6.92906483641662,4796.104576861136,22.908236567672667,-0.5445791007526133
08060_01,0.539971071224913,-0.3329766147648,537.45619500354,0.8997386499958204,0.9129562438286362,-0.186299658000441,0.8202864763767085,0.8635209584828684,5.696229172981606,7.557861193033342,7138.745301578,12.32346409201725,-0.1883377752376215
08060_02,0.4169806347349199,0.1780187265663355,455.27092364971696,0.9029727098180876,0.9181358687389286,-0.0287656035873079,0.8183320175449358,0.8832665112505782,5.911562892186545,7.122345145511609,3113.443923407581,16.215786401835167,-0.0275096774474542
08060_03,0.1179793557283904,1.9276205737583771,358.6997128132499,0.8048227698561633,0.919922005538858,0.958557431488528,0.7871619293757188,0.8307212673984663,6.2438449623546965,3.047503773321846,2880.3029671804843,15.05837119852097,0.962256547373118
08060_04,0.1338091694677612,1.3092135504604936,392.1768613066323,0.7938426204193583,0.9092262844277936,0.8204154103455749,0.7760880266305331,0.8185335507205689,6.201734406454709,2.3865897094880992,3009.565286407547,8.60012566710926,0.8265393783172061
08060_05,0.2769971078004726,0.2612343510018642,375.098677098883,0.8910169571949033,0.9153576173420233,-0.0370640772076048,0.8143681572296738,0.8768237716421167,5.903782015972553,6.835449821522071,3031.196210239174,9.578841680630024,-0.0362053057283504
08062_01,0.2411363208665035,0.3594690799610017,344.6885466507177,0.8462261791082919,0.9113180337171252,-0.032046582996483,0.7705293564110257,0.8712053086896026,5.743228385990684,4.479844413688154,5031.081296205662,5.942218995339556,-0.0344571509272094
08062_02,0.2155564113769915,0.8081249122701859,301.9649787308432,0.8486904996797994,0.9176259226466974,0.2333572977133248,0.7835014427462615,0.884227565780732,5.871707990026811,4.362228904998261,2847.242900871204,12.31856908881814,0.2334736516801166
08062_03,0.1522408714795932,1.034733175829718,324.49344566905086,0.8439994327724146,0.9138162226019628,0.3588282077218557,0.7786378418355415,0.8731691860602937,5.933429506867332,3.404507272614743,3565.7317183268133,8.105902945578375,0.3614408420925356
08062_04,0.2579913195943824,0.3122381441497636,312.5861757163398,0.8364504656605859,0.9122908784514824,-0.0608498541867629,0.7644138908900256,0.845294862845717,5.679502067697496,3.4103520354460337,5909.079197179279,6.27124739337434,-0.0622745084362955
08062_05,0.1364834873178524,0.5486795970043368,346.3927900385338,0.8555220856048409,0.9201236379654116,-0.0629732156064524,0.7950534387706897,0.8879423263102507,5.965316225704207,4.643586964380231,2619.277681194173,13.98980135564914,-0.0612665667208861
08066_01,0.2094649678435311,-0.1498915141220433,520.9842499605338,0.9068853738361184,0.934224463427462,-0.5859479332707821,0.825317217880706,0.9208090851879822,5.923259601822703,5.343556668087836,6799.192572574318,17.400996660182678,-0.5901712997140058
08066_02,0.2746679034690467,-0.0493221528082016,563.2912918482797,0.9170901521550492,0.9359802197100056,-0.4518539708977721,0.8305779853332479,0.9253162092344912,5.965398276394822,5.665541523169109,6747.59680177009,19.3985543113681,-0.4527836821698626
08066_03,0.2196162277643169,-0.4579571874105411,499.4387232684328,0.894501187562035,0.9335812585398434,-0.7123105513468729,0.816012689227217,0.9219253434031286,5.928694272152892,5.386419163442778,6411.545569062166,19.09231863216168,-0.7167087214648334
08068_01,0.1011229107775356,-0.1645266685427965,531.0671415380557,0.9151644382524404,0.9233326706289782,-0.266302854956747,0.8218324469777065,0.9227398837484924,6.122415250261896,8.211642721969474,5466.798166936235,11.10481859861136,-0.2675253551575013
08070_02,0.0623621601681811,0.9649742808155244,459.41723681306553,0.7935368801511685,0.9153610480442458,0.3778466093285311,0.7799255619368098,0.8424619327577414,6.30550446859278,3.178390007478304,1997.8143793045524,11.0753303789137,0.3771361748915107
08072_01,0.1743767985658225,0.8439879952305056,310.5921824442407,0.8378988731409731,0.9231975981729196,0.2542490634773204,0.7722351115548254,0.8632895357644854,5.836425951454672,2.8550071268437187,6079.237844702468,9.918879592254832,0.2547937369058541
08072_02,0.249924294393354,0.567125323429976,319.5204452125383,0.8607123338602658,0.9197767672675567,0.2031475898409432,0.7844907046079945,0.8645605456721264,5.760883850546917,3.5820518507016783,6240.920127246152,10.379649674133326,0.2039609715807214
08076_01,0.13620863637657,-2.167021990332399,276.90144546649145,0.8060857156633998,0.8968600737283314,-2.114066123164104,0.7598373857111604,0.8668416662473484,6.015212912449895,4.127378306190336,11614.052416520211,4.748533657542333,-2.2193816979976435
08076_02,0.0745234409319474,1.1546568619334756,330.8689138576779,0.8523429867144109,0.9183305177595524,0.2613774859053478,0.7801127093967937,0.879532645079507,5.806209171902023,3.512043843929185,5767.887179610832,8.714565112354673,0.2652286192279567
08078_01,0.1244027251268968,0.0255980819489737,388.4088558906589,0.8012390464015078,0.9147694273690375,0.0692866687671356,0.707545142007472,0.8431430602725564,5.74406833403916,2.425132638713964,6584.77256398287,7.480898685769981,0.0692585550602038
08078_02,0.1125574875143412,1.4924936332724634,309.8519761456656,0.7697374275467428,0.9115610278148504,0.6605776232833224,0.7327769339195541,0.8080562233547721,5.845251576310504,2.0518309256508607,6217.201021516559,4.80636668449366,0.6678386423988731
08078_03,0.1972992877522045,0.0421455021638774,373.688138800196,0.8054088072401224,0.9058146524500412,-0.0875644250181652,0.7377752768381339,0.8507962436731569,5.835376899286935,3.670251784145563,6670.0270394420895,4.882115046222097,-0.0897751079368988
08080_01,0.1234056608699112,-8.340964402824289,518.2930384197405,0.6124546488390493,0.857449974594586,-6.45656894240343,0.6872768910219392,0.7436821749663334,6.426057161367311,2.916470620359187,18433.32369915185,1.5413479212638803,-7.04210448603115
08080_02,0.135197802799948,1.4451974954286744,260.0423442148592,0.6991791553125526,0.9062999158417372,0.4145136475855802,0.6832049258726752,0.7863830144659704,5.77624305868211,2.589572550222268,5916.536949041455,6.559892929011727,0.4189495000788282
08082_01,0.1844574665836066,0.3200901115908464,238.69511568123397,0.7966198603335942,0.922883068079955,-0.1981515269186918,0.7303755641819982,0.8267617930616902,5.7392837981651095,3.128818925816223,6476.144654598587,7.93110376877433,-0.2011817189848214
08082_02,0.2991302982727226,1.0550763101729372,386.9206965646884,0.8453046614878349,0.921369705581914,0.4629126680733986,0.7901051178306346,0.8341254093328697,5.846980994466268,3.14635233484668,6463.019154373081,8.891935683203595,0.465169802956436
08082_03,0.2081088884797703,0.3777377932105585,291.5346765931289,0.8416876585120188,0.926520841648646,-0.1617266406478125,0.7745646551629657,0.8516795335196695,5.8368686318100265,3.5830531137896733,6098.293409852154,11.519681759181614,-0.1636620668181736
08082_04,0.2369967814685437,0.8576129128038786,328.20389125112746,0.5606287254883525,0.8977339975836848,0.3739792900925913,0.524053300875926,0.619976036027501,5.84914959761719,2.673633766744552,7670.91416447117,3.89360363145978,0.3782321534487891
08084_01,0.1740523147459862,1.306050166104163,427.1659454096388,0.8378024031485988,0.9125735647996008,0.878758311852854,0.7793761288864075,0.8357781787735269,5.98962246572744,3.5717057751211314,4997.331689696692,11.930522736103256,0.8831442262439559
08084_02,0.2237707869184912,1.0447355960534812,306.1655585239941,0.876535833649008,0.9195380361405048,0.3494460664532082,0.8082274204046107,0.8668802005993816,5.987884659380481,3.553381570950996,5610.8273363255685,11.810096100736132,0.3507777213227587
08084_04,0.2205638357926165,0.8907493345866707,325.0391826159224,0.8731917668491395,0.923030786078504,0.2667436280393925,0.8064498996560124,0.8734260070389622,5.891375219619707,3.707026702959952,3806.1579762098745,17.86149425503331,0.2692870547844611
08086_01,0.2758674026234999,0.5857356885729961,364.9987326563194,0.8534234248308433,0.9078893327975072,0.4630421048389217,0.7765552879341018,0.8382939371207041,5.745181703563588,3.642012520595852,6585.004377855701,6.915875021990126,0.4666940205796615
08086_02,0.2881653036441235,0.4298643474891273,458.9515985274172,0.827227831848868,0.8980301327957192,-0.0013749872864178,0.7585938421642543,0.8314112970076273,6.011960803480917,3.672965562158625,6710.481158287748,4.880798706985393,-0.0065816678969629
08086_03,0.2215767576306515,0.1889604551250146,337.1264705882353,0.7778762203924119,0.8977821452170786,0.0687538783431003,0.7318761098028419,0.8493393150706318,5.950625849655768,3.281429186618998,6371.996050672249,8.581330950806741,0.0689045823292617
08088_01,0.0847580969050022,1.7140257089989028,312.9435066909976,0.8040015272483287,0.920092730844562,0.8452873527631994,0.7857012364618304,0.8435508034822347,6.177622096697978,2.692334664544135,2851.766304601184,10.415789006831275,0.8518645776124839
08088_02,0.2135634455930148,0.609945837105247,296.4428439106966,0.8042634609748079,0.9176280136790984,-0.0124915267383817,0.7413985725303195,0.8364176535912196,5.690970194232779,3.283200147126764,5975.049985456336,8.9861053393883,-0.0132573960086912
08088_03,0.1489227721712764,1.3476174558295324,411.8570752857706,0.8306148152574432,0.91632575780839,0.8230868383790256,0.7849423522540849,0.868057849350992,6.12016014025879,3.2258253254157703,2473.6684596017394,11.610014469477523,0.8295889347343152
08088_04,0.1141144964307532,1.5299576949855078,300.2564921538675,0.8206100447174575,0.9148658487377328,0.8713308419265825,0.782900057601979,0.8472720524078255,6.155845185534149,2.859644726515348,2879.344457013575,13.743857453578553,0.8782476120190038
08088_05,0.229138542731082,0.4147883532255005,318.4216902813224,0.8196326132109808,0.9203065915559184,-0.0550949009833442,0.7510931754209832,0.8528709797523626,5.6556057665667545,3.677838857072919,5851.589021051638,9.334561244550027,-0.0560134493797627
08090_01,0.212787803099798,1.473804809094805,355.2681696632389,0.8161623514310825,0.9155969750599128,0.6731682528431169,0.7822361726945696,0.8292672499361746,6.040971109528185,3.0906713387107465,6249.948484917163,13.957783137058204,0.6775945801277464
08090_02,0.279662429205532,0.3878595071896531,303.02143167608415,0.7488998895020371,0.9067167971684434,0.100282801589338,0.6940085472302073,0.7969176781299722,5.772505418933213,3.234135963516514,6514.548884710708,7.270425870818697,0.1004502697045383
08090_03,0.2078433465816188,1.4888444392829814,455.6563157299559,0.8242475914043109,0.918594368237324,0.4898242553036034,0.7924399011579032,0.8299360008336641,6.134791867304808,2.8536559927437493,6501.733731942565,8.75636516969885,0.4935950666879711
08090_04,0.1641784972056859,0.7529749783846407,286.3254573809803,0.7927772140098828,0.916858447934526,0.0578185652374648,0.7458323520822283,0.8209310809973248,5.947479924180737,3.1321014461711685,6393.203714693923,10.93223351850668,0.0585604785942706
08090_05,0.2402008422520254,0.7199081456675428,355.82667385444745,0.7590652070884221,0.8994255694392798,0.4505061291842592,0.6992334479835494,0.7811648003578328,5.811591714216405,2.8686782995881632,6927.518336184238,5.13026315374649,0.4594570113197094
08092_01,0.1771998159685313,1.1685272772261153,364.8630961776976,0.785528668846945,0.9061070216259112,0.7138272091420782,0.732429378918039,0.821081836266444,5.804585431371927,3.3113933707320813,6342.201950313443,6.313103352689237,0.7190855215513346
08092_02,0.2476770597217399,0.2903080835580203,274.44223007063573,0.8255594797103077,0.9126013833658836,0.0589322782716018,0.7505008496730243,0.8365909493208743,5.70871974206373,4.4752305244278485,6091.205716559453,5.290448142377847,0.0595157176486105
08092_03,0.1935542600149092,0.6567580405317334,404.9709766470193,0.8478470933994747,0.9105373619965176,0.5032287183618442,0.7711409527926569,0.8509219528812937,5.835067004380265,4.213621157803141,6166.357838285728,7.171166439092763,0.5081092172333898
08094_02,0.0995351919416653,1.5420082161037605,320.5278795811518,0.8021861094135413,0.9202537205757988,0.4988245780395215,0.7667387537846864,0.8553994653861768,6.061969185888609,2.6177140877124963,5737.070532417031,9.022394141850825,0.4991768305603616
08094_03,0.0749692376265227,0.8575640541016111,273.19718996182894,0.7560084606840767,0.8982240245541598,0.3181536094571079,0.7479468250178598,0.8334116259607176,5.881705360249539,2.0145532178250214,4956.952010776528,6.348167452108667,0.3254714543319125
08094_04,0.069735771948652,1.3790833208869615,413.0365408389156,0.8053804532564227,0.9144244416978669,0.2899298880356748,0.7854070379284264,0.8645194646488785,6.152116222448582,2.468562191283607,4253.65503163911,8.449678526883599,0.2915691693448541
08094_05,0.0677237469010457,1.4929390638625777,249.52549648863237,0.795543425146033,0.9165730527058756,0.2395251226711822,0.7643872017655957,0.8425850950738829,5.9652239016324575,2.6974090999061877,5245.97643002487,13.51119050788175,0.242674920861618
08094_06,0.1111910618760189,0.523896987663597,247.568801431127,0.8084186415662553,0.919562503044168,-0.1465275020300141,0.7651626941138608,0.8631478284631361,5.900374286789018,3.134448003171881,3819.579129040131,8.21194947685338,-0.1526061379735987
08094_07,0.0880143911889265,1.3912218472860425,269.5073683137015,0.7880323711084081,0.9109636440560284,0.4006158415451303,0.764844895194885,0.8525788873601988,6.004038333488785,2.5992544237177166,4101.400068575347,8.640680577702462,0.4043859583471157
08094_08,0.0584605305138562,1.150766421731352,319.7977957022351,0.7914170731349982,0.9173232182791556,0.2076383503703566,0.7600268082743065,0.8589294409265971,5.939491090778113,2.449932604313166,5461.394769105026,9.475477153514188,0.2115064247751311
08094_09,0.0521072920222254,0.7167304575734171,470.2214841439556,0.7630086406558602,0.9138248389541094,0.2123375751357176,0.7741079084552106,0.8247899502075002,6.295827057630207,2.507453472645561,2477.606186069167,8.721900862571342,0.211331377122126
08096_01,0.0838362335851951,0.4757934718594905,465.9910180841253,0.8928633919283162,0.9218767208825176,-0.0249688041481556,0.8143586382503261,0.913091481330662,6.154657168758246,5.947096549827317,4838.569773023383,10.521975304558326,-0.0280987110644954
08096_02,0.032413780894888,0.8149447108140452,624.5184021543986,0.8430372026859463,0.9137424017450468,0.1898232503947512,0.8104296146885217,0.8793439010946538,6.322223243410725,3.8336900172727257,2576.3075977378903,7.744124161020272,0.2016181301783712
08096_03,0.1405866412514224,0.0640870409532857,456.76175392979553,0.8891714040436652,0.9292985319037852,-0.4912588237386872,0.8176014835611201,0.9255313822388646,6.184203773782117,5.089986175363389,3806.478367748279,14.40891130515551,-0.4952682153062179
08096_04,0.0821448173541253,0.3115766363918576,378.4563726461843,0.8802771545676855,0.9299533191932124,-0.4402664391517247,0.8069738645084621,0.92109981840398,6.190802996060921,3.985728140357085,5221.45648393397,12.04298079413756,-0.4430979448234663
08096_05,0.0809722830016528,-0.128587767644148,362.6780630805637,0.8967672192162868,0.9345028957496512,-0.5209352249168466,0.8101763410129835,0.9176637112362432,6.1079902496793705,5.657774971252236,2303.858796296296,14.854237510127728,-0.5211313444619722
08096_06,0.0886813148684633,-0.1509431801172117,276.47732412060304,0.8899559855230011,0.926608504800119,-0.4480111546573402,0.8064069688939948,0.9117675186821236,5.978271753777945,5.876870423881455,2415.2513522463846,16.92287496550605,-0.4499675022304822
08096_07,0.0790501383919077,-0.4248891267673478,434.4666173478824,0.912735305263812,0.9338408924957264,-0.670408614447975,0.8204048219601701,0.9289390319395414,6.006383494939887,7.231422758032091,2184.8146440759147,18.45290921329734,-0.6719790754404821
08096_08,0.1110635520418983,-0.2801618829047317,382.817124100845,0.853513179878832,0.9294258074353628,-0.5531905208936505,0.774952203277124,0.8984618709561567,6.169014733184512,5.620582521463814,4945.370113168724,10.841333105770785,-0.5542854409430242
08098_01,0.1215734131721438,-0.4794250976358767,449.7766563075823,0.8514235929587655,0.9222132094035764,-0.9449625507981048,0.7776700651008834,0.8968148066300207,6.057813348673705,6.079994559988446,4990.007885644962,13.88819066694444,-0.9485688969838998
08098_02,0.0557386301531119,-0.1346215119989147,417.4254824295561,0.8747540111390778,0.926392798076233,-0.4243064829596522,0.784732235504891,0.9151374322529664,6.026556238812978,7.464676579147825,4925.280535312045,11.664869889519888,-0.4255927878515609
08098_03,0.0976578325171256,-0.0180929827356068,463.9619801313352,0.8578949843218114,0.923815452949144,-0.5290402605986378,0.7854840168011729,0.8964908041811194,6.1719873474725615,6.073233841334766,4725.430518194448,10.82074033641773,-0.536578202515849
08098_04,0.1002599529237551,-0.3572717700590401,333.2184277951752,0.8836179534021166,0.9302248779087704,-0.7002204611986932,0.7920074206389888,0.9196913790020004,5.946454178901918,6.97225833648527,5320.020304687683,14.50728209307748,-0.6999567039757811
08098_05,0.0783343285289472,-0.1577167515122762,409.9341158761633,0.8747720139535763,0.923399194257586,-0.5741255829951221,0.7923703409427302,0.9112414557131936,6.069532287192754,7.163302857005783,4823.784519533004,11.007658529010012,-0.5778049390933896
08098_06,0.0761929847722892,0.0127826987820214,346.3227695912201,0.8507579316042378,0.9237675184387172,-0.5426942736344809,0.7712135952627077,0.9012623953021488,6.134319329519561,5.985755833679207,4751.885040911191,12.954747497610894,-0.5494729374403815
08098_07,0.0796729095000631,-0.8133102481202835,333.3359247403149,0.8438246630839317,0.9273103365127908,-0.97056902999651,0.766900351170915,0.8990714012406029,6.026647267548761,6.437210706235726,4748.095229002428,12.16286693361984,-0.9758098801991923
08098_08,0.0624689562042019,-0.2606004430338061,427.0356414368684,0.813879015791498,0.9249410999949708,-0.542776333270102,0.7404784758909614,0.8872895193113671,6.2475450351585895,5.957652319086908,4717.870335162149,11.796105959597687,-0.5472499720729833
08098_09,0.0940363148045786,-0.4544256594798481,328.38871299804504,0.8598631263813821,0.9266341581150338,-0.8217156321375099,0.7774352008158033,0.8900496822687837,5.853381143489973,6.838889914112519,4375.556788774513,10.350649339251309,-0.8247310938279474
08098_10,0.0793442674742021,-0.3196440496458383,308.4367940983044,0.8729846304050348,0.9196406632616336,-0.5740593845623897,0.7878806406943754,0.9042442761251596,5.889559784486568,6.50232007276315,5385.941665659374,9.225677774094262,-0.579968752629655
08098_11,0.0767412415232677,-0.3308394017650949,368.43566840814185,0.7650721766115415,0.9227950488786072,-0.5518341644537116,0.6866000160978323,0.8446153905662137,6.1521468740131615,6.205154226005619,3940.7970286414456,10.768547239047278,-0.5542555532412126
08098_12,0.0480010692593636,-0.2669985533405261,375.6748304827447,0.8922040200590606,0.9264087553636512,-0.6973100175084356,0.8045877070013718,0.924504319428703,6.206065559875428,4.863773586285101,4482.014482758621,7.329646385298862,-0.7063442254639889
08098_13,0.0535794428537346,0.0844768156032913,405.08478388945423,0.8725216270787776,0.92591297123869,-0.5539391045024845,0.7925516793595706,0.911161858357554,6.269719301048058,4.020222910326509,5272.535823604301,5.363676163673144,-0.5533490676816148
08100_01,0.1253138446132642,0.2105432674414134,635.1035346675119,0.8945043772911495,0.9185672445111824,-0.1388410971550464,0.8089387676219589,0.9078385224631624,6.21141759592093,6.137964018227487,5640.314695669935,9.896145682229156,-0.1452047207229416
08100_02,0.1039601960841039,-0.0912443540460183,401.4696924355777,0.8815355198855962,0.9242491791273632,-0.313085519837318,0.7995579690751276,0.8967712808685142,6.141774112093906,6.518265224882391,4673.2600005646045,7.913435044184423,-0.3125729544921439
08100_03,0.088299283971949,-0.2866489726688822,395.5984780085128,0.9066639117911052,0.9329501390807248,-0.3730132873748286,0.813922269529922,0.9152539387049022,5.921183980785522,6.114534607923014,4786.103935572101,12.920327383342752,-0.3737586805055317
08100_04,0.123915648178002,-0.280868768503032,538.9143620478013,0.9244218631420644,0.9232334958189236,-0.2772435910907518,0.8323238672863713,0.9274125796284882,6.176841692093582,7.533679895008284,5709.935053905494,10.929568285302494,-0.2764767448024847
08102_01,0.0738614286843708,-0.4004350480850128,388.6182016580835,0.9082270141989438,0.9302664675291146,-0.4851012421557063,0.8188403280665014,0.9246396304184384,6.0523904838954,7.036300858589671,5075.810922530759,10.800866188794677,-0.4869725671798073
08102_02,0.2247914993690604,-0.6049070010812345,358.02642216081665,0.9106173879561552,0.9378044253581868,-0.5316157952145218,0.8337095292052688,0.9115681545656732,5.541411125225056,6.901835850138857,7539.965280412083,9.854469640675656,-0.534806812862829
08104_01,0.1464339233883896,-0.5444157929550754,265.0880569293083,0.8612501053995517,0.9345455484122328,-0.7876514291873608,0.7745219811342666,0.8981368984719603,5.654616496023657,6.987348115207208,6682.231595308746,14.064520903903698,-0.7897591629851894
08104_02,0.1232684908841577,-0.3938885746102381,406.9059061851793,0.9003621054970362,0.9256115219763162,-0.4296716273859423,0.8077058471187587,0.9134788690166048,5.914286746120722,6.8645819546813,6446.109282422646,9.297775650866368,-0.4322065041337299
08104_03,0.0799395176581245,-0.3748675463996088,498.2618395161583,0.9315302023536411,0.9323749222747592,-0.6277304033987366,0.833720711150315,0.9402198068192696,5.945586484452677,8.414801592121803,4997.38423544987,22.91721067608521,-0.6325732501538889
08106_01,0.1239360404076628,-0.8943944482635326,349.5927123013583,0.8993458295488375,0.933093893541896,-1.0278891859520196,0.8201414453223531,0.9244612848900536,5.932505804677616,7.591643065608164,6745.294516402372,31.30571085930036,-1.033896670403198
08106_02,0.0981997987590064,-0.0802394703945953,317.53570181709364,0.8996675618279535,0.9249959875681248,-0.5085506350638167,0.8124222196611312,0.9101137761937984,5.967093915144013,6.45441195345605,4798.530260935882,11.265483959263497,-0.5133676321661799
08106_03,0.0981233207427039,-0.5565854694460943,312.13423349839195,0.9019034784779192,0.9277100675685812,-0.7930927859434593,0.8156974943377208,0.92190011663949,5.801801436396221,7.158341743991498,5695.531797445256,21.570628910622297,-0.7986409370017236
08108_01,0.1264401126090415,0.0183596884356238,292.51964144476665,0.8919331729400055,0.9252103144920242,-0.5019865630142453,0.8028369618083534,0.9130207715818168,5.957308360346544,4.77945793403359,4894.609788323378,11.248972560658183,-0.5057169460852219
08108_02,0.0945655908085633,-0.1285318677105033,303.1233349123638,0.8869969948513959,0.923089213267816,-0.6459286905964615,0.803008618864244,0.9060848338184602,5.992235723708787,5.443173131846773,3893.035688177045,11.234592179664164,-0.647822002166414
08108_03,0.1574544341218006,0.047993913457164,589.5509632751355,0.9042003118398172,0.9286952382303396,-0.3424168002569819,0.8178503799073831,0.9166507594308488,6.143021724549702,5.390730725391268,5847.494745057232,13.148908426127727,-0.3435556287849422
08108_04,0.0897599361791218,-0.0305469221760466,468.4005361084832,0.9197965194488548,0.9287961590151566,-0.4320109199751144,0.8165779663137902,0.9344704963170966,6.032886175767313,5.796247805667451,4681.12131108604,14.422153292061306,-0.4391841323495712
08110_01,0.0937932149988783,-0.1330689074921401,384.7576801136985,0.9023140720025608,0.9384135912264856,-0.3782408649439569,0.8095782322641812,0.9275212163339808,5.994596458612644,4.831258122064756,5583.769812217733,15.392980547058722,-0.3793575884868097
08110_02,0.0807840624448301,-0.0700057101201638,332.0664319025412,0.8965316598695643,0.9270151224778448,-0.562550095095373,0.8033005466692338,0.9211950367777,6.04634020434396,4.862334411519209,4395.412717253073,15.546270712954662,-0.5694427181746433
08110_03,0.0933540403871625,-0.3663808695031996,392.2172321404887,0.9068893814984724,0.9316590297163512,-0.742688118848504,0.8147048131898712,0.9271317770052628,5.949813264437071,6.465344510335806,4152.023841323065,24.346376851378867,-0.7461934863978525
08112_01,0.0807519253228861,0.0745778012034278,520.2669890557394,0.9171986646177696,0.9270745540350432,-0.0606357808705163,0.8154280958153669,0.9356203405021662,6.055440861473442,6.80191716797353,5476.144050104384,11.3191493130976,-0.0662061373611805
08112_02,0.0832214921973194,-0.3286990585368263,458.2179559570864,0.8936720715820532,0.9397888167492656,-0.3782527831438875,0.8012085438202698,0.9297446826146832,6.07685483994438,7.380499473180418,4673.832572258149,17.2059948607583,-0.3791580010233085
08112_03,0.0825431248334998,-0.0260513866808145,468.6716109715387,0.8747502802860085,0.9316200307419004,-0.4278399595999976,0.7855390583969246,0.9172943399231503,6.136820572229952,6.620209580274178,4701.063216967897,11.913578236423152,-0.4311622900359605
08112_04,0.079541052243643,-0.3440742690983486,324.3167552266971,0.9044597646160968,0.9309609499404377,-0.5690817372863793,0.8149518717562442,0.928468486491852,5.893543974010767,5.603120403433843,5390.577994619488,18.76367213355878,-0.5693836781295314
08114_01,0.108308387133809,-0.3528041609867473,292.4199375557538,0.883655039401673,0.9259976568766513,-0.6099503955871779,0.7956294813130804,0.9130020451835238,5.813370935678945,6.2624397474226345,5170.415296229802,18.217519009968232,-0.6129531530547325
08114_02,0.0946489487952735,0.3388368873275058,359.1745681881938,0.8464035273248254,0.9266586279788696,-0.4702188912133719,0.7854465238662669,0.8759792624948086,5.901680994512039,4.76149964938984,4622.620868842237,8.359469551924766,-0.4716869895547273
08114_03,0.0888251454159249,-0.2058366714343215,285.7147288868354,0.8721003869361504,0.9189575710661102,-0.572016629419378,0.7894882140898395,0.8949610070336163,5.85208648611079,6.662687449840838,4173.962697144236,17.700169868661245,-0.5718660550935819
08116_01,0.0782885609175729,-0.5077049456164243,339.5265076494733,0.8765724234232505,0.9315514897693766,-0.8924247621309108,0.7917437181624369,0.9182058342643644,6.011217318373849,5.774795820244524,4424.80322454235,19.24367736579156,-0.8997633637753525
08116_02,0.0916676486424519,-0.2796747284052024,263.0205214293056,0.879885376031158,0.9269818735782722,-0.7559015829703369,0.7994197117468601,0.9114913889519246,5.842592289074878,6.462575319953535,4283.948996533745,14.580245471534909,-0.7577237122365754
08116_03,0.1144968390773241,-0.8489747938456856,414.3698268113706,0.8856136343438802,0.9215128657758758,-1.052940916182897,0.8072876213908586,0.9105175672306468,6.031316486624164,6.702957838209321,4863.153643570093,21.543983078130545,-1.0580373954104425
08116_04,0.116131878573685,-0.9711947473428624,273.7240282627584,0.7826209299519461,0.9152412270949905,-0.6448796677360156,0.7027070751138577,0.8740167510493675,5.735124922721804,6.808852717527455,6050.284459366233,6.82945239539875,-0.649026724856248
08118_01,0.0766359422515259,-0.2450219214708693,318.5005151234976,0.8784154876729431,0.931008245989817,-0.6855844550139163,0.7857294796243942,0.9179020426103044,5.8995970546038325,5.983926703236543,4663.710233297985,14.715272776338312,-0.6841489672362766
08118_02,0.099544058423224,-0.3921486541563601,345.0528677948122,0.8604967446137315,0.938089229096846,-0.5461087199340442,0.7716640514475482,0.9040262589034026,5.757660712760676,5.718382464331844,5596.4106853290095,16.106766433330186,-0.5492133219548808
08118_03,0.1031707339893818,-0.7077599340770179,270.71073494750374,0.8907844528543777,0.9330383306093178,-0.7618629514330657,0.8058000690743214,0.9131815857601752,5.801898355899636,6.588299294512414,4897.430719054171,26.24726899980049,-0.770386710440751
08118_04,0.1342306855334516,-0.0020809808664603,535.4314431587203,0.875171280305593,0.9297041341530404,-0.4210332305915894,0.7915083950993207,0.9032042773319766,6.026931356367511,7.505910213411264,5350.61677294466,10.754877691419312,-0.4265192437160965
08118_05,0.1196091176694631,-0.0846204363364536,374.82850199006725,0.9086696653714776,0.9318325752093216,-0.2661755439041016,0.8145656424610223,0.9181614513497114,5.756089029174436,7.540256833652,5220.998897728362,18.35328228804294,-0.2660444484818039
08120_01,0.0791408270887791,0.007860500542538,454.4097042314335,0.8679490153251217,0.9284702984690134,-0.3894439116218887,0.7954395243596518,0.8901868401663633,6.1739442041789605,5.747590239245053,3127.6415061372472,9.48249927238154,-0.3890404046451354
08120_02,0.1510779909843608,0.0689806257641184,553.4346929570204,0.914633761609102,0.9319855940169044,-0.2189812711032402,0.8259040419572465,0.9178364020162036,6.030519823041273,6.285139184567489,2528.140122068744,13.759099467045866,-0.2198734833897119
08120_03,0.1559376505885443,-0.1530416911699952,412.1299516667497,0.910919482122074,0.9331457962495128,-0.3441085263446344,0.8253383487536067,0.9153867784752084,5.916107003143276,7.857526839075019,3449.4011913104414,11.988725265815944,-0.3468470206359367
08120_04,0.0985633361845603,-0.084823507125356,365.0877904001637,0.9046322460941412,0.9298182115181852,-0.3793179576988771,0.8143801815580218,0.9126827882929152,5.907115393376747,6.32756959910227,4087.8034761098816,10.65749881679201,-0.3815981589135279
08122_01,0.175066594118508,-0.0526761788095109,308.11013462721246,0.8416617120641723,0.9331618350208268,-0.4551970592804352,0.760608763878122,0.893042422988723,5.960788414282027,4.54820531177735,5589.134260044075,15.071505936950537,-0.4590770548216398
08122_02,0.127116305563757,0.0875389106474888,652.1002948901817,0.8734583791096664,0.9300452201633724,-0.3272381694797998,0.794085928151794,0.8972125783304565,6.060299558283921,6.0259233234833145,5470.3174374662585,7.845272255814361,-0.3286541630825705
08122_03,0.127647895118362,-0.2141911495006928,327.1691048331655,0.8663900330376668,0.9363567431192802,-0.577939135266157,0.7853198629250296,0.8981682137119452,5.854410542182253,5.513471862540405,4861.663106196827,8.962197231450924,-0.5824388979892475
08122_04,0.1206001551774589,-0.2490887380572719,396.7745850982571,0.8795407458925377,0.9347350678771084,-0.4829982634062492,0.7894602105478759,0.910375866501846,6.06119086829971,6.38694021899971,4661.36472978464,18.44204764738689,-0.4868977433329424
08122_05,0.181845348097059,-0.6986420688568361,297.07777122931094,0.8594576574612169,0.9416749218253612,-0.7391651064955767,0.7804465125701503,0.907214695050208,5.894382653685183,4.3281900365172445,5837.855987089833,22.250468181201825,-0.7454832172090976
08122_06,0.086382304670074,-0.1548257232740071,418.5923891975708,0.8704989395839059,0.9228572628029664,-0.3927442322028189,0.7830928273069538,0.9109389812784032,6.182394431917734,6.324966282657556,4260.754428171895,12.7721972401181,-0.3946971440058893
08124_01,0.1339053533225044,0.1342611025155266,294.00413231942406,0.865672852219597,0.9328862749203632,-0.399083660276484,0.787217484447477,0.8992950850827583,5.977994641615909,4.328065375476915,4508.000309990137,13.76712873624609,-0.4010056529030092
08124_02,0.0900417161887456,-0.0440909482398372,295.0800578125491,0.8572344174031551,0.9295051986368577,-0.3775286765338651,0.7769375170711742,0.9013974390963906,6.008845198416847,4.495101378369906,5811.77227226086,16.126150987478866,-0.3796920150115773
08124_03,0.0811882714247686,-0.2671465819461816,319.0844066564471,0.8720071737774974,0.9313286830847934,-0.6279747735363947,0.7866697824200295,0.919247971286174,5.940008997006033,5.223122337507315,4813.4531308889245,17.011924473190152,-0.6297487585818049
08124_04,0.0906117271310358,-0.6439802539570285,315.14272599302285,0.8718245138269585,0.9277454553376314,-1.206246394201539,0.7980920475102826,0.9106840165480016,6.001610622850802,5.303900583006913,3972.876015817169,17.602482094782854,-1.212968406395649
08124_05,0.0869346455679447,-0.3813321906449763,236.0521383906975,0.8812865154303278,0.9240809548250476,-0.8885815141364933,0.8031399214972527,0.9175931410872163,5.872014485855078,5.416818418826102,4141.623138948449,14.925160151297462,-0.8867461560196014
08124_06,0.0722228298425093,0.0697019067699907,391.3367327667611,0.8884803989061457,0.9297856184527058,-0.433315616411007,0.8006294643184236,0.9124933243199708,5.950682840688672,5.590442969694604,4144.31112949938,17.45023194047138,-0.4317452147088484
08124_07,0.0754415159001334,-0.2438914371344925,446.9874157303371,0.8877071602527806,0.937134856637024,-0.7403527233330681,0.799132946414023,0.9280629876152262,6.231676942472751,6.144933480907824,4281.359336537335,16.96142393758113,-0.7457682899399853
08128_01,0.148294304360583,-0.2476702838531132,354.84352053978967,0.8799977289626723,0.9314452923933688,-0.785904736709718,0.8012643361962023,0.9037890975805828,5.941315223111173,4.952783410473461,4684.67229933615,10.63856322576357,-0.7901042550144739
08128_02,0.1528137506036562,-0.2072661957174542,395.4467545812639,0.8840670312192958,0.9318773755361888,-0.6836427830287001,0.8037202654726967,0.902054168341903,6.007720685623827,6.265609588136389,4799.28630253831,10.14153978876456,-0.683257335216529
08128_03,0.1089716651003563,-0.2379782398357808,457.4205886205402,0.9150798887486116,0.9320958989160476,-0.5030159439699813,0.8205092552172999,0.9294059656978416,5.855041307407222,7.902804825873902,5339.706682505299,19.01995407016461,-0.5053266235050016
08130_01,0.1017968637154304,-0.2551948216483549,315.67449005977824,0.8511324369282909,0.9404009137635008,-0.5052735747300364,0.7668099834965071,0.9044516792873054,5.854911313787556,4.273710819430808,5129.343375045059,18.46814488008914,-0.5071229251467632
08130_02,0.0634028881577251,-0.1662172587270537,423.3861036995429,0.853936740242128,0.9411392411100612,-0.4713197913813907,0.7656890808420971,0.9108930873528832,6.079062701560108,5.608384272295941,4574.276474972766,20.58384537614454,-0.475375555126279
08130_03,0.1414817254837158,-0.2769303835039422,329.44078915864577,0.8484365064163222,0.9337893958913116,-0.6780873598564507,0.762413648807738,0.8887429637628949,5.9386894839678765,5.920229882366335,4166.821543600143,16.57352702361622,-0.6780173479667023
08130_04,0.1516063396511104,-0.1060391538225066,412.03878749404856,0.8692187132878794,0.9367754861772444,-0.5007988305142301,0.7869655073200883,0.8931607213901194,5.955816703436278,6.427521677671654,4567.925446340985,13.749485178001382,-0.5047819594289581
08130_05,0.1338059979957283,0.2344978695250319,362.1087190196861,0.8261519984333394,0.9318786719033212,-0.1885473263191717,0.7509211844502481,0.8820435976796743,6.041042373899876,3.545877438764192,6185.8765812119445,12.157095339648851,-0.1866337604639072
08130_06,0.1067968759288705,0.3977333848924069,267.2335077719199,0.8106979032108188,0.9241707620787648,-0.2428456343622538,0.754364704595459,0.869087385781305,6.056771348001952,3.863245844672672,5116.619477303989,10.765464470059314,-0.2431545649842378
08130_07,0.1120375882355231,-0.3806408880182796,297.1158749198025,0.8099304562008789,0.9398446221444408,-0.6279281343554971,0.7419332956070057,0.8628221703287107,5.969410942067695,3.946370596028576,5818.761919463679,12.894411550108742,-0.6322852247700067
08130_08,0.1795068539977682,-0.0374590372740674,339.6341037728155,0.8842760357983992,0.9300215123950494,-0.371631014797204,0.8007831336869274,0.9021478151019254,6.040674488189348,4.461766384851274,5117.886150105007,12.416159890073793,-0.3754617801340629
08130_09,0.1438496677165229,-0.4128052994680732,303.09672109683333,0.8596461680499204,0.938355932421224,-0.529750006208513,0.7731190787019525,0.900783294782908,5.952183235158453,4.300605820148408,5810.675551138417,18.310082662629327,-0.5369062405087188
08132_01,0.0961925944400435,-0.0925321057813303,387.5570066334992,0.9158420875375328,0.9323162122027274,-0.5590090578134149,0.8245019169672404,0.9265294901022963,6.188968594568233,5.906309067471524,4434.671317741339,10.016434024632542,-0.5553525522030276
08132_02,0.1472185103757975,0.108058323318367,508.3533189058786,0.9089133948178664,0.9243277358856924,-0.3963800289344271,0.8220303501405762,0.91510341866136,6.185890513565079,5.816979372113502,5186.690474775684,11.93847177637495,-0.3972869737244925
08132_03,0.1007810204339868,-0.3659066039599371,429.8214147780816,0.8801278892836466,0.92964957131234,-0.6379184338032298,0.7969060864851498,0.9120065085299096,6.170650734880388,5.723562887500167,4753.721836099585,12.062118675711847,-0.636633054503747
08132_04,0.1382140486981001,-0.2740926300634912,385.0997116810826,0.8930834999185153,0.931856123085242,-0.7544052495038356,0.8169565282622542,0.9126090444803868,6.216797381331779,4.774586515891875,4875.583246303523,13.42531911149361,-0.7640863725401674
08132_05,0.12634552923463,-0.1106272744251394,417.9483238247914,0.8978220913021019,0.9257665694140086,-0.4623428563596398,0.8112032573075026,0.9201667606843336,6.226149533191706,5.337493295073843,5256.034369211772,11.586544531908997,-0.4571086280673707
08134_01,0.0970397958781789,-0.3243199951306044,345.6744382405012,0.8472850943832647,0.93176816505129,-0.8700111701343625,0.7658897070410805,0.8905088592830898,5.930861703012819,5.873530545182369,4183.772546496666,19.12564538649121,-0.8735512242217529
08134_02,0.0599670552842714,0.0637082752810997,294.90642109105204,0.8515768961985558,0.9289720026714516,-0.4332507384298978,0.7670052972797018,0.8912536537289802,5.825246326569625,5.548445502907391,4585.719897332887,12.945271655949714,-0.4343191805695933
08134_03,0.08016606040923,0.0395619120110087,451.4100572705685,0.8617782855376146,0.9304967177843588,-0.1452592960048732,0.7701228965087912,0.9139440184932522,5.910999473305262,6.601816067701511,5369.426969061999,12.588906150622144,-0.1457722324365144
08134_04,0.1506604970602503,-0.9277300883904496,210.4718727385834,0.7891790397190536,0.925044376950291,-0.926155904995576,0.7123061429803166,0.8924198397910655,5.551459883732294,4.547768620764223,7620.129064603925,12.299903985155114,-0.9368416695160336
08136_01,0.1261350774562062,0.0535356857398408,357.5129407794837,0.8515618940093643,0.9302059438684598,-0.5386431058748232,0.7754722500899592,0.887382040794809,5.958044193974381,6.419191471393818,4062.0542361513367,12.839952045323734,-0.5455264013729804
08136_02,0.1432727247223182,0.0628052008400936,458.551616368786,0.8744916444731707,0.929334424415859,-0.3919502350183347,0.7878764862655047,0.8971247063952261,5.868553316019388,7.261496403713085,5209.713314763231,13.182463846713354,-0.3938071835170796
08136_03,0.104307758474623,-0.3643465261377011,312.6570324667545,0.8437777331551143,0.929297333887738,-0.6403434850799306,0.7577415659632386,0.9037860455734216,5.894839234846038,6.496012130071099,4286.9196073453495,15.681098581567422,-0.6422504244033719
08136_04,0.1374917780358726,-0.5530093601653296,234.06231232534324,0.8466063812983631,0.9290225397313356,-1.0103661377726008,0.7657350536155422,0.8856155211202796,5.738424164532136,6.8652085094762665,4048.365004374453,20.05719823260872,-1.0169767767973048
08136_05,0.1392420847294072,-0.3316169893302249,380.5620583401808,0.8807990363550897,0.9341717465085708,-0.4100314908722485,0.7886331572244528,0.908286162105715,5.726245874193928,7.576340740997758,5245.276652144849,19.79760378027423,-0.4143462441825639
08136_06,0.1554441479725304,-0.6630602953258964,316.15875833504015,0.8747182275763921,0.931965209818418,-0.8021302876486923,0.7869339870481029,0.914075828043522,5.751396623786239,7.711526331414291,6219.186807479225,19.781001802165555,-0.8079731129310336
08136_07,0.1250297422245919,-0.2914181103855813,364.1385020161867,0.8536785865158786,0.9338715128579312,-0.660223169102711,0.7704822663473962,0.892243762488797,5.951827107822686,6.7756527924856185,4462.113223701692,16.09153643296318,-0.6621601067326556
08138_01,0.1007727047288801,-0.3023608270245231,321.98346700243616,0.9104758882781108,0.9357340808694332,-0.6483760785604122,0.8151120331955394,0.9252006385550208,5.875963650067937,6.778957513008011,4481.407569837599,19.39765795878893,-0.6537470468951558
08138_02,0.0779033118803484,-0.0852862204467584,405.4910492361829,0.9238041268897074,0.9325316741745926,-0.2891907351509813,0.8202701787378531,0.9385629635995864,5.974714779088648,7.15568982905792,4836.953811511424,15.043575459590969,-0.2948788622512834
08138_03,0.1446315117083617,-0.6805055364190047,406.401916512964,0.8838026255841712,0.9376677769115588,-0.8380081440117891,0.7995947386282984,0.9100336540151894,5.882258911507816,7.625578619353815,6079.155666356799,26.50159329840305,-0.8407586497132286
08138_04,0.128105432127554,-0.1473485205089998,640.4375807898779,0.8905251983677244,0.9314615026633064,-0.3738481916003203,0.8030296723339244,0.9050038044243826,6.173837956087857,8.796246557691086,5534.249832395721,11.344467806056612,-0.3754286462312891
08138_05,0.1103082584932663,-0.6884871092834487,298.5141018879865,0.876331551803213,0.933414175170849,-0.9124465063235838,0.7906901792087225,0.9117733037553432,5.855382609394939,6.749114037152174,6872.086212900186,21.901270927680915,-0.915127713460792
08138_06,0.1136389471139625,-0.0573170565856811,862.4875625276483,0.9217914310354014,0.9305702997427184,-0.2429011042520434,0.8287989610192372,0.9249825733009064,6.262919809284052,8.20934066974691,5466.49962115472,12.17751989160265,-0.2446235673097555
08140_01,0.1296719360027977,-0.8036242292965476,234.6378311325836,0.8543438785213651,0.9344622946777824,-0.8047780895923891,0.7728982838462497,0.8814439214061452,5.8475571744340815,3.372213505634992,6639.185708292546,18.537277222481936,-0.807923739395732
08140_02,0.1459104214212953,0.1634505552400998,348.83329354435534,0.8944267721424205,0.9260837201622978,-0.0385967995098592,0.8032157475153875,0.9070356264487184,5.828381497384967,3.973026879857592,7239.6568865478785,11.55240951877443,-0.0349568552340043
08140_03,0.1674421783415595,0.1725093785843907,419.3803338234022,0.8778272717692968,0.9319951470261036,-0.4779997561128492,0.8054560389739012,0.8896543632981888,5.966656051139524,4.556514982867248,5369.44190304349,11.542471896341452,-0.4844183332878741
08140_04,0.2021134513728902,0.3086360699847265,481.25498974072,0.8654922065345289,0.9303299115795476,-0.4727563790506966,0.7994773285355031,0.8854179415823368,5.849132186300732,4.939588300435444,4862.467831612391,13.642278641282848,-0.4717384741456412
08142_01,0.1725818368009986,-0.1245935195210611,657.2072905868996,0.8598471672386714,0.9296801944642576,-0.4873791512085873,0.7774753228566502,0.9009384310823636,5.954836320379929,7.00691135195615,5960.460764304315,12.146040777225496,-0.4913902395184217
08142_02,0.1366469872147195,0.0453033561413622,394.4539892543247,0.8172026698704818,0.932805600582532,-0.2614765492595063,0.7453555299495667,0.8696840711936289,5.856730373057545,5.758249881231009,4522.161494252873,13.200428820807616,-0.2624397618278817
08142_03,0.1494683185340824,-0.1898013274847556,398.139048315917,0.883525617754567,0.9326493996846322,-0.3748339372713009,0.7928571125586693,0.9102063371363804,5.843793723180112,7.049285631224553,5369.716778776048,15.564829304860178,-0.3759830941682891
08142_04,0.134300755076869,-0.2033762457392541,368.3865647058824,0.9157607093988308,0.9331163276560565,-0.4186789113832412,0.8191889798034722,0.928555216240755,5.885109412670905,6.966799676505773,5035.602215653762,17.85301935819959,-0.4207398163952044
08142_05,0.1138246559727918,0.0518430371018629,330.3507363601679,0.9121320547695692,0.9325608112345308,-0.4932218348582425,0.8180721550025495,0.9228358313552538,5.851158782699277,6.3836587465209735,4372.7387494784525,16.643114339639837,-0.4980475198420135
08144_01,0.0868953006103442,-0.1466049185272715,397.87475333720255,0.881801961429143,0.9347774381092336,-0.6493665966188762,0.789985280117914,0.9238123272182052,5.917878973968438,6.377374982146174,4949.116690711353,17.55398473876756,-0.6549138070209469
08144_02,0.1177456370672387,0.0289366583716563,450.0193908882189,0.8959738965199983,0.9355095314131532,-0.3158473121470603,0.7999534366247871,0.921909191424753,6.004972692775136,5.885925916592191,5026.241524970591,14.61931901505093,-0.3157153452159081
08144_03,0.143390058390136,-0.1415163501941601,363.1276564561044,0.8817778923033964,0.9329072912726756,-0.4164536364201525,0.7961612902374899,0.9094215163043528,5.906119267284602,7.015603722445988,4566.053608132882,15.326271093719845,-0.4174967257884406
08144_04,0.1285967038063618,-0.5090059474594284,341.83266039413246,0.9115166994136564,0.9352574067628644,-0.6986814366000013,0.8260119356356668,0.926637803724236,5.673722177388736,6.346647313266399,5538.941207697412,24.25912946400582,-0.7009527091795814
08144_05,0.1775728459284704,-0.0557060311428469,404.0459780497719,0.8795545824215552,0.9293749430167952,-0.1299700442155409,0.7882577953009662,0.8988843805403216,5.778014643946621,6.598346992544298,5536.563467920354,15.537074495364934,-0.131954790987134
08144_06,0.249570540814537,-0.6521690524085999,500.655435819413,0.8986349046211539,0.9408782167402931,-0.637428956844389,0.8195751598104012,0.9175667549582492,5.806068483904592,7.031301500584271,6347.060629011042,17.79435542485577,-0.6394305125597647
08144_07,0.1174160721141435,0.0005302342179696,336.28154572999983,0.891714174963232,0.934235298315656,-0.471110298888953,0.8005591301396592,0.9162002118687648,5.8931546158495625,5.61212704160052,5154.949295468146,14.12878209684043,-0.4692244933360243
08144_08,0.1645439596178363,-1.2483312612745547,272.69801859973427,0.8437740316336043,0.9130069770572466,-0.8233963102308101,0.7591659867001956,0.9035192826285506,5.634603078544726,7.257151197077821,8321.34784674528,6.640650048721762,-0.8335133157069494
08144_09,0.1366163198245923,0.0592962512227354,584.6124512730179,0.9068595498752544,0.9292543085638736,-0.2927916220883899,0.814941661416916,0.9109088601110188,6.047913240304723,8.198599252402447,5129.348260842893,10.365334142669802,-0.2924056422872093
08146_02,0.2664791758902917,-0.3735086602828875,388.0934628788679,0.8333333064085539,0.9311653347904209,-0.3175787103927728,0.7402044852635056,0.8813057868025694,5.738633926614187,7.297172241155231,6651.628680276616,13.226373373113988,-0.3194205271433675
08146_03,0.2307304517864346,-0.5072545802795864,275.25162132084887,0.8529770304842844,0.9356170845995344,-0.605735066529646,0.7652647243614413,0.8939359503526803,5.648961812803492,5.989542272105516,5720.519059170059,15.077753966744972,-0.6082181647029926
08146_04,0.2233542859399444,-0.2560426998829683,293.7501738324256,0.8609025876557078,0.9322697962825188,-0.5969690632153164,0.773441950115499,0.8820189056406075,5.650604256869896,6.1433742476354425,4620.643946138438,16.240742240426144,-0.5983501874298641
08146_05,0.1846279249154988,-1.4872952135960205,274.8217586703977,0.7965164194235752,0.8991974867106342,-1.015117179185936,0.7279883910374372,0.8721210855505616,5.822420107723751,5.673212246665505,7686.894303452783,4.817316804200126,-1.030296809472053
08146_06,0.1990369628145295,-1.689357287454986,292.0679278429331,0.8469246188632746,0.9230705697581844,-1.0957788712819032,0.7751532303955659,0.8876839550512567,5.6308493084329525,7.75867809156053,10767.547321617616,9.05253757076147,-1.118903957437838
08146_07,0.1745944807615323,-0.2705592416167667,380.45153981706807,0.8756955199613674,0.9337822395013444,-0.4223705291781384,0.7890368223056672,0.8998576449384483,5.752585684498998,8.06363545057833,5229.442025391787,16.327906164900863,-0.4228321614698581
08146_08,0.142024709432654,-0.1009244779286914,389.9971201432669,0.898766131002317,0.9323173927151264,-0.4297750885410797,0.8063196093752175,0.9174364071776888,5.886487878815465,6.88232100507874,5111.685476685477,20.21315665094152,-0.4305526069427202
08146_09,0.2147864508515223,-0.5422462147365175,320.45160826963524,0.8642064956337199,0.9405813441319482,-0.652263775462794,0.7806274524676977,0.9021836810027822,5.699471219211273,6.544479398976681,5902.087147960456,18.232775368066527,-0.6546309612098832
08146_10,0.2279926524069467,-0.648499624746083,445.56704645048205,0.878361446595857,0.9469956808295196,-0.6651210687791649,0.798551377578442,0.90802683845551,5.835967133152762,7.360882866800767,6478.038522406298,25.68205722624031,-0.6684148729608829
08146_11,0.1800890218788092,-0.9546782160577544,223.7838356534667,0.8024446067891183,0.916615771508308,-0.7797498564122088,0.725304751178661,0.8725912583095058,5.58776263676278,4.913582975941742,6539.530356907678,8.124445294070371,-0.7869015772801153
08146_12,0.1750770485495858,-0.283679854602719,391.04575143815913,0.8930541412292602,0.9405812780557083,-0.4172597492696359,0.8009138606153071,0.9071346982318498,5.811822126325043,7.60623420621566,4325.600415183867,14.253184281629697,-0.4193259659854627
08148_01,0.1553532435008282,-0.6440616893870104,337.7008329505816,0.8885305759491725,0.9414129406456828,-0.7668987694959107,0.8036800301188586,0.9125658060964102,5.772012984060061,7.326984036935807,5934.077992277992,21.71202288722105,-0.7693754520118445
08148_02,0.3380188458018489,-0.6625687902156185,368.44959681072754,0.8901084534810472,0.9440958554154522,-0.6432209544857604,0.8131892679276468,0.9137996933026084,5.674472486326383,6.4499107919099785,6437.501384041401,28.92081083919745,-0.6452134154328846
08148_03,0.1742157730086296,-0.619746363802282,410.48229336973606,0.8602312735672866,0.931000736575908,-0.7321664035343707,0.7852051736883415,0.8960336203179348,5.906297126277988,7.89291415022379,4899.091697645601,13.472089329110844,-0.7331365479892228
08150_01,0.2229473539338401,-0.5189128379899152,330.6915452267322,0.8671912131358755,0.9198201890187764,-0.4877492341303344,0.7931605264964383,0.9026570806200116,5.723761133461127,5.316307625028486,6249.684710665658,6.664113344592262,-0.4918551344265856
08150_02,0.1700346526702431,-0.8766813553801344,281.98133828229714,0.8587348813797696,0.9356029173634834,-1.0351408138046794,0.7855999169333214,0.8956013027907089,5.936957946083152,4.341484445825165,6063.839580521233,18.7593447242234,-1.0414914965918094
08150_03,0.2072812449418909,-0.4281119854946033,344.9381911499046,0.8602501126007102,0.9234619785488332,-0.4171572306677586,0.7792688674503021,0.9008145254018372,5.762995287902027,5.86360936356299,7610.415702152005,6.048649602732483,-0.4210763531291355
08150_04,0.1718114529758083,-0.5415795731918591,340.88385489646583,0.8815736029016182,0.9358355608747924,-0.779544285008899,0.7984789500043619,0.9049238901426202,5.795982550742422,6.515520823396535,5408.107563957274,16.224730596538468,-0.7837120380979841
08152_01,0.0787975244246523,-0.0250846208004507,302.3531978065259,0.8597756394831462,0.9285299670503318,-0.5121555330397398,0.7720320315983935,0.8937692657629743,5.801922131231091,6.62315429282146,4361.629783742601,15.029240046326292,-0.513176471792011
08152_02,0.072532294053641,0.1325895327716012,387.4950580410752,0.857524005106357,0.9288100141011196,-0.3413722348770485,0.7712704098343914,0.8980241742208661,6.057157575765811,6.684080568382878,4369.288479262673,12.01874887926925,-0.3435738736301369
08152_03,0.2712719907853297,-0.8603110877065174,329.9864567426676,0.8408850769751599,0.9274103216526868,-0.9838597910808526,0.7539603117804589,0.89209905159376,5.777411281841487,7.856082185536801,8383.05062213756,8.102831550586673,-1.0012665701977608
08152_04,0.1235403577418204,-0.1194510049918954,477.2699159343366,0.8705192941081988,0.925572480741976,-0.4471984412909565,0.788748605700662,0.8958932941291001,6.171377319197879,7.686098414234486,4608.185697741748,10.41633330297886,-0.4504985222731844
08154_01,0.2353389367280689,-0.5607526383498108,311.6841342805405,0.8694854783044083,0.9316068078949408,-0.6504456549247833,0.7817114066857246,0.8997642133394272,5.627001362422715,7.656994462686303,6387.035343618513,18.27637916206183,-0.6521446952565876
08156_01,0.1370032906064577,-0.1612922430688771,476.0747120091274,0.871758890508527,0.9295967300128194,-0.6118623706238561,0.7868483058826435,0.9057786952998436,5.858007187654475,7.501577128969411,5702.108120582019,15.126429799407006,-0.6147054794562203
08156_02,0.1143884042451975,-0.4075849708650682,376.5288740479759,0.8874664321344042,0.9386045407399988,-0.6113201265882718,0.7989294982956817,0.9211070870976044,5.759597070842804,7.275813964222101,5884.334074602442,19.932509646939728,-0.6156115323828673
08156_03,0.0987780462807708,-0.0462880213655171,337.92607955754096,0.8862045652376449,0.9275128483004051,-0.4966562351169733,0.793270407805368,0.920147657987645,5.911550055511321,6.514975419715917,4998.620362062596,15.443037585741742,-0.499750846746738
08156_04,0.1034239718095823,-0.1719149481429845,405.9399445427564,0.8784150980133553,0.9362150884549604,-0.376539726332958,0.7890292721992789,0.9042940302600933,5.896306624818418,7.246552352255255,4459.633393630434,15.643256175462218,-0.3786585520167598
08156_05,0.1295166121689591,-0.648692645142703,279.24829210336486,0.8907572071867632,0.9381698792222491,-0.8222618605799408,0.8032603312196314,0.925058735576898,5.691155104207407,7.597783204612282,5423.841638345765,25.319290828502847,-0.824200753268345
08156_06,0.1156298513209239,-0.3221580849511722,390.3017060852426,0.8776512141125422,0.9246607456533064,-0.6611983147809716,0.7922472189621496,0.900933975098331,6.014606776510353,6.89713843240572,4184.224428457234,19.326702706616704,-0.6650232546471649
08158_01,0.1097734674373726,-0.5828818214095107,260.32317168556904,0.8421578049147556,0.9382811428165528,-0.8226494410302966,0.7590070680777693,0.8909151482970146,5.642841621669243,6.080435134848378,5728.273246105392,23.112716333699375,-0.8250593304338683
08158_02,0.1162240225614643,0.0924476620396468,365.6180130864303,0.8466552436272723,0.9278729929478812,-0.2702851988479997,0.7627713591546579,0.8855331993378623,5.889516112075592,6.34205969785496,4585.891674646702,13.05276149975534,-0.2711996383385124
08158_03,0.2086379947978606,-0.7714652169370468,424.8543501135294,0.8490540279356835,0.941815327939888,-0.8530546034387039,0.7654891851474523,0.8986220302320517,5.896678490597864,7.325152996596898,6638.58887342394,25.667517576562062,-0.8553864578118838
08160_01,0.1625288173096527,0.0997317988941043,289.3739948466979,0.8496117386920328,0.9271555320813574,-0.3474910755615191,0.7755107911152169,0.8932533481183091,5.975214559513179,4.195560704396678,4736.670033316719,11.481006064668334,-0.3478587607189934
08160_02,0.2470426962122845,0.2770953610809413,263.84816128812173,0.8450491350505868,0.9276447377766416,-0.2558028827077835,0.7782904439036225,0.8646246164786028,5.938063351506805,3.7011810833341623,5756.788831045907,11.71638318168198,-0.2597061963092489
08160_03,0.2207700014393752,0.3559752008758273,241.5003283117273,0.8316088937214371,0.9115672489339696,-0.1300518063989708,0.7765779151978447,0.8587282488636775,5.931121372965975,2.700092826810772,6182.211329568905,10.673982825981357,-0.1292995955638488
08160_04,0.1258768185970153,0.0545816617354861,281.43415676877726,0.8804135865129274,0.931419716519602,-0.7597752538567333,0.8025252279856991,0.9170345344510632,5.979609132208197,3.804535594827356,4857.180122135694,13.906671762676968,-0.7619803712604326
08160_05,0.143538099840315,0.0852296120082357,269.6168830009463,0.8731481743300769,0.9286489530892716,-0.6197922010862197,0.8005558904478229,0.9110950727339758,5.954943609329894,4.028633755440509,4932.082936183413,10.921948822928355,-0.6260758081798393
08160_06,0.2394102064348091,-0.4321002274343535,359.7477979481376,0.8982108811206811,0.939417693376185,-0.4033789516832721,0.8137066194173467,0.9257702199768792,6.15721398009782,3.914042377693444,6718.825508243148,9.113999485982946,-0.4054894410866986
08162_01,0.2189807034954853,-0.5218893752242599,279.61194830116267,0.8764312181043896,0.9178505715209764,-0.7036807595727445,0.7898810245718471,0.902323486031545,5.827616173672842,6.176187782378627,4922.590772933255,9.021631491864545,-0.7087256404657734
08162_02,0.2956879948573751,-0.5032256559058419,295.6940197864871,0.8766187751903687,0.9291321547208012,-0.5563149945414521,0.7885191972047435,0.9055358692510104,5.569596076684128,6.629395473304651,5871.702098676089,19.895833351046317,-0.5577343723121663
08162_03,0.1756058515766305,-0.0702312376048067,284.9338133555433,0.9023250793413076,0.9244277850969532,-0.4009490011457584,0.8120490309424983,0.9147441411457004,5.799979595752055,4.58444556909232,5833.214881121531,11.664511942852686,-0.4030291650721342
08162_04,0.214577577460234,-0.1036199331409427,268.3572287594029,0.8871674667155369,0.9196593025001232,-0.3833242122396298,0.7984968313691011,0.8982142636905102,5.675126250457411,5.703324980868404,5785.342623773017,14.088942522509026,-0.3853748551685725
08164_01,0.2310915514641725,-0.6065494403221305,269.3815721575598,0.8665772334120104,0.923793331463574,-0.8441520395703656,0.7821443206045222,0.8898582660782589,5.631999018411306,7.197397415697784,5791.225497298752,21.074681481994677,-0.8473315318042023
08164_02,0.1669580394416044,-0.0809656779982176,482.74394436932585,0.8604418247615514,0.921765123249723,-0.3693282671122705,0.7855037806775131,0.8972507115239141,6.0883991574516365,7.075134595656729,4461.996241844803,9.11481243767592,-0.3700833762858879
08164_03,0.2884357242247673,-0.0398687692813852,337.9292771844848,0.8438065893839417,0.9127653813751242,-0.3996788955556911,0.7736703312342981,0.8602502746526656,5.760223957972239,4.431092179400439,6005.242774298306,5.153974442841593,-0.4042147095415468
08164_04,0.0746522183302786,1.599648796054249,245.73379403908933,0.8115621741019187,0.9140005531468992,0.4479584062421889,0.777758492294243,0.8710885437735261,6.092403654519103,2.4820053412428527,5565.584444199625,7.157985820249564,0.4473248918832059
08164_05,0.1162322507017226,1.2164716926693115,282.4491072281104,0.8373630407861878,0.912869349341139,0.1046799008308308,0.7926339247367489,0.865423529535748,6.094106766201699,2.8473057679150062,5757.773140465162,7.696452632736889,0.1036411523834362
08166_01,0.2546618554104208,0.4542894751720307,233.0997521409383,0.8594774020208665,0.9267364397723816,-0.0923889479017022,0.7904818757996431,0.8804707477261843,5.638500404250434,4.103219651821967,5584.11115673259,13.24249616285356,-0.0927236111122521
08166_02,0.1146567989480066,1.371275551076372,273.57528923430186,0.8127058675961966,0.9175641387339752,0.2499908855397462,0.7805347187546318,0.8704061228910318,6.030465779848269,2.704466752851884,5311.930489773238,8.475650214270306,0.2516311740570059
08166_03,0.2912303768808172,-0.0388836798425494,283.1863470433398,0.864407009031891,0.9274244406390574,-0.2990375425753285,0.7880566144672573,0.8666121417466939,5.530700518462365,4.2840559269246175,5983.868810770381,9.056950974183088,-0.3012113550155792
08168_01,0.3186997345916756,-1.0197134592334227,254.31294975170093,0.8589039371324085,0.9293484695287976,-0.8689339866577005,0.7828734563038249,0.9051844831573146,5.731508698738595,4.990251563733292,6104.969717542019,17.786866915357038,-0.8720290177362829
08168_02,0.1972419041839333,-0.7624992697322451,294.4090026355944,0.8785024673620024,0.9290354802322416,-0.8913964188578076,0.8008133045168498,0.9113852948075396,5.860808954202865,5.565459053299153,4949.26494971793,20.358276641149352,-0.8964189018032074
08168_03,0.1662201540092879,-0.8847788818505602,328.61621724494773,0.8518309000034172,0.9307409227732116,-1.0863224610434978,0.7730037087075275,0.8936575710492687,5.952276940236153,7.127444247858654,4947.950623929532,24.14239176734231,-1.0948569578972074
08168_04,0.1538289061620676,-0.1893273968813956,327.0720867358199,0.8960370499135477,0.9239060397998624,-0.59799481285191,0.8067962440953158,0.9120166774862448,5.90948036308649,5.460994604476314,4673.744695375163,13.003132820934194,-0.6028131342085353
08168_05,0.2414932308824955,-0.5432069931794026,247.3129810104288,0.8660715922282718,0.9175645884090454,-0.6783742707995466,0.7811503417505292,0.8969711057912395,5.717741894047517,5.929031769878026,5772.598095900535,16.529206625781466,-0.6843094118352029
08170_01,0.2774918939627487,-0.5824008729441966,289.8275094113524,0.873699002612359,0.9301391111972968,-0.672307090761315,0.7926737678245129,0.904416695055158,5.724866884266385,5.536591989778204,5936.209731263562,16.101695103809796,-0.6750318212033366
08170_02,0.2721422798465131,-1.7656932156206688,246.6456577733965,0.8340528769230978,0.9077797631304396,-0.9846208997871764,0.7628954515977107,0.8815725787873333,5.964444526041826,5.417355775995893,6431.53686587763,10.965355542727764,-0.9984251050132252
08170_03,0.1591358691090437,-0.3242785180823258,321.10086058519795,0.901793610091339,0.9259230302092744,-0.7659374281212776,0.8086624828005121,0.9171964366403575,5.840964798507258,6.132656671586865,4352.725916898793,9.88790399353992,-0.7681218931909187
08172_01,0.3453448741549169,-2.699004232745906,209.4445761205401,0.817338724151351,0.8893854798759446,-1.3777212100298153,0.7539432113013473,0.8744236305097987,5.729674593495032,4.8980565054385465,9430.192137240889,4.459843781616081,-1.4023556894369502
08172_02,0.2462999337644714,-0.3948798680490567,308.47146171693737,0.8868918521251024,0.9208945952508144,-0.6541386306276856,0.7986343268857198,0.8962453001103052,5.713351131563069,5.331630118465604,5298.640697417789,9.543594257324122,-0.6610192377522135
08172_03,0.1222893461375244,0.7325825038477443,232.94227974254272,0.7257744646372534,0.9024340014246244,0.0625954211577821,0.6990718085706328,0.8358715277821039,5.877980202654415,3.481819248479997,5120.10690307199,11.322708139037498,0.0636816280584559
08174_01,0.197463755271369,-0.7405396131504629,287.2416833758658,0.8465021485449918,0.918102619615736,-0.8609179181922729,0.764513035191315,0.8932856208550175,5.787706118188176,6.652809429891354,5145.565023064605,17.516047892257014,-0.868863814845381
08174_02,0.493248032378226,-0.7288296071191467,275.3963309389696,0.8555978667695234,0.9188679166576452,-0.7123656657912882,0.7709588064864589,0.879623346625509,5.511944284758702,6.971313584915067,7003.436787637934,9.104131106983829,-0.7198059288088354
08174_03,0.0457619430385279,-0.6147877076420639,296.2460663149073,0.8659629588142478,0.9229108411845616,-0.8118600968312755,0.7861222061590927,0.9008917809879046,5.789391604351879,2.481311160768146,10157.45710119096,7.084348864501585,-0.8244900167426225
08174_04,0.2213332542638697,-0.463659170133928,259.19571018451774,0.8455226564975509,0.9178550858391674,-0.7263584773949536,0.7697829380405288,0.8922370140771014,5.732406323729911,4.549933420578946,5358.710884025836,9.915617204686663,-0.7334824094650462
08176_01,0.1166941920676525,0.1238472022642907,702.5423743450976,0.916433356265403,0.9166829524619112,0.0419695412252206,0.8282948043172331,0.9029989743396,6.176513439436289,7.126913946427703,6198.534828414468,7.723039242935677,0.0477341422434702
08176_02,0.2202673040524231,-0.2507721000278802,927.1471423133396,0.927902000166372,0.926327806710518,0.0107601444603289,0.8460176010551307,0.9098153994982938,6.148344576348937,10.80983787857219,6723.657272035832,12.328672857598836,0.0101832081696432
08176_03,0.1800608556648398,0.0490414029546121,881.1607841000422,0.9061936830741528,0.9195219111027096,0.041897340963426,0.8209386887661485,0.8992479395839351,6.20948765418285,8.27634689596556,6383.979806314327,5.66411917530978,0.0420003532365703
08176_04,0.0926559302885734,0.5523415441832534,658.9719967192809,0.8956143097491239,0.9110489075911856,0.5658569843137544,0.8109177903765443,0.8824139321953645,6.225550618952924,7.295599385849347,6011.71105404459,9.50885976254313,0.5691219332586959
08176_05,0.135281859855373,-0.3041564698911455,577.2431752958755,0.9076874650772144,0.9226652937443498,-0.0857050174038532,0.8193690825849178,0.9014069559573386,5.967463209799263,8.60661475961467,6466.188453205319,13.519379298674073,-0.0887817878390248
08178_01,0.1038478164546026,0.2622912512451179,727.180435019427,0.8795556347491558,0.9113683641613884,0.1256336720062129,0.8006066405179625,0.8868856499203001,6.339973902824758,7.767618922348734,5035.954011772483,6.641132334932573,0.125441967589558
08178_02,0.0903922117796711,0.4598470554577268,870.0069781787339,0.8783667468461005,0.917829698406172,0.1386889246166338,0.8021697930374138,0.8945785441037787,6.460076841259368,7.553050899129614,6217.658385093167,8.447518783944886,0.1342339680507934
08178_03,0.2491776630837762,-2.2955069879798526,406.0594179689657,0.7301271174963491,0.8828555464644131,-0.6624196516862547,0.6833213339007418,0.8070816859570896,6.368108126524124,3.700990710851338,8528.350286989797,5.325690423237522,-0.6843589154599118
08178_04,0.3163684688329608,-0.9683183124894104,385.4737744936333,0.832532619815578,0.918933644937146,-0.3559569508857611,0.7463449554957265,0.8736734572629479,5.999010164329771,4.831379092951307,7059.787892099115,9.185513762555551,-0.3607311149595948
08182_01,0.1713566234217419,0.7687702511893186,737.135126970641,0.8638473173568914,0.9218184711796972,-0.0192408261283255,0.8065038256008851,0.8703341973274407,6.430284762499137,3.506640876382476,5672.278959749761,12.467477532243514,-0.0205896824089412
08182_02,0.2502849852053775,0.3724836582135522,443.02043881766,0.8175436282560311,0.9258300067708012,-0.2250245003139431,0.7594606070124444,0.8436893587986718,6.169116700297876,3.544276599017257,5487.366711448038,11.471255962522132,-0.2273686019461192
08182_03,0.2101455039602276,0.814660010343756,370.76131932979735,0.7770551783203782,0.922243123999271,-0.0081644106834666,0.7389450583197206,0.8362395347086841,6.137117078929175,2.938690065282813,5068.248328176464,15.141957271623372,-0.010525812477656
08182_04,0.1525093061702386,0.9763428946499472,365.4210923355462,0.8186063677326055,0.9149524193097724,0.040321616144759,0.7722644068019672,0.8345740382872525,6.339966612423161,3.424421456305425,5344.666164809796,12.050134459453735,0.0428152827234185
08184_01,0.4228121908839293,-0.5092836748688925,435.7656726407377,0.8797194491829057,0.9269796599867788,-0.407319491273561,0.7964421659444635,0.8848474345382821,5.649417092083915,6.755479018431646,6419.345141579137,16.567958369865096,-0.4086079182494103
08184_02,0.2521304788857362,-0.6891599923273432,449.8919974527701,0.8707104270641566,0.9106122854512574,-0.4900564490798698,0.7866714350028757,0.8643449783649024,5.9565009447107125,6.5228368886383015,6032.737324812199,8.620907254850081,-0.4978745044870947
08184_03,0.1098564102392496,0.4888741017752267,515.3370826165586,0.8671632370714688,0.9108750829638635,0.3173190700918396,0.7938443267383062,0.8832847594726415,6.324308650043331,6.443101446352975,4347.441026591309,8.90646075260612,0.3212148211060353
08184_04,0.1222369206395958,-1.5764658773070892,398.9882452790155,0.8416174597324318,0.8919868728459134,-1.5873299253291222,0.7771094208661522,0.8726023229518592,6.224751941318014,5.132335778100361,7227.617209118461,4.014525271595227,-1.6235342956363217
08184_05,0.239756891208915,-0.7749586161340251,433.93836563219946,0.8650303680762476,0.9089195282017296,-0.8814380228761456,0.7856988732430644,0.8761179931434216,6.072271966488151,5.5904459796082016,5463.406230560601,9.511603158060495,-0.9015192327535344
08184_06,0.1325930390600659,-0.6164314230739719,524.0444121170632,0.8578725446364553,0.9037712413456012,-0.588325998542216,0.7829529170807875,0.884130751674803,6.1917290860099765,8.09587999880661,4830.619314585406,7.212798832123795,-0.5991704180197062
08184_07,0.2270366775393543,-0.8578003969243524,566.884166065175,0.8557221473094547,0.9031131489595806,-0.6545944287900185,0.7761226838928826,0.8768773072377734,6.137493736874276,7.135156194478762,5888.567043854111,6.105134686556951,-0.6671587108383046
08184_08,0.3405483272499078,-0.5609372448920797,430.06496141957103,0.8589768907131299,0.9054002623782514,-0.3118200374912533,0.7614620499645948,0.8408692172382073,5.80345260776546,6.610113178277329,6867.928228700455,7.502034475469207,-0.3134801354389912
08186_01,0.1937709975778399,-0.251907372924983,376.379840196681,0.8976541127725226,0.9265012799363408,-0.3744761655764366,0.8098163790443318,0.901798142580478,6.054483590437386,7.209058950213491,5972.470127025843,10.203310116122024,-0.3760699064497025
08186_02,0.2421067926582513,-0.1908231356464051,458.218470773982,0.8763352387706147,0.9063010098971966,-0.0348423205571559,0.7908265725213434,0.8633458766933808,6.122275287058534,7.427101501890553,6656.027601548983,8.437606557562232,-0.0308161004064308
08186_03,0.6537130206592143,-0.6174898456676197,676.3879520283482,0.9054702873744204,0.9277619355392868,-0.5166565985024306,0.8307763539153981,0.8820859362205764,5.7826091259487695,8.044395655787431,6254.866509885204,18.22447576252968,-0.5193858713691459
08188_02,0.1261440050661182,0.1828323978203372,464.18559267587534,0.7813186520273696,0.8972160732010187,-0.0380724373584894,0.7250000324498181,0.8605441426494468,6.276041843592981,5.51909516111367,5341.576837076938,6.310236849458797,-0.0376350565125786
08188_03,0.1394215693104806,-1.59301375878823,302.11232972406566,0.7784294659212134,0.905779763333298,-1.2945911966764516,0.7193426200065769,0.8434893836429284,6.101182614641603,3.772287798869052,5594.424408385766,8.662836132125697,-1.3101959018993954
08188_04,0.1041826914479917,-0.3773201451082271,360.0374302743844,0.7690222073271284,0.896686049736475,-0.6360380751730966,0.7179945740591815,0.8388501787142153,6.1960281023586585,5.245987895589525,4759.645505849966,6.147229982111368,-0.6387938548175823
08188_05,0.1275748045006046,0.4852559759166992,367.7215980460573,0.8455350601554429,0.920444672519288,-0.2841692002309305,0.785919557291827,0.8851922289754408,6.224447529123855,4.384895562372742,5350.955398542725,9.827290664521486,-0.2886987307644371
08188_06,0.1257905754514228,0.1314288773333142,443.0363061595938,0.8054624286412099,0.9242966619416916,-0.5175674475086737,0.7473991749883989,0.8565976368306468,6.243630338988351,5.202072203884417,4996.553511751871,11.529663929362211,-0.5180651104902052
08188_07,0.1371941305669893,-0.1719694978668366,441.2257695926872,0.79222765143093,0.9259944043182484,-0.6943370984781324,0.7449611072522718,0.8550286097377596,6.179884851095018,3.990354289800208,4854.777003290024,10.201951816678148,-0.6964678358102337
08188_08,0.1235012419411548,0.510182289439248,609.7762133333333,0.8423060199675162,0.9157548265055252,0.0391176348532166,0.7843092107550266,0.8766723672216139,6.3473170162720525,5.585295987720496,5564.523748928048,7.707744361546308,0.0387695414810462
08188_09,0.0998419742614094,0.5293296243459722,366.6649214659686,0.824410178960107,0.9145751033838162,0.0242817605070778,0.7659607444390121,0.8626116159940751,6.2474825989219385,4.543171941212607,5100.5557037669405,5.127272192288524,0.0232306368469388
08188_10,0.1247795849094037,0.5698607630660236,722.3781632311044,0.8389885980021377,0.9122538926368252,0.3923474527607593,0.7738061214809167,0.855401046653066,6.4189070425186046,7.627438237478675,5479.005684056503,9.885656481791813,0.3916551105233624
08188_11,0.0859127926921365,0.6338863980635913,622.2782874617737,0.8426006830676557,0.9045705591168118,0.324871517093156,0.778244525825253,0.8594863541182307,6.475831233175648,7.246349544513974,5319.8875519266585,7.23426318066333,0.3223540806923699
08188_12,0.1683102927582258,0.0727851081083248,664.0076839002418,0.7990111746665255,0.9056008590306974,-0.0505895117659645,0.7200678536054144,0.8312570678987479,6.3138769391842136,7.991255703632058,4691.536542360927,9.229809341721356,-0.0522807468598617
08188_13,0.1869292481958381,-1.7710772844129348,304.76756019105176,0.752787309700019,0.8915924668312234,-0.5657205677835357,0.704456228800191,0.8472332583730405,6.367381543643318,4.716024541951553,6672.042453113429,5.822559367200465,-0.5822778018499024
08190_01,0.6689028086954739,-0.6291681623179584,623.732907824052,0.8691262122484251,0.9090171610033202,-0.2437378798632601,0.7839263854681231,0.8405900798853013,5.766472483181296,6.209120873586612,6299.222002731954,7.042046276474345,-0.2478418438556487
08190_02,0.5970025494624718,-0.405658928100081,894.0375760403396,0.8920807073467685,0.9178443960171594,-0.0762583475748728,0.8149431496270508,0.8543306346447387,5.829299147653099,8.82830161076635,6850.854267730426,11.318280773832102,-0.077010024249131
08192_01,0.0822723836196729,0.8328096910748073,466.133695574462,0.8376175911483323,0.904281493393967,0.5992521841208337,0.7766945443316218,0.8609189427045951,6.481667151618531,5.560922610515942,4763.915909475704,5.829983365387225,0.6110607573807283
08192_02,0.0970543043651297,0.8794999161091227,600.9601215486194,0.8197348517868914,0.9106362345743718,-0.1005627679247852,0.7839818232734207,0.8528356981941368,6.325820025290189,4.659264557554097,6061.854443753884,6.87319468790172,-0.0951703249665939
08192_03,0.1085829658281838,0.3520788111954964,421.1498640943369,0.8160796591329443,0.9050607635075092,0.083922272495934,0.7466261214437265,0.8605428819368836,6.295744654222395,5.959274711424423,4695.076272638976,8.128888859638405,0.0870446415018715
08192_04,0.0930768713524967,0.419887905373899,613.0851508699238,0.8398244768665312,0.9126306927948288,0.219753121014909,0.7615672597750031,0.8932363928106322,6.503497178485538,7.508329812145138,5159.750855233498,7.211214189177204,0.2208292387452428
08192_05,0.0892442123682547,0.393231605743867,506.25060597650105,0.8462316174210255,0.9097991657346032,0.0265494683618609,0.7711761772543267,0.8734696195391373,6.37643182864342,6.041401667463922,4851.12249692665,6.551082098579169,0.026995519923213
08192_06,0.1314379301458897,0.944206198931084,630.1130881274232,0.839569215530007,0.911677825132552,0.1946396581105371,0.7933898085018147,0.8594832018955469,6.3343866703580245,5.052012101464776,5275.520385932151,8.288431407285508,0.1967049602385362
08192_07,0.0886032913111376,0.3798287320936334,483.80366473907895,0.8732061563075987,0.9133086997139872,0.1149158223846393,0.7949773131723301,0.893952932919161,6.411875675176638,6.433897788938737,4865.585034013606,6.862972942287851,0.112097527506273
08194_01,0.050979929788881,0.5677638391670925,396.5925479562117,0.7972516524341869,0.9070001700557514,0.4220545265864929,0.7321762853993611,0.8598457475942113,6.337853626030927,6.211470446353518,4755.697538566244,5.145047270505047,0.4256223717269707
08194_02,0.1314840963524035,0.0759907439425667,292.7209580838324,0.7719707442007225,0.919413946765257,-0.424085074296233,0.7303837798179571,0.8268111347819967,6.17018001170928,4.358480848285128,5464.42463790368,9.918975075310993,-0.4259408822532291
08194_03,0.1446690990591665,-0.507464786945225,312.4242705529255,0.836985293727218,0.9234294090808708,-0.6819934493463647,0.7555625303027939,0.8870290245780992,5.988881480902422,5.393183758297232,4781.30752330789,11.067364656014057,-0.6889918745823848
08194_04,0.1058121747513686,-0.0565399615470386,331.0808932667656,0.8122343043106894,0.916849531811607,-0.4904829471432109,0.7504867023276041,0.8600758416407549,6.213156930607607,4.279715965077475,4951.716189293384,9.329850206220408,-0.4946384252173557
08194_05,0.146524466020981,-0.2924006203130713,296.1849831877343,0.7864028762640073,0.91398624067019,-0.6249825889269862,0.7277904648784407,0.860500310392955,6.183824362705912,3.680302868437606,5927.798953297556,11.01113225936557,-0.6331215193696791
08196_01,0.0693698009081821,0.2907427424595892,431.17267219387753,0.8053662751376729,0.9252386893134324,-0.1233633085956894,0.7392694635957283,0.873477795730209,6.3288408084022265,5.721196410429061,4628.997359773053,8.76678102101355,-0.121769892235353
08196_02,0.0698980072574339,-0.114204230601682,480.1078420546152,0.8438802520142813,0.932250233060366,-0.1215243883362715,0.7594780738142891,0.8984401546309381,6.222010274252204,6.545459211102963,5625.153133325611,11.721213352910375,-0.1218852992194075
08196_03,0.0599309653339905,0.4492832845866297,511.03392201433815,0.8488889792173658,0.9141549221799844,0.2821995854503732,0.7738872814760361,0.8922953529191021,6.594276409854258,5.907160218575694,4778.490562148473,6.414428470470934,0.2867726749804975
08196_04,0.0680526146957061,0.0523037022393288,675.9290226520375,0.8780758252611862,0.9243626867981196,-0.00982830892943,0.785851951772164,0.9176082936664096,6.412048433716516,7.543127495929443,5597.428215003754,7.03174986509919,-0.0090140882551972
08198_01,0.0643248298253878,1.1478284978037794,365.1571290811407,0.6622982596865089,0.9029164128131292,0.5623300372940232,0.6814234811117574,0.7561481656836228,6.273400758995526,2.135484280487143,5153.254838058431,4.657800173994299,0.567935020868166
08198_02,0.1154531895368514,-0.2817755028664069,614.4627478021031,0.8078236613360273,0.9023501808731348,-0.2070974353143495,0.7357200102840351,0.885736327918114,6.422644192026781,6.624596541536938,6545.944306304324,4.446149510668532,-0.2213939673506211
08198_03,0.1367081314470381,-0.0107568332788607,646.5772560335781,0.818512380600173,0.9235810680037844,0.1040382137523589,0.7333851309901929,0.870445617569666,6.276430527471218,6.2439338741854495,6396.623727728582,9.376611833003416,0.1033749759016027
08198_04,0.1079521451044275,0.2118593046500504,618.4946440940062,0.8336473971128128,0.918695877929038,0.1163105273261726,0.7562826976002893,0.8757219310008029,6.323076701296981,5.875861981790031,5643.9112942317015,6.774777726762425,0.1175393381979016
08198_05,0.081938825066121,0.258011814569223,887.0286676737685,0.8490580023701261,0.9155671825459116,0.1702411818913711,0.7625547399850486,0.9007113096443938,6.530983853020756,8.336308337180991,5426.3315575716015,8.039162271662951,0.1747627868194824
08198_06,0.0827711579374977,0.1114881737588225,711.2108020317501,0.843965482747659,0.9209654239847448,-0.0702936134715898,0.7587556800580869,0.8975998772591508,6.418565957899511,7.062366112477938,5912.1427489049365,8.366457391093757,-0.0669936208735561
08198_07,0.0521519587350239,2.2187963885090385,269.9378332801604,0.5398642603796435,0.8958842447448047,1.3395582278544094,0.537231882086756,0.6418044968439093,5.9819355609700855,1.8686561920911615,5763.490828325059,6.698298604663048,1.3463399484992746
08200_01,0.0824581864966538,0.0906561799929581,527.8198071814464,0.8656955236651437,0.9171101011742994,0.0817595113052771,0.7773156710720613,0.8959442817947703,6.229677981987719,7.129017068355191,6016.601983992786,7.672629079843615,0.0819286777323753
08200_02,0.0293714543492523,1.1448598174218645,307.1104119932155,0.5849781081038607,0.8943379370953214,0.3597219116614267,0.6113201344083052,0.6865242783451905,6.215099069023726,1.3881017406443013,5517.213481862325,3.1773272148821494,0.3677005791368801
08200_03,0.1129408609484428,-1.0723486137568654,430.33171489609634,0.8602755476769446,0.9359158371913394,-1.1047656785215134,0.7858728641482771,0.8964341685740594,6.123470643730983,6.770313408494709,4776.526508673344,17.910368265355125,-1.1140223722320115
08200_04,0.1012089416241678,-1.2358482445168146,384.5650078783521,0.8327379242787948,0.921545931009003,-1.4819530328016155,0.759949310086247,0.8650859602454147,6.104472365198049,5.2878435141552425,5969.515177639639,16.253442695385047,-1.4950391322029113
08200_05,0.0698453022836042,-0.2761590808499634,415.0514316278603,0.8784966051129763,0.9333232327426084,-0.6493984165376887,0.7902695104122267,0.8974974755311599,6.149984303756402,6.998648201736691,4687.615995734471,11.5828478792969,-0.6560770322598559
08200_06,0.0524282467241829,2.2327165066368537,362.00237851723233,0.6590584857851847,0.9093023384250456,1.2058194505603883,0.7077055822991947,0.768597695356537,6.2730988189250985,2.3079294795440486,5098.047929132935,5.374455368417898,1.209363169732843
08202_01,0.0838670973224644,-0.0774981771173434,642.6338259441708,0.8739781436730262,0.911356724494115,0.0926713691249143,0.7842472253833549,0.8788746057248799,6.1945769997149736,8.76051972209499,6450.24661961612,7.730641522043893,0.0901320890555326
08202_02,0.1340698619462082,-0.2147937613093105,622.6793341926185,0.841981279681221,0.9049020055908974,-0.0567613628345368,0.7479696453572874,0.8542408954182713,6.239864319147037,10.410033252215731,5362.823065221525,7.110447680355849,-0.0565091535100817
08202_03,0.159652664017814,-0.3270897402969947,641.2052176425667,0.8233625763763418,0.9042936941661498,-0.1052892273161141,0.7307803117572648,0.8537397093800834,6.191969999473836,12.062810177005638,5337.021981200289,9.142056974771632,-0.1050973038524788
08202_04,0.0820051346625323,3.045764934095972,632.7206050744289,0.618657303262106,0.9007889530215664,2.127607918129286,0.6823537677449254,0.7146397884351978,6.315776579891996,2.564418598627758,5801.636076441038,5.396634433120015,2.1425997130375327
08204_01,0.0797102456120262,0.3774201575713349,777.1207992373083,0.8004586662922133,0.9145762951842134,0.1157187321667354,0.7383490265960297,0.8564051436809035,6.465550043269113,7.947343087274678,5085.969292710774,6.656048858826046,0.11102591130159
08204_02,0.1206614687005469,0.1819903832095159,578.8357089009274,0.7632231556645912,0.910234213967316,0.0271211852377668,0.6971403934440852,0.8259882619823757,6.292655832223339,7.322023639264857,4970.677383785039,7.369648165922682,0.029426169036346
08204_03,0.0730016844633139,0.09308156680215,563.023176786922,0.8022795903871076,0.9157197530815688,-0.1227546380370472,0.7221738512199656,0.8783829866307443,6.408008982175274,7.8759076063383935,4771.976806125846,6.573678162787596,-0.1257969201785798
08204_04,0.1557114767151798,-0.0680124905957669,451.15650534255184,0.7489267362811052,0.9161551697166752,-0.0296301465930165,0.6651925097040374,0.8113893291198112,6.091501468064962,6.738705832931938,5623.288162366569,9.505298165859951,-0.0317160076220112
08204_05,0.1147977917751583,-3.5761670487572186,689.7749069271646,0.6924350227676259,0.8520578120095531,-1.0602163913813794,0.657404416637923,0.836917178132933,6.328894760130172,7.0759649494979495,10112.590324359093,1.8903956863077127,-1.098436518171519
08204_06,0.1844837271076507,-0.1109845662621843,633.6956439130049,0.8467185853729609,0.924477843975032,-0.0879864176761525,0.7589008287597512,0.8857821548476487,6.149075249609384,6.50373830635721,6140.849867317695,9.107043758572628,-0.0881492286069509
08204_07,0.0928061990505707,0.3530158684675164,414.4940460338596,0.7933266114409824,0.8986518608862852,0.3659941205965626,0.7237753916163054,0.833866335389831,6.252868878883902,6.649876629412504,4756.270937056713,5.640437787931702,0.369906882070832
08206_01,0.0756570293142949,0.3158452198817488,625.9161864137586,0.8483773372769476,0.922813382966379,-0.0908639481122583,0.7668986419641569,0.9030934307345228,6.373136863180688,5.7744063916892605,4309.289914617706,5.391524899449862,-0.089489133664736
08206_02,0.2204290965085249,-0.5689750043621621,539.1958541135265,0.8837466717963197,0.9162842332981768,-0.2993559105957724,0.798186924396183,0.8912348094023042,5.837488517986158,10.684080682759571,6015.244712491738,10.392250910340229,-0.2993025490714854
08206_03,0.0476211524098653,2.5483110280529204,393.0601165026256,0.5887266381022811,0.903490952011048,1.529618318151274,0.6216226492259416,0.7078452988834382,6.181941925662901,1.773687309382766,5835.23878011653,3.764239172321517,1.5414708491813662
08206_04,0.0938505231924572,-0.1255487398153533,618.8311749139365,0.8859350495530056,0.9303806600598932,-0.1582928564827958,0.7952358310009724,0.9171459092303386,6.011707230246992,8.806635683880778,5868.576866126644,8.96067462308285,-0.1590432035100758
08206_05,0.0729823815827245,0.3623007037835888,909.9085729788388,0.8596043530750566,0.9112171113942314,0.3303385927239017,0.7718409589802391,0.9030728663503828,6.4635435661090135,8.10722146848705,5881.775669052996,7.003400791477848,0.3325427477293895
08208_01,0.2371334943192714,0.1941861777478049,750.2636850763042,0.9160659624378162,0.9275088161841968,-0.0076886290431703,0.8335115425895323,0.9048948214463696,6.162793826853807,7.8399448199779105,4871.169998773457,14.340398239640788,-0.0087727241112865
08208_02,0.5255756359696199,-0.4951654320767187,795.2827780886442,0.9200441343776642,0.9239508748386835,-0.2330766161401806,0.8502815761192835,0.8844663889448633,5.818971926053886,9.28343704075127,6251.691172524819,16.545513031785,-0.232949425744616
08212_01,0.2409899284757589,0.1531903593342246,652.9699321713746,0.8767295071776477,0.9219009488906568,0.1245599848283996,0.7947821396897038,0.8836673735331214,6.136608596827634,6.878324324420685,6042.864526558891,12.286302131788148,0.1256986657364706
08212_02,0.1592417194386271,0.3731524466277847,489.2409999620652,0.8487849819530828,0.9052184372683696,0.1498605361143078,0.7762202304252825,0.8459130006695379,6.185494271074634,6.846316680081071,5923.908505446404,11.663468287792346,0.1538109993977557
08212_03,0.1219616999504394,1.0541581020076702,517.7596572211056,0.8251632265635539,0.917288445977798,0.4005207707748164,0.7802652374860742,0.8583151323106439,6.322676155920262,5.084095959378625,4856.597619738752,8.278062154420619,0.4027992902644177
08212_04,0.3954297364788641,-0.240449176617232,708.7505310849172,0.8675869185100479,0.9189448637477268,-0.0209539585279647,0.7857466129332236,0.8553127071491948,5.812137892813825,6.200239960419533,6214.15193223928,9.9970952363513,-0.0211798262338788
08214_01,0.0664758413486413,0.3809584943654333,469.4732733172315,0.8809318921104665,0.918773834409139,0.1041181112440437,0.8035072710070651,0.8980558026832589,6.296434235754923,6.221899270263788,3778.056447149973,9.54435288177788,0.1052191389209954
08214_02,0.0777561911866749,0.5150740336156003,501.5206075081144,0.8819353195382925,0.9108823704311008,0.3041434451339306,0.8085179277809623,0.8978672056431384,6.344205207850378,5.86640248353811,3359.3521666502897,11.01424706409109,0.3044875826559541
08214_03,0.0897538473492059,0.4812458663186194,487.33708152312806,0.8792568462962106,0.9103183119331546,0.0045107309756617,0.8011887026744793,0.8910894843405889,6.400542814085222,5.811069329554136,4246.794479635038,8.349063370985995,0.0036390197136989
08214_04,0.1849860826515813,-0.3637756576145397,463.8731006396834,0.884827436691326,0.9127342971567146,-0.2374361318754453,0.7956900713219859,0.8909740949894832,5.948538948583311,7.738380408092068,4142.159606630296,12.290283210191776,-0.2402005335657712
08214_05,0.2915139783229455,-0.5320917238223749,523.2884664438089,0.8880596133048971,0.9163886851111068,-0.3469729556938636,0.802607748525275,0.8849512006205076,5.861634646173639,9.561212386307451,4943.690848282153,17.284358018534775,-0.3480583080284108
08214_06,0.0904198186677554,-0.2334313147083338,417.1048209526017,0.8866103296564077,0.9223093665709328,-0.3763804721091353,0.8083306674189836,0.9065263725486096,6.136961534062806,7.760429283404761,2795.0651953187626,12.497947102507954,-0.3788685403175997
08216_01,0.3927691100866499,-0.4291998063350585,440.1510013842852,0.8678434977126281,0.9356186313141116,-0.2460516249269554,0.7860630078861852,0.8822496306815787,5.9037840886012525,4.169416098756305,6919.281981404296,8.649491486062772,-0.2486142080632867
08216_02,0.2961387004242338,-1.9433013286922267,549.8443799574386,0.7685955084105512,0.8790335471558036,-0.6661331050706663,0.704733953865923,0.8388743824496594,6.138577178496183,4.420950083210252,14425.518114998698,2.80055803066656,-0.6892899318554245
08216_03,0.1946717799486502,-0.4143612824466766,511.10576058228514,0.8666289300333803,0.9333076188368548,-0.3140466465759042,0.7787101991566323,0.8874308406643041,5.88574771986941,7.026036783701977,5678.781569178982,12.743119309389128,-0.3133783790046254
08216_04,0.050748864166029,0.7090483059022126,541.1721300233164,0.8515439063223887,0.915010430347018,0.1221519100439657,0.7899858774263362,0.884778692544819,6.474946124466534,5.213933261704327,4966.170379389545,4.251204605449797,0.1213953401106946
08216_05,0.088552615797283,2.734169386947843,308.6843564634446,0.5913295342177645,0.8986111539101153,1.525079007329444,0.6581858127185515,0.6862168037137427,6.29885162415053,2.124311897823026,4779.956834532374,4.989610080643952,1.5453807079163977
08218_01,0.1269732783623524,-0.0542425521623407,479.0131241424566,0.8579787550940425,0.9169782508329476,-0.1479595452719635,0.7785700619118845,0.882061554812386,6.150721137669697,7.133733280165619,5032.683875804659,9.690567584431763,-0.1523136773402293
08218_02,0.2909616642687198,-0.0830676045038488,774.7562926224426,0.889440220080928,0.9296241978451072,0.0270789165085456,0.8098435012330274,0.894577649351243,6.100952579847725,4.574464648024721,6600.5529599803285,7.973613618389708,0.0262337343989891
08220_01,0.1237385784472841,0.0142862571491557,321.566197807885,0.7262919365767782,0.9055223055038132,-0.5075928467100937,0.6621161509401596,0.7791095403603007,6.0896160141443625,3.498278155178112,6775.112326144948,9.230897546344524,-0.5173935974363477
08220_02,0.0896074586554887,-0.4500395158483062,463.8537995554716,0.8018819087553233,0.9100123140853672,-0.6192495147734208,0.7131918199104208,0.850226786038793,6.033916915160578,6.747990814699518,4925.589275100142,7.644985881668864,-0.6247891087794668
08220_03,0.0986203290187434,0.3141786149779625,301.8042237126545,0.784271355863957,0.9088535004855356,-0.3587578526826804,0.7312563485634658,0.8280143430766368,6.186580680721483,3.665581644229524,5515.501119228593,5.1856781087036286,-0.3570630722897675
08220_04,0.1304759007794773,0.1409756682527578,406.4781055164619,0.8304580531004777,0.9206926954081632,-0.6486605544772126,0.7797982572072087,0.874939883429626,6.242699515915935,3.779279836494061,5839.060640705014,7.730415235224783,-0.659408855555921
08220_05,0.0759767046941208,0.3966434930296501,444.7545457871437,0.817691608031436,0.920231493528127,-0.311259813222756,0.7536659238525255,0.8813985358596403,6.336025200018151,4.595408142804501,5402.5917170326165,7.220505159738725,-0.3165482052608812
08220_06,0.1144067763826105,-0.3844043433540342,337.9151096266411,0.8231949671255281,0.9246753422136956,-0.7842818703951835,0.7605105334415574,0.8802682451766319,6.163863635794955,4.474584306759494,5126.282692790756,10.117087129434449,-0.7901131743615182
08222_01,0.3246932923361564,-0.0494530448371584,1010.9432503127488,0.914192345620833,0.9173639140424708,0.0111512101654732,0.8296909077412141,0.89953458249772,6.136117457964064,7.35510790410337,8611.931404768384,17.247123904342438,0.0110057039511072
08222_02,0.2666816099259578,-0.445185653912689,412.5629134647511,0.8798159208821636,0.9133723650522184,-0.3577514932338432,0.7949238064019037,0.8806981456752546,5.814804995926926,6.800503738157327,5488.016834545793,8.010448593365698,-0.3608560617473194
08222_03,0.2692699121122054,-0.2524795503989074,531.2000134591011,0.8935925295520373,0.9036653015316324,-0.1096612154630145,0.8026944237524416,0.8737777473859225,5.854753932471585,8.089725830462935,5717.182944625074,13.489843247420378,-0.1098459786657334
08222_04,0.3169852623558958,-0.2291907619641474,606.6015215862016,0.8879413528498932,0.9120328862241536,0.0927560596428258,0.8073907403258205,0.85830020114885,5.864572129241934,6.947448191009918,6205.886550004227,8.206616221134556,0.0926208070362558
08224_01,0.2381258900234844,-0.5991368635235534,340.6962648077409,0.8610618014459335,0.9097468669229752,-0.51127314083135,0.7832064433175963,0.8687325739091593,5.917384859750628,7.134620822450331,4758.23227781239,9.796397011414184,-0.5152854030467066
08224_02,0.2075606409602877,-0.6245056158750283,332.43669693039345,0.8522781625906406,0.9019866343305636,-0.3127156164462076,0.7842112253916929,0.853516002875683,5.990803365536507,5.2240036503678535,4465.6656496769565,7.689890709733627,-0.312623906491088
08224_03,0.1914283493952456,-0.284883051120904,394.3069570054181,0.8905448276453558,0.9093520935532564,-1.0629503827789346,0.816325104882373,0.8828308584962766,5.919634147857519,5.367407961440184,3422.030761386812,7.815403793170631,-1.0765095834524412
08224_04,0.2073527702352279,0.1869412765155865,314.1607413917073,0.8953441824568176,0.9145193733933432,0.0250056171421191,0.8174456049168054,0.8772925793541383,5.838407344119226,5.954679510237135,1871.064949402024,14.897608045467866,0.0229650843472587
08224_05,0.1450844057817443,0.5463160124132231,389.2256449891429,0.8921480474772435,0.9017536464203868,0.4490383831060381,0.8090169084583451,0.8695240858370179,6.140617557545288,5.929404656271604,4912.773097054928,11.553538255118749,0.4511132650615892
08226_01,0.4214992965200811,-0.1958171883138607,503.4087761029267,0.916105969822898,0.9161988536418312,-0.0628741450180687,0.8272553604001467,0.877574123424652,5.865629200586521,5.771081929792427,5745.117836965294,15.568988217700628,-0.0630594336646918
08228_01,0.3757994228836862,-0.0714032549522961,597.8996562043976,0.9164722343987848,0.9166653177922024,0.054493836086525,0.8317496436655394,0.880362256755876,5.9016482122177605,7.2520125064302015,5728.515773288797,16.928133761348885,0.05515758878544
08228_02,0.4175528723291583,-0.3325282176957201,476.8476851745058,0.92326545471835,0.9207977343181916,-0.322766505355837,0.8381376525601718,0.8966325673252238,5.935907216343083,6.529445126654918,5230.568326555666,10.239010241223044,-0.3237100857448692
08230_01,0.2039949950769778,0.1454060429187308,548.7121151346928,0.8921642822271157,0.920101813292307,0.0981671324526737,0.8086592464518533,0.8902450026027025,6.164656851361735,5.770277494570504,5912.558594772019,10.458328868654258,0.0975356995951867
08230_02,0.2157389266977172,0.0361851255620906,651.3724391525127,0.902457177664762,0.9138374667864932,0.1680526252979549,0.8124670446102042,0.8873771286798278,6.1052166253766496,6.572418829063063,5920.7245311192055,10.327423658729396,0.1684646332223166
08232_01,0.4896421089717364,-0.4096618053875474,479.0873531673628,0.8807164572882679,0.9240855580163664,-0.3396444066495613,0.7975135758023633,0.8592694305723255,5.704810766555946,8.333018280072006,5726.762629881763,10.837994229981293,-0.3406911546611149
08234_01,0.1555784363891665,0.476000964070351,493.80745115488855,0.8537179060753785,0.9130210677470556,0.1397207579899994,0.7805650043657586,0.868502587399308,6.323919688743769,6.331422662905549,4591.136865342163,7.237236031907751,0.1413111685478392
08234_02,0.1109153756297222,0.4386067664552111,512.7567716589703,0.8552326164412342,0.9149359174161406,-0.0692041075831408,0.78497487432092,0.8795819550906613,6.3845447969252085,5.763897432552195,2664.3013991242124,9.439672475703007,-0.0701288158041184
08234_03,0.1435832020645595,-0.0399428949709065,430.8555596458257,0.840388606394502,0.9071908559769633,-0.2210716717932984,0.7669048969624263,0.884829149797068,6.230394681385215,5.516289564342421,4892.863354037268,7.543142333485697,-0.2258838240623544
08234_04,0.2703638356664872,-0.720335135321188,398.5189090980903,0.8512535593241735,0.9226946738707312,-0.7502749835048703,0.7712281222451112,0.8701042863761771,5.940532756614952,8.106119095938244,3320.6377333033506,15.44600741525432,-0.7555885519527271
08234_05,0.3125779670546854,-0.5894365178593454,392.3920195266901,0.8230738440181669,0.9176485189952892,-0.6214904351768555,0.735150225390814,0.8689000194754933,5.808807446513608,7.869198792334251,5858.729641481094,12.159340287987533,-0.6248548641999395
08236_01,0.221976688907205,0.0618573425990318,548.58357679138,0.7781349607955405,0.9176356443531836,-0.1195606549912037,0.7058422447378957,0.8269872912194682,6.177509830472692,4.080609842511289,6980.351905734745,8.681501398858376,-0.1219115410062227
08236_02,0.2938336846457396,-0.2897271485709989,424.7293134039464,0.797490723541431,0.9238840033780366,-0.4001734752682097,0.7149180884908078,0.8458300976231912,5.904222674121855,3.683628850668272,6508.480846897564,7.908748832577601,-0.4015688703387713
08236_03,0.0920655216846615,1.379802316571377,380.7415719514544,0.7674296415219026,0.9129809718874592,0.602600150545967,0.753196562010421,0.8222797315707617,6.307815015751357,4.270747179481312,4966.014099037139,7.136618498109886,0.6043959865656312
08238_01,0.2131792256345825,-0.2449908070744966,517.8246787473419,0.8740288394515546,0.9240915513397098,-0.0024165351191367,0.7893074212228949,0.8812191159019469,6.089185754226911,5.400951320212079,7294.452019798819,7.675923075301863,0.0001257774823476
08238_02,0.0667449180411075,0.7295915978225466,1249.7598497460197,0.8950440895297964,0.9098298147865058,0.3243941529545703,0.8204089896872582,0.9032159908459174,6.4970715775412815,6.162918354379652,5738.499954135454,4.973251848749941,0.3184959180589877
08238_03,0.1109997029790776,-0.6296772037183334,409.48306975195607,0.8215558946504501,0.913186618856349,-1.1889543097801545,0.784915863417631,0.8812521886604353,6.2802211027987775,3.619309934194275,5237.36716577813,10.292615886539508,-1.2025332334881078
08240_01,0.1012739522768925,2.1575010038804705,388.4911565734779,0.662428256391995,0.9109921669735648,0.8837082615447661,0.6845595043674354,0.7587087319105162,6.308519924652386,2.493427484066186,6718.250919222601,6.2438222756051385,0.8929965801655518
08240_02,0.1338647494377608,1.57516522369483,290.26147643542333,0.643128575998526,0.902335006230846,0.393216068207512,0.6465285772798398,0.724573714934515,6.127885210135587,2.356985087153692,7176.089066101038,5.9468657478859495,0.3946980945486656
08240_03,0.071704373073688,2.465497988789508,355.6517462110515,0.590203193579478,0.8983264394050062,1.3281433946531125,0.6399544597029305,0.6910814814394894,6.175538090560339,1.9123516782033805,5792.528428428428,6.720834284368822,1.3355953288379034
08240_04,0.0965315053258303,1.4068384965569156,287.6189747158432,0.6870897123284997,0.9057822937485902,0.3199442279324385,0.6907557025805889,0.7942539675915821,6.101121341613124,2.178052112483413,5840.31254607106,5.360797792079756,0.3231006053704708
08240_05,0.1035235726996203,-1.73007234244759,285.6291551628934,0.6352304775304944,0.8546619781464638,-1.6616800681570048,0.6686560110264633,0.7116219640352002,6.04084949405759,1.893413523283396,9328.281262376751,2.759415509529346,-1.7806168832538467
08242_01,0.101153784568202,0.0392901754406586,572.8519327508604,0.8900973993082321,0.9229577886475816,-0.1051792786111738,0.7978718554842001,0.9025705520775088,6.265226037538748,7.446550245574116,6501.07473247434,6.456801242311162,-0.1031148678906749
08242_02,0.0883110373568602,0.135214410408624,762.4266611185716,0.8901655234695003,0.9105437289394795,0.0831668555450294,0.7953211617651674,0.8949889067494752,6.466413680453745,8.125559619400864,6573.275730165159,6.247700059322758,0.0820857255307821
08244_01,0.0834821474801079,0.267151023957636,444.6795316026085,0.8967557510944606,0.9237316518048644,-0.3025922822617361,0.8171732677260756,0.9161509959283656,6.195779209288537,6.307975742558931,5232.878101402373,9.499680413556897,-0.3012715448377617
08244_02,0.1608603204063817,-0.3042221073529444,530.9576428499106,0.9117819691658122,0.9394397222465144,-0.3016828162880491,0.8325885332106342,0.9348065766277218,6.048764528921684,6.866839795546471,7270.37003131295,16.75983571520908,-0.3017895118211676
08246_01,0.1345612242066799,0.5400201006354088,445.9517583945957,0.8329252957993181,0.9170946744432664,0.1021743513934937,0.7726757827935218,0.8616213737726889,6.305499705767839,4.831397623672958,5356.911665144269,8.489541914515446,0.1032945010466738
08246_02,0.1290449152851304,-0.6506920056997325,397.8965695432683,0.7577275376328838,0.9164471649549656,-0.5177736950058512,0.6865549625302627,0.8651924619099406,6.224627984317023,4.120426576582833,6777.924738093708,7.166708251741775,-0.524160124585299
08246_03,0.2023760531534338,-0.0113698636620647,401.18433236619546,0.8083677192434653,0.916457026783396,-0.0892304533154382,0.7330468265363556,0.8621934790620046,6.17495540269513,5.339678258908693,5787.279541869556,9.876198830200977,-0.0910281276537872
08246_04,0.106642155480077,0.737660194925955,632.0234583438208,0.819727001586264,0.9154089594128332,0.0796451103701601,0.7760946540576673,0.864040377233346,6.404362408284145,5.055081737917976,6132.787412111038,6.943457034625856,0.079465961930832
08260_01,0.0744456153725033,1.145548208798417,292.32704060844765,0.8546247053204187,0.914894224483056,0.0952650367317618,0.7992328434703975,0.8837126097815848,5.871967986318593,4.385921492221577,5798.777333590213,9.603566890170375,0.0944295787599308
08262_01,0.3043498368939423,-0.0147721265811981,353.998681215166,0.8856010612435455,0.9128287576463135,-0.0505296890888379,0.8013983330175328,0.8797051147897935,5.92951969530553,5.551276650040615,5416.491538023143,8.914278114545558,-0.0523612540701342
08262_02,0.3813458694845842,-0.6700767033511043,356.1893789700481,0.8848711250080801,0.9174730117061768,-0.397292280454702,0.8039165118479354,0.8732102182770892,5.890391726768067,5.688695153529138,6987.0251278903215,10.681170942860115,-0.4021017087096298
08262_03,0.2636293429897869,0.040761485937576,365.6298115566669,0.887282780106858,0.9159585114757938,-0.1086042608159591,0.8048444378351471,0.8898059698281138,6.060312401003598,5.638965706572868,5668.225962295856,11.469002302123046,-0.1112349825781294
08262_04,0.3172124988329017,-0.0044616112916802,289.15403044823194,0.8975451066604422,0.9148708158058884,-0.2484742086650986,0.8173152530491694,0.8807055131760481,5.891301210333412,5.583789229973221,4650.571857324253,11.295563341175605,-0.2501696756368381
08266_01,0.0780876446840823,1.550047583337727,470.6034315060499,0.8516458132507734,0.9244243530979483,0.3360221350208859,0.8100063326737365,0.9013019172540122,6.228027723263619,3.282617165162564,2892.3123209169053,18.45272758020364,0.3390551319956438
08266_02,0.1793183763005784,0.9374713518226918,257.3343785147064,0.8753919934826463,0.929174880376198,0.0479901213774154,0.8119873645947632,0.8853069664739187,5.796156548013164,3.3743521857214067,2443.9545110373347,15.651375373385283,0.0466489816575744
08266_03,0.2459985190160472,0.3085790301716761,273.3748390972282,0.891364957122491,0.9342359914388308,-0.2676657428153235,0.818893699679161,0.9011178241589892,5.607064315182194,4.415907032062288,1515.6343276470027,20.03631756530477,-0.2689306251997615
08266_04,0.2143453575661111,0.6043658578428284,303.66107850449106,0.8920643721317678,0.9321095582003442,-0.1432866304188871,0.8173673090774841,0.9074926688450844,5.715561737124073,4.555451835019024,2275.564235890932,20.308087502167183,-0.1433012097902202
08266_05,0.2105029731234137,0.4306460941691263,278.8631769156926,0.8936271994897554,0.9260385639569302,-0.1753058282309061,0.8141271495195491,0.9038389945298628,5.793175643790857,4.993288549162614,3210.197525773196,15.277057517381383,-0.1767620184541414
08266_06,0.0499540802705582,1.626911244309075,328.89759258283726,0.865113035809028,0.9268467351452347,0.3749382825363682,0.8133018111875333,0.8973474096298633,6.076981684675559,3.1159987584922417,4001.403027155364,19.032226191524664,0.375014798352317
08266_07,0.1323824626847045,0.6925322663396084,350.1411387713131,0.875700915314158,0.9315181915259976,-0.12130203617114,0.807800022021228,0.9047260801367868,5.896188508862533,5.005864798225147,3423.902904150568,16.257266496224243,-0.1239465628048089
08266_08,0.2890873374085664,-0.1557887342638787,407.56166291992525,0.8982314443023653,0.9308174214249948,-0.4265393060641209,0.8143649920301759,0.891673699846662,5.650195024467634,6.702984786874128,1767.9836882646125,18.17421833637309,-0.4265946023652326
08266_09,0.4641740665642137,-0.4068033442741572,353.632867201061,0.8976215711637253,0.9329687595336994,-0.4981742014687787,0.81433370820344,0.8970189670585259,5.576000323086241,6.034719919984427,3061.390837004405,20.291825062510554,-0.501831904574444
08266_10,0.1110606148609741,0.9226931012392598,333.37402226233456,0.8833023875451465,0.9282128863659466,-0.0213394707726745,0.8118873097739224,0.9026826944287396,6.020032027192509,4.5819364402156415,2296.027889908257,13.771309463187244,-0.0202728566198734
08268_01,0.2443697446857084,0.5972998418296666,512.9560734954619,0.8691205557664762,0.9248255512981196,0.1033358911674176,0.7955456124445068,0.8838639041150349,6.124815785091511,3.446772209835942,5879.991762067744,12.264504714228686,0.1038801589033836
08268_02,0.2205411581764181,0.5348554889865746,381.9593846796366,0.8595597014350318,0.9253002513003388,0.0100460480286584,0.7840715054620144,0.8782719880016355,5.868596336530973,3.2351641131718245,5515.657150187764,8.533019264375277,0.01124153240957
08268_03,0.2610909112918322,-0.1541089754482661,390.8929548136323,0.8621193449686231,0.9212159194528052,-0.2318055887944929,0.7800724400620007,0.8694534460224214,5.766756488808914,3.786639640186924,6447.714834775514,9.578044437376954,-0.2327907528610003
08268_04,0.1789212174998888,0.8757773148115691,305.6402732790767,0.7627512343501949,0.9106267499670364,0.4827884424465332,0.7600585045866013,0.7638830450110486,6.148008569090767,1.7373841841342943,6050.542470685994,6.1074606533332325,0.4889573451710844
08270_01,0.1363237401242353,-2.6368301859520966,364.9729471674093,0.702281434031,0.9066577093692484,-1.2022076838160758,0.7066475659472646,0.7074527693170936,5.9812548455010885,2.2842995422600136,9772.62401224608,2.406866402447567,-1.2185515966134046
08270_02,0.2761536350991923,-0.182776634223377,464.89983901998505,0.9097113268388,0.9179397437042854,-0.1362659863225089,0.8245459823441152,0.8991847172280619,5.816910820581779,6.2178117888195095,6368.050426182575,10.0842377068181,-0.1378000783991081
08270_03,0.1293228274754817,-1.529546772251128,349.0744057871168,0.7565992613289134,0.912449462993458,-0.805438644588683,0.741290972146549,0.7894166453710383,6.026911480422905,2.059622036712608,6736.24582433564,3.0491946873198845,-0.8103311207442985
08272_01,0.0714304975629043,2.0751068446949588,330.0792629165932,0.7615717355149422,0.9124934171341068,0.9375032855436346,0.747475332930291,0.8401844315482555,6.114926484932408,2.229049818230738,6305.858531317494,9.397612705247465,0.9435871577400228
08272_02,0.2055037925597699,-0.2418986293311438,260.21908546030033,0.83580716869271,0.9357120881308938,-0.5217983099966991,0.7545948312517086,0.8762943970038096,5.7058664589884165,4.587161400979046,6395.80941518461,12.248751252472688,-0.5254363989276218
08272_03,0.0639969719888151,0.9957637926175048,311.1583561233282,0.829216108345913,0.9223204254945704,0.031530714146912,0.7678580556506843,0.8949501366328686,5.886362161707945,3.231168798667399,5815.67649691665,10.09580674721328,0.0302305019705703
08274_01,0.1368831553619868,1.61671651885951,325.91277285686306,0.7761220456357881,0.9198643261263154,0.4383200097299531,0.7497729282749349,0.8207756657771255,6.091236381418101,2.430346558928074,6449.652414681262,9.285577383609809,0.4403218134330736
08274_02,0.1798331714619608,-0.1449493374053612,261.213402417962,0.7691652000419978,0.9258705392124708,-0.3000754186153747,0.6782027569520372,0.8162413149118447,5.701322462240283,3.3181834120361837,6990.0187618383015,8.300107220388808,-0.3010956910529182
08274_03,0.1678587935632423,0.1309612257664496,366.9041422808114,0.801806293673783,0.9288221047874604,-0.4156090459231095,0.7445188994654648,0.8558560902131369,6.182969881968651,2.9077533712913564,6323.838470075984,9.129701623434237,-0.4175894437867761
08274_04,0.1774421178859044,0.0180723108304724,246.92572188042612,0.8320494769438014,0.9238588932016076,-0.5730160315636815,0.7593839929993714,0.8489220284129304,5.763853224694476,3.4125145586277768,6818.541545883927,9.16341015817561,-0.5735727995902892
08274_05,0.1279881323580452,1.4882359193019756,525.2144518724982,0.8550330117514235,0.922336983970285,0.1827485325726916,0.8094187278666579,0.8831036409843741,5.998313055107007,3.019795148261702,6609.402750820694,11.500201362201905,0.1840946241326976
08276_01,0.0974373201662259,2.2277849572647423,482.76320331377286,0.7513697100570415,0.8988531714151224,0.9041675218678334,0.7354410925684166,0.827101638265315,6.355107795748197,1.9111157618621035,6993.495599571968,10.770927788406729,0.9101503289579652
08276_02,0.0973110169798323,1.5849548917371372,308.58911006118814,0.808867209762772,0.9197378572895898,0.3468477909365904,0.7972997812205604,0.8743116504016095,6.067453235155583,2.8243864476273552,4051.98591032509,9.815180810534589,0.3522365979894379
08276_03,0.0400419101533932,1.5941966790162638,269.530917787022,0.7978704464444764,0.9266063613729046,0.1240494553058239,0.7637089958127422,0.8523437197566173,5.931934725233018,2.2561789627195785,6007.474942709659,8.067760296161019,0.1272109057078114
08276_04,0.0602156524386741,2.1558077499765886,363.2527920241576,0.7849018441092804,0.9195243093114824,0.595485439437456,0.7901637668155694,0.8617626031899737,6.079466451203014,2.178362991290141,5034.495968350799,9.160890799189438,0.5971334010775972
08278_01,0.0869284784782555,0.9423708401643924,271.36389782814854,0.8369246527839557,0.92157434188456,0.0268451163410952,0.7722676434008217,0.8714363245666477,5.705621980390851,3.8117933431980378,6342.547387087593,6.515023385558054,0.0248433723461558
08278_02,0.0514138801028307,1.2650307985095035,252.6514440970672,0.8046855443394895,0.9135841255744244,0.1662402084341259,0.7584188911467448,0.8641368663034058,5.779170382466892,3.3161664536971824,6641.302782534247,7.866854410416196,0.1691526039559793
08278_03,0.0721209822125885,0.7483732970058073,266.5686429732095,0.8283659909911554,0.9185763311705708,-0.0649178169886903,0.760990180630355,0.8744842012778079,5.713237164710897,3.801424698755063,6007.196569862529,5.615622058924379,-0.0639438433353098
08278_04,0.042656667396989,1.659538125015746,278.2766453003792,0.815167241101212,0.9181202106926826,0.5592269608468519,0.7688043129453658,0.8704081794910348,5.95242793828995,3.2885248945297727,5710.959861626901,5.047759369648859,0.5595626734103638
08280_01,0.0584921855262084,1.823292658396428,323.5403176094167,0.7868516997414573,0.9148773148884712,0.1713539779951239,0.7751430847467828,0.8326478631135039,6.181689370416931,1.979795901904592,7285.064568510566,6.597082363068162,0.1753998404499593
08280_02,0.101482057659617,1.06002976101929,243.77945036114787,0.779513722245242,0.9215708103750418,-0.0717336292255526,0.7380463295808924,0.8339878280315641,5.836288995475389,2.709118825413182,6380.328039285082,7.858114777742079,-0.0696863462840976
08282_01,0.0610424181507425,-0.2902201379252856,340.1966328512843,0.9252161493558984,0.9369032996942848,-0.6545880068211426,0.8302090880464165,0.9405499538938336,6.009061622190488,5.537717879589074,5168.596778094916,14.370497599103803,-0.6582014753813952
08282_02,0.0872695781096799,-0.4252370919612638,360.10651963976915,0.9368169440135654,0.9395107741869566,-0.7260943251001184,0.8508401185697705,0.9432447833478064,5.928970327899946,6.393555739563656,5761.518109930836,21.414673491092557,-0.7280192599721317
08282_03,0.0678158025821248,-0.0820303885423558,370.6510990497142,0.8863685223956579,0.932911863665914,-0.5569392809534354,0.8069120694528366,0.913511096477358,6.115924867078513,5.665742079533243,5103.956548663433,11.561614516855114,-0.5572862034476354
08284_01,0.1601915359264819,-0.7442096849392126,362.5032809621396,0.9060918472026438,0.9434701728128028,-0.8603200003576439,0.8269162322734039,0.9378769996870482,5.875092203108027,5.630216728372124,5865.724847830152,16.79457455087045,-0.8626349775266317
08284_02,0.148451940150095,-0.3659779869926361,280.73408632301687,0.921153183577587,0.934022227221492,-0.6983997052719303,0.8295591557547796,0.938444663763918,5.786487641255892,6.302036908026775,5363.340609655306,16.37335163810243,-0.7025720281549397
08284_03,0.2469916720788669,-0.8265692380245258,254.3588793805576,0.8767801875566444,0.9363629197051886,-0.9935332696801908,0.7971339205389992,0.9273539394819836,5.694334959668206,6.412032951173947,5853.23180316431,25.437655932885978,-0.9983649683529724
08284_04,0.1311739868792359,-0.033315743936607,393.2402008301642,0.9173475451663824,0.9350782929392736,-0.2230833452033704,0.8277301178639874,0.9216662239142904,5.805152175277095,6.646250154873575,6425.52723039827,9.293702569169788,-0.2221143728618096
08290_01,0.1073233092741677,1.3302350754831536,511.4061346973032,0.830866915059918,0.9220057692096796,0.1063051963606908,0.7960361594874755,0.884563519778362,5.866969107930674,3.046733301735601,7252.126855100573,10.306223974999622,0.1062043508320225
08290_02,0.0785823138421617,1.7847154824735174,292.65184173460244,0.7895333179410361,0.9076589628536909,0.6547638207585436,0.7622597067039657,0.8259786638684697,5.924950213163994,2.14613107105318,7118.881842132996,7.060146514207112,0.6591209132959507
08290_03,0.0754533121098784,2.0608865442501867,881.8868752716211,0.8275551815168073,0.9149011898146076,0.9280706278556422,0.8021230424174987,0.871166260048229,6.103169894718344,2.423689623005067,6228.710748510748,10.23720289228435,0.93270318948725
08292_01,0.249525617624736,0.243011263771438,247.78161471261845,0.8503076428351706,0.9298876086481894,-0.2470503591968037,0.7751216241829905,0.8640892395419992,5.543552950015995,4.711349337675318,5902.113285562748,14.622021276355513,-0.2473466413957862
08292_02,0.1215794934041879,1.429043483466995,257.5706415076494,0.8293849502468824,0.9207554689251296,0.3694859103663215,0.7887487678530034,0.8672502025424691,5.917124076578305,3.1079665201269826,5124.4092827004215,11.202422939713069,0.3711278354964197
08294_01,0.1423040785443627,-0.7768764618719644,356.82825842169467,0.8804486733794067,0.9448143954162592,-0.8967680935613236,0.8040890716909519,0.9151030178059252,5.933708015567457,4.878874148699944,7509.166656651243,22.65979576842875,-0.9018245528771504
08294_02,0.2928456548964759,-0.2105375118866413,449.3977003054897,0.8733790188497425,0.941005865757983,-0.600786660452356,0.7964413150971243,0.899279102211054,5.937006406067663,3.8523000870202906,5327.556912454269,16.137089039977912,-0.6020839769792774
08298_01,0.1533522217203686,-0.8824497976058829,389.92578161068127,0.9315006971596868,0.9419391182143412,-1.055600498237031,0.8563801469572149,0.9419769549446582,5.872546189848217,8.249813323781959,6880.0029170829175,36.64903831464151,-1.0600643006957384
08300_01,0.1170251857303363,-0.6149812852721418,548.8255008586148,0.9134955939114928,0.9322355358581952,-1.2713865334156156,0.8335755168296097,0.9354757150514356,6.0501709176609815,6.274269635669331,5345.486604058446,17.50467497882906,-1.2840548833794163
08300_02,0.1361610918361855,-0.4085396360545352,275.35665943046865,0.914568239594442,0.9373276136345744,-0.6310113964751991,0.8253232303898743,0.931257730597067,5.764579845636961,6.506595559565543,5571.866644510912,19.44482653772812,-0.6343684711389539
08302_01,0.1000370050279445,-0.0328901304877074,507.028013050786,0.9003364665436785,0.9118152419996784,-0.0437770543510442,0.8108424636030609,0.9140043811461456,6.214729190342251,7.26558394608062,5114.047390460627,6.590006409058063,-0.0431933096978125
08302_02,0.114948476215213,-0.2210344327913459,496.9904483715496,0.9016653334978696,0.9154247714842324,-0.1214409489804193,0.8135195301086429,0.9090318194703296,6.107017191396833,7.783305334055664,4600.16017596416,9.745021158429235,-0.1221710916326741
08302_03,0.1518092925608363,-0.4757103624670697,650.5601693564103,0.922549465256614,0.9086609984308976,-0.2447456114462986,0.8355214223845047,0.9146243784907916,6.079282591432372,9.981732710111627,6096.409423690633,16.057701918205808,-0.2461881451415357
08302_04,0.0958334507454397,-0.2544078516665578,407.9956829563115,0.9025956275947692,0.9122414511577008,-0.1851971854445743,0.8197358681179235,0.8988472888938986,6.108095501729078,7.620550005060795,5424.634443082146,10.40519561000571,-0.1902945345020359
08304_01,0.1809628210873273,0.1778929461659129,328.1522063793998,0.8778153981369164,0.9313237789016856,-0.2954252597793569,0.7947755170658583,0.9227344371051034,5.861906957240845,3.9381397536721057,5631.469230227811,11.093350613962018,-0.2976395106983829
08304_02,0.2003456688454989,-0.4334680640206611,228.9308013884859,0.8503914930881561,0.9392406693357198,-0.7048980906259777,0.7662538428152551,0.9020209825619958,5.485679590380543,5.042857493017852,5759.451857632115,14.144067664527334,-0.7098620198048348
08304_03,0.1751006711814448,-0.0745740333386133,341.1096294773325,0.8870006833138974,0.9376422343306992,-0.5433914029516345,0.8033937404430608,0.9124171677872608,5.847342481281325,5.059552126147214,4677.5442454978265,15.709047363935136,-0.5452023235498902
08304_04,0.0923398287495985,-0.6067641440277307,308.95314060038606,0.8721106629561602,0.9403540780548574,-0.8464911111171134,0.7864953327601895,0.9130707514931408,5.677253949805983,5.35911756679525,9053.321231579814,16.360695461103166,-0.8435218089493537
08308_01,0.168271871761421,-0.1335251462803321,525.3966478955937,0.9080411881227536,0.932326545871338,-0.133827772542459,0.8172259080893506,0.9178072443732512,5.879838688213941,4.288605135782655,5399.782299506878,12.550312465494216,-0.1341617913524946
08308_02,0.2701709067461432,-0.1219287093550198,409.1724951410764,0.905091775323231,0.9334709151785636,-0.3031491630971334,0.815547470140925,0.9141339222915392,5.8405234732126665,4.301608610882594,5205.00314795383,14.29801846794366,-0.3049748877526427
08312_01,0.1288923312537654,-0.1029466931377877,273.7730844934845,0.8065784902763722,0.9327365039239718,-0.5455858270248343,0.7305841775966992,0.8786504107268778,5.757924516187867,5.402550300171125,5138.271808266221,11.052578597211998,-0.5465124817013906
08312_02,0.2016522584086186,-0.2653499034250187,268.6782732041537,0.8313504055696883,0.9384395356229022,-0.6321696751713537,0.7516598006318737,0.8837575385354244,5.612362903819719,5.209122352224565,4677.275143831238,15.970043800194311,-0.6336296204351748
08312_03,0.0398240585820352,1.793374418466962,278.39620853080567,0.7643766456822936,0.9199008702286032,0.4498317074710999,0.7504769853174355,0.8497617202560066,6.099986676197559,2.29079792844482,4214.041511670013,13.684422522977354,0.4516253947869285
08312_04,0.135424225661173,0.209461107700641,267.5556160653506,0.8211973329528246,0.9233236347986596,-0.187428467473653,0.7703850923613474,0.8649206998818915,5.746669921821944,2.589537567627345,1731.576239476146,17.24197546913458,-0.1894761603157439
08312_05,0.1160417393447263,0.2789585292392111,298.09551132324566,0.8060573483636161,0.9262596203609088,-0.2881922852727469,0.7491860081454325,0.8706858821002363,5.77651396054392,3.4357326520091025,2911.4998478238813,18.22718996279597,-0.289082088279652
08312_06,0.1022446692831943,0.9175934734043122,257.3132736435246,0.8209386091003699,0.9275544074561848,-0.052271029379747,0.7715036335850095,0.8701828497160059,5.808958063856625,3.636615863414496,1553.4506062767475,16.06521424308827,-0.0533654264072056
08312_08,0.0546964881074233,1.4754883824893048,326.08153547489104,0.8296750791993804,0.9230708825713896,0.3014552055398964,0.7937689823764899,0.8806346904333257,6.105182078138316,2.9317210274904504,3305.3965509694926,18.365995450475506,0.3011158302963534
08314_01,0.0673024052886572,1.2880906016607474,284.41097254600186,0.8306857775403989,0.9190601018972244,0.3017504617290663,0.7793410939557971,0.8766940714942544,6.073414455233345,3.2917562809930505,4895.220115341647,14.023821983713503,0.3021192731294732
08314_02,0.0862576943365998,0.8644336653517622,345.07748559393923,0.8596440161219671,0.9115054017333408,0.2124656604492033,0.7907173385344328,0.8883111350421248,6.19293966521141,3.5578874001904497,4180.962743873314,13.8609705744394,0.2135809109407488
08314_03,0.1131705837407426,0.8730297070435707,315.8165837779184,0.8509595136256971,0.9196437154745104,0.1897858058916462,0.7826122232205277,0.8841048324754308,5.9179093355402,3.7949794103089056,5888.920826503751,10.44682883506921,0.1907333035595465
08314_04,0.1005177996811358,0.7664841779268229,265.3385872737887,0.8474403663921922,0.9186222034852872,0.1563780611779568,0.7772921866970272,0.8762231298808453,5.835454431727896,4.249735573103457,4031.8651991753673,10.754357391614183,0.1581839757988182
08314_05,0.0785096646550192,1.0806076018849653,278.6822724754955,0.8465810722507637,0.918971283629802,0.1784948758879702,0.7874498972408183,0.8826732052471481,6.018421988984955,3.8738239943761457,4408.840026841134,11.71752489187919,0.1784439281593249
08316_01,0.0648588611077679,1.6609130911043664,287.6946001589987,0.7349702152073192,0.9208687879923482,0.553025105580542,0.7240072363975694,0.8220112424687556,5.880692597551706,1.924599311275771,6082.065519585551,10.86307025546655,0.5557021957018468
08316_02,0.0679347410947935,1.5121454803538297,269.0490359479991,0.7820493355867725,0.92379872058819,0.3447208626072704,0.750670885608641,0.8469356683588299,5.769316244346385,2.71278623393865,5963.36350277816,13.70364465317195,0.3461274735349975
08318_01,0.0759557054068055,1.7536030888568817,286.9016999557931,0.8079915732492398,0.9156934069790807,0.7634298227590872,0.7696535316926871,0.8664475584632417,6.016816531925229,3.0014481233289176,5610.758659561386,9.798762937970263,0.766331872377522
08318_02,0.0809428103639127,1.4080313813682257,299.0979020979021,0.8265697476866469,0.9158105558211151,0.6351033427378885,0.7865221633888165,0.8706497969844367,5.930202757998331,3.6477870600632474,2605.5963632281964,11.014958035459747,0.639219807671967
08318_03,0.0797448147439198,1.482340536704743,253.79579279313924,0.8310894655051252,0.9204968992554708,0.5353877638779136,0.789056960125972,0.8674523411729559,5.826213975843602,3.4234232228012464,2142.9092752839374,11.449072001630576,0.5392166975932184
08318_04,0.0539203935711612,1.84031677269871,364.6831605049594,0.806984768386315,0.9174292457685006,0.742566806002349,0.7887700225620958,0.8640322932336321,6.197533126474177,2.4850048205302957,4284.967193325049,14.220363921033954,0.749285750972628
08318_05,0.0627417517122725,1.3959593095174876,368.5137942779292,0.8486101004715683,0.9192507187146172,0.5558370866536769,0.800434268249046,0.8937392434121986,6.297837754080759,3.368410968587761,4173.696300239553,12.966668655326847,0.5606596060761933
08318_06,0.1044974256758511,1.648138983139854,345.4126956038122,0.8194566741188959,0.9165885953527246,0.8647006102958199,0.7915854371584209,0.8763351061634689,6.168095601259994,2.546040208200759,4165.299363978028,11.362533579473055,0.8725361790701102
08318_07,0.133220588364733,1.3225383901132657,284.764051594446,0.8047133053591223,0.91629409903159,0.5611069940784779,0.781035050637077,0.8650202520809878,6.050827145625727,2.6740681024813298,3712.531646054294,11.546294819242616,0.5634726100864597
08318_08,0.1032728577301919,1.040902573227935,386.8193477087563,0.8709533150679031,0.9222359840869652,0.1949923730919671,0.8034444732477132,0.904181877821502,6.181563645614554,3.810017822021438,4270.047411444141,13.824441654432045,0.1945350265396455
08320_02,0.1388160577177217,-0.3395465622300309,388.0443937426425,0.9213576324180132,0.9391878438923597,-0.5133657442687116,0.8306076356128343,0.9316336058580816,5.889660848597623,8.248428679419773,4981.881568547462,16.598466588049806,-0.5142134569124395
08322_01,0.0714855456341721,-0.2921226832121908,349.68197879858656,0.8953520900768106,0.9349748821407574,-0.7476176324393868,0.8036982133980892,0.9383083854907364,5.845938691438793,6.308119620388702,4934.846358464078,19.113270997446637,-0.7518426340515353
08322_02,0.0591054257721957,-0.62638819625659,359.611533059356,0.909838437799076,0.9389847785156568,-0.8814301889501246,0.8210679927912645,0.938582534539808,5.867167867454479,7.550932144715906,5032.243573620403,18.99797687309797,-0.88688973972274
08322_03,0.0589698423096358,-0.2520390169432049,279.1364471578448,0.8260050098955992,0.9309606981333884,-0.7495370019115404,0.7481746746700559,0.9040594048003848,5.960503458271539,5.401173560667477,5312.128519855596,12.733941115507118,-0.7653399854498948
08324_01,0.0707402254907262,-0.1943540097391089,342.100844207447,0.9233033609938738,0.9396247028518884,-0.5789562944337536,0.8282430371611283,0.942221585264154,5.795687805109835,6.558981155593252,5093.104154916337,29.75444867352753,-0.5816499008871618
08324_02,0.1199968292164856,-0.2030269168185079,399.0062997544164,0.898483771372138,0.9320300174113604,-0.3511920160520135,0.8063125022592461,0.9165188318814882,5.775701326881017,6.184655798618831,5875.513702794605,11.64429303576268,-0.3542137489366957
08328_01,0.1911539379843987,-0.2007017566555752,335.6180888025607,0.86699477818423,0.9366947175474876,-0.6813097551225644,0.7842423045552718,0.9132235484438448,5.936318589594187,5.144882067841438,4774.042590745146,16.161326585853498,-0.6850493830550974
08328_02,0.2335725210137153,-0.1017032481949737,315.05586649028186,0.909448328892152,0.931900819692463,-0.422906412030282,0.817126248409702,0.9247015996305022,5.760084488080906,5.048562961992949,5165.827713805779,15.12036378695324,-0.4240961081692396
08328_03,0.2316499530956966,-0.1586812190781694,392.6510021972109,0.9145768729070892,0.9329577940703,-0.4439297863090876,0.821299579332716,0.9310923820507452,5.808237114846664,5.746653393610932,5081.918720737236,16.68012160491176,-0.4461292887672673
08330_01,0.3064666554688197,-0.4729537484197225,742.2756828234006,0.9147345716771628,0.9299042205157156,-0.4528411484575335,0.8276841780196664,0.9086317754591582,5.9769468453967685,10.324680499566105,5485.990906066319,20.4992068892467,-0.4552295620208733
08332_01,0.1961938905229982,-0.1361906900481887,381.3292418376033,0.904506907186604,0.9406631227289144,-0.4439682379594944,0.8105539673884612,0.9238861956748328,5.916387838373105,5.273442144847945,5022.66695626991,18.573740517720577,-0.4469560986062768
08332_02,0.2089771821881773,-0.2463864824620831,325.7958926162816,0.8781970019231342,0.9369830852305184,-0.6705255631812398,0.8009186925829355,0.8974530894931061,6.032530845481718,5.128185536140592,4514.830847937303,13.57751920108768,-0.6732425684109699
08334_01,0.1265912257596901,-0.2742175182571743,390.32894326683294,0.9076331173343176,0.924043689117258,-0.5400748590169724,0.8159060752336381,0.9182531989822266,5.9585056808738655,7.455893782032425,1879.568643647778,13.229941294168574,-0.5450887218546594
08334_02,0.2067291534067632,-0.4567520218796291,514.0445583496156,0.90974489987674,0.9297159895157822,-0.686365255020361,0.8238312756776064,0.9174078174707796,5.929776736923157,8.555725887053653,2623.1125610807703,17.646062488322396,-0.6921478036564245
08334_03,0.2025132770515323,-0.3087187853393198,474.19939916830685,0.9102568264032274,0.930476252351027,-0.687543249050837,0.8219264269718538,0.9223485040862038,5.980184116231013,7.411153741456628,4777.553059741573,20.81387501779567,-0.6901341569199092
08334_04,0.1483788165037304,-0.5184238137264351,449.31682063364127,0.8971735584644385,0.9347887480194096,-0.8458705500521663,0.805386830291292,0.9308937804494196,5.991018073191048,7.556647216964902,3838.386975747019,20.376064854733187,-0.8490949926637825
08334_06,0.1535988743469305,-1.0914564480384588,272.6316150260488,0.8756239358056116,0.930563628114371,-1.2646143787491118,0.7999150036714218,0.9066636860298516,5.749775323832541,7.686827810665154,2831.687445661624,24.1028091512526,-1.2722846821455311
08336_01,0.2942610274200372,-0.1727440496582983,300.8756936147617,0.8994639983383337,0.9327728619484812,-0.5032279498100365,0.8162223761090186,0.8998915169493313,5.684584893499071,5.886549566431725,5193.581179962135,15.747502555026768,-0.5055536893932471
08336_02,0.4449467774608338,-0.3826389457457819,468.7820919574961,0.9002926307318291,0.9344422466581804,-0.6738085640834565,0.822560453755626,0.905054332315439,5.789487546914946,6.503069932577398,5423.365858585858,14.946905944822086,-0.678563831894458
08336_03,0.283431441090478,-0.2807709126853993,320.8725723390989,0.8788779320320189,0.9344373502977698,-0.572225222707048,0.7946303111462438,0.9041499790322904,5.658055076485137,6.0533684805663,5308.081832242713,18.88202663809045,-0.5755840605230695
08338_01,0.2518121308055028,0.50262803915845,460.35543117019415,0.7806708869353908,0.9335631064129492,-0.202267128930175,0.74681659694542,0.8383136660002166,6.107040134382034,4.127283300185244,4912.67710886061,13.334610367512918,-0.2019724681769676
08338_02,0.2233321110136973,-0.422447247314043,316.6654464427821,0.7689087737043321,0.9358459548084458,-0.7953038795177961,0.69756222191394,0.8571142932397442,5.8538710485561465,4.40891964064784,4914.868419693135,17.705069523756094,-0.7991015736515156
08338_03,0.1568833979002293,0.5456452142904507,377.3105268082717,0.8072984619928938,0.9283825584439128,-0.2980950538683407,0.7525564523537815,0.8736546556793989,6.143628426474025,3.421341265899719,5267.045259298062,8.564764194374483,-0.3013316685084973
08338_04,0.1614244300183689,-0.3479159685176563,414.9089716970823,0.8289626843904406,0.9375236388003518,-0.6267550511486385,0.7495936056817625,0.8910871929616807,5.9901386719053535,6.313844627678657,5052.409848241032,14.570587922573754,-0.6293326590729311
08338_05,0.1669344607558545,0.2333791506349548,372.0399032470864,0.8255150975311321,0.9328779983015112,-0.3118911673821909,0.7561967606380237,0.8907932752749419,5.948970330858831,4.345488950919159,5243.709315101941,11.618433214646462,-0.3136652458407908
08338_06,0.0946092745386614,0.4281226897124852,373.2021048528552,0.826783872506419,0.928258998727812,-0.3071895807351834,0.7777133629607604,0.886318778206947,6.154920641201548,4.954382749511265,3099.0439758493285,12.951577432632174,-0.3096456141722496
08340_01,0.1289644579004187,0.0264835650505338,536.2635153902482,0.836188796965444,0.9233718108449502,-0.1201234339382644,0.7612603489343424,0.8849169779270227,6.325311508767497,5.38918517802893,3259.4367806742853,9.056110477292908,-0.1191841076769601
08340_02,0.1852990013998605,-0.4106869233575345,415.2923617208077,0.8192709694532869,0.937808210188789,-0.6078689504563776,0.7358390184233057,0.8904723890619939,6.066708303589224,6.155467345961798,4833.98218924927,14.832057756765757,-0.6096961971549496
08340_03,0.1608309962855247,-0.1652224521572516,350.9783590894702,0.8639360572983055,0.9307881827991292,-0.5172178251362188,0.7769704830457573,0.9076777767946144,5.985528829644699,5.0465880323368575,4553.67598217902,13.337909374347204,-0.5203077006599259
08340_04,0.1833842459818909,-0.3775129124795194,400.1082779346143,0.8635277519691391,0.9359451658052376,-0.7602595908134093,0.7830679041754027,0.9042686240510088,6.027091347761101,5.984155458698838,4483.776142670075,18.86802068676807,-0.7635630116058774
08340_05,0.1836189971319706,-0.5939035547987966,406.6979364760634,0.8803643565434415,0.9462912537652536,-0.6204445928082309,0.7981764932472613,0.9238612739947112,6.013947504419297,5.2276014396463815,6100.997402818581,23.68978701969877,-0.6227740905808695
08340_06,0.1829994724533125,0.2725447925722084,403.1135170178282,0.8552571388600808,0.9296822657477584,-0.2814870757357618,0.7850890300172786,0.8915992845261523,6.1723867160790125,4.490414697051752,4526.100407823058,10.465116620219112,-0.2808216982548817
08342_01,0.1808620463625095,-0.1241834027951847,445.6471511722626,0.8641272693558161,0.9332865020476588,-0.2183470205236304,0.7781562221665262,0.8952958594778149,5.995928190243964,7.238150217309183,5838.440661959797,14.470580615982374,-0.2193809600722019
08342_02,0.1737777985447924,-0.1028412054079126,475.899991660412,0.8423801360795721,0.9317975610549724,-0.2717672224021439,0.7612126090499404,0.8821114222872839,6.106709040110443,6.988907889944092,4467.914487396826,8.251011887653839,-0.2774636093554924
08342_03,0.1340822334936197,-0.6132243213105473,372.4148278713496,0.8914295602292075,0.9429372114911504,-0.7518458036432197,0.8067458612627468,0.92472404574734,5.896140426751082,7.585184824678438,5122.6640512558615,26.87730518437304,-0.7532799308122817
08342_04,0.1269550424388602,-0.778351200845344,377.2569584599348,0.8867790132175497,0.938579818039717,-0.9648127862754212,0.8038575566866677,0.9203716993320122,5.901764917238816,6.92866304341149,4947.41844476055,25.17640283615858,-0.9671346219293344
08344_01,0.0965527124591018,1.860535139358596,334.972606709016,0.6493445758967372,0.9113959376107178,0.7533164139888093,0.6853001048460443,0.7291730818852968,6.165385325093399,2.129582048084629,5231.294472305179,6.907825460847329,0.7560333949121258
08344_02,0.1220881692368716,-0.354003419595269,447.6180160466813,0.8709700442934302,0.9380652113066976,-0.4430244214396794,0.7830960339349402,0.9140734466183283,5.842099944915371,8.088260947992989,5026.142022008253,19.82499654703151,-0.4453780248502506
08344_03,0.16585105200329,-0.1180125728416705,472.0757863799116,0.8676764055104719,0.931302236236046,-0.2017134650286556,0.77826314459268,0.9022803189079862,5.9741757979324905,7.333128286582941,5497.075118004046,11.235301690064606,-0.2043118034867675
08344_04,0.1164040665792379,-0.3401368430926665,369.2102664360729,0.8319698985392995,0.9387859297719144,-0.5178929948942448,0.7431287801697324,0.8886325610680459,5.824647303351995,7.915817105504613,4951.2760895537895,20.87217426116236,-0.5210742434779961
08346_01,0.1143907311009355,-0.1372578263273325,456.88240980493697,0.8799137468973325,0.9356217135336774,-0.4180616980530457,0.7901016247208239,0.9225808736676748,6.075841048001041,5.526762734407463,4857.870493190317,14.218043582331887,-0.4171716680566263
08346_02,0.1697609039389757,-0.1505427123911333,425.119238764852,0.865773066183825,0.9291269880229648,-0.4830113060291989,0.7837313898700475,0.8975322019268309,6.059670625696015,5.986716898134683,4287.879757621663,13.455504222626333,-0.484818185007707
08346_03,0.1663775864669288,0.0019742909693564,468.67457214281137,0.8547987151289315,0.9286948657997514,-0.3828231138597633,0.784220004904593,0.8890260770635315,6.233983951509896,5.039288809043299,5865.666223474977,12.858923669811135,-0.3856693573591919
08346_04,0.0660856495436682,-0.544359222761512,422.7543560937575,0.8364351215814658,0.9427474826365364,-0.7416017063196619,0.7538143583640086,0.8988489922654364,6.054958866877577,6.13620819002982,4587.423294219904,15.075075253614784,-0.744953376616592
08348_01,0.1317249736789681,0.2682004839068761,352.322531976598,0.894063064719307,0.9304029660315734,-0.1061507378408835,0.8028475478615682,0.9118137034298912,5.92098906258469,5.319445709793019,4995.3049744570335,9.968474467365027,-0.1068721034129834
08348_02,0.1428282644784815,-0.1622376129799245,356.8696704524297,0.8937923536524544,0.9394289559212798,-0.470232499017342,0.8051950693863411,0.9154178962601118,5.848208162671277,6.36706308941324,4607.178018076178,15.89911726910258,-0.471542910399709
08348_03,0.1150783883568696,-0.6638849581828677,301.6860771948656,0.8963432669131637,0.941954710024697,-0.908273663960494,0.810243700906747,0.9272965008675652,5.751545517174237,6.19244845450062,5392.826083038591,23.66832983008595,-0.9130225515655525
08348_04,0.1616300551538075,-0.1142549368824687,520.7260250201139,0.9056065086434726,0.9368184396474252,-0.6708381233322336,0.8200851080174447,0.9176738055930942,5.923772312430308,6.577825512225887,5085.274966102229,20.15481080754629,-0.6728164038461931
08350_01,0.1016831386387547,0.2651925767359508,469.3118098159509,0.9196891179597928,0.9290293704954596,-0.3331830738250786,0.8295024904158246,0.9239974998919448,6.203707121598247,5.6049389402134935,4366.391710596926,8.19377864408762,-0.3354745519478231
08350_02,0.0754853327025845,-0.252269809237677,382.7646615010599,0.9235350062854664,0.9368979007739332,-0.3945659884256078,0.8275967302623801,0.9341142915408212,5.816902569836845,7.418263583600459,5198.357209771564,15.03509606997262,-0.3945018802757956
08350_03,0.1075832142780121,-0.4536871759199203,295.0622489625173,0.8947874029343079,0.9211836271300158,-0.6135710939002631,0.8125482168926301,0.9141308349670406,6.00521961890544,5.068714696146276,5291.157721531239,10.289386378408246,-0.619457841972574
08350_04,0.0825280295144666,-0.6042024054969343,393.8054530781647,0.8638014026911619,0.9318207498333176,-0.8714940471267082,0.7827252770915307,0.8956149821417169,6.100995813043785,6.069682712155951,4718.9054604272405,12.868037319821946,-0.8788850405979787
08350_05,0.0528860424760674,-0.252344943962823,425.9513941602146,0.9093810405121556,0.934150339803242,-0.4258303946821287,0.8127421513524876,0.9313670050489814,5.911671962087191,6.97903750370979,5272.805107103957,11.61841396195521,-0.4288490862844866
08350_06,0.0558787925271045,-0.0539615774361885,375.7962024461112,0.8878612553182877,0.9296892328287708,-0.3681870664490891,0.7957594070178736,0.9206532095724028,6.023987451463903,5.72529737842563,4666.352727272727,7.729144104604218,-0.3694594497187261
08350_07,0.1882055532807785,-0.8954522924563582,322.72191259064795,0.8737010377734127,0.9325733506677112,-1.0199595954766072,0.7927976380198819,0.9066310142845276,5.774927439642085,7.428340877797231,5884.420261533024,19.20199987017481,-1.026353011470769
08350_08,0.1252512661738757,-0.1028654059335536,393.13565435144176,0.8613696029380077,0.931356290292338,-0.6406726501700789,0.7939175090783865,0.8976485206198571,6.127095970188583,5.543493435897221,4188.132455411366,10.46367723330915,-0.6440026682079779
08352_01,0.1580452164363606,-0.6987953924270677,314.45412887155146,0.8820349018742476,0.929706116413049,-1.0314459439555637,0.7998465626882537,0.9131584407401228,5.894361462669842,6.602355569932976,5811.921141159509,20.55242594695083,-1.0340960093648257
08352_02,0.1683520602074402,-0.4646455377405135,331.12604185405047,0.8877008025245582,0.9229664688845544,-0.6738363244038579,0.807881778881239,0.8930465834075971,5.802277502525086,7.970914271746395,1938.6013443994784,20.767000806557917,-0.6803342248014953
08352_03,0.1599830304698671,-0.0728144499668791,510.1921525594638,0.8947616793418979,0.9327174919219374,-0.3687996638516821,0.8075014418011044,0.9121681847971234,6.012254102333482,7.39756675150172,5416.496413964792,15.629984815809706,-0.3708674096022537
08352_04,0.1717636284331193,-0.8268839185613104,337.6616571937424,0.8776373341292425,0.9396914882204672,-0.8752762316956859,0.7958413776774689,0.9142626347098518,5.757962218021706,7.726674635222261,6526.340605816645,26.91039642735181,-0.8783569509289307
08354_01,0.1405819154651312,0.1116800915716167,294.947010823176,0.8848102270849552,0.9341745525599322,-0.3988927026876028,0.7982936307281675,0.9131562233961672,5.774989794794688,4.728421042538924,4252.407036970888,12.190574864939457,-0.3999753710027912
08354_02,0.106030065830968,-0.2857680580243775,334.76268641078474,0.8627782012240098,0.9339827840322328,-0.8660037534690967,0.78454307415541,0.9033189876765074,6.06166074538431,4.942824976317528,4338.786533833324,15.73080149234143,-0.8689865387945851
08354_03,0.1345023255450039,-0.217663813782553,349.9244512863574,0.9037639675636704,0.9391886186997987,-0.4240404205841189,0.8089852505972696,0.9268632266288872,5.816267960211658,5.794288412710989,5336.394387644115,18.944638576344797,-0.422790427441894
08354_04,0.1417009473648667,-0.1603941556206144,327.89632718956005,0.8948699664688118,0.9357590158393724,-0.5511867018792853,0.8022455483569569,0.920589677358813,5.902035860288024,5.507251283578,5520.563769628425,16.96144543592696,-0.555135012269427
08354_05,0.1145925059598686,0.106653225036518,593.9978870651642,0.8880514516308491,0.9295439523835032,-0.156806060658232,0.7954859385595691,0.9285976978921832,6.10057111874425,6.005560284109837,5567.170517442746,12.94812759260214,-0.1573541469471862
08354_06,0.1258505068987045,-0.039201823041094,398.8195380450435,0.9004950572008518,0.9327714284775168,-0.3606676907953356,0.8047311637495063,0.9290039407234464,5.960425569801241,5.319731710309872,5507.811275334559,13.649610312758158,-0.3602262564082507
08356_01,0.1142660921695009,-0.0047339871553531,466.9623200132404,0.8878143737355065,0.9337041343849808,-0.1919189720874778,0.7974178633430496,0.9175125581470078,5.999091231652434,6.038590396124111,4237.816683464754,15.248644529619652,-0.1942779519216005
08356_02,0.2203094943268379,-0.2979043764986253,405.8581662453999,0.8952530736954081,0.9438898892020255,-0.2934075326294071,0.8098915852831897,0.917503868995063,5.889714298506567,4.719392773645238,5674.448222530535,17.76187366778955,-0.2939099448074371
08356_03,0.0500778787772734,0.0017282565384843,508.1825886574181,0.9071961964359992,0.9411366435439952,-0.3039506831721046,0.8089503089579455,0.9383950084775534,5.995835455415717,5.281919158932874,5178.204004523015,17.957361605185618,-0.3040119885317992
08356_04,0.0948626791384236,-0.2909142504045424,312.41320559889857,0.9028073760354984,0.9428325604701926,-0.6408425687044276,0.8106947592969702,0.9300875308445256,5.875814318989523,5.196331168234572,4643.768060227455,15.802276145245877,-0.645061466109448
08356_05,0.111579093365226,1.3522079168075345,443.3362118996216,0.8095025429026226,0.9231131369937244,0.231075399760577,0.7662449324007904,0.875734807174075,6.085746887755141,2.3456429458603383,5910.404242890901,9.71321838439523,0.2345368821149128
08358_01,0.1603449688476403,-0.1927876915125096,396.1447250848871,0.9212359719161288,0.9310495607513396,-0.6861909625755473,0.8351648773116033,0.931801217731779,5.905811071507645,5.039219651323183,5154.322710780707,12.845157262072624,-0.6897109794253453
08358_02,0.1201251765133652,0.0092557427445278,355.0105792057529,0.910812812566206,0.9306860453295196,-0.4040516416451598,0.8183314715133445,0.9148975021543224,5.965030174861537,5.237514129167245,4368.895970009372,9.162405543799323,-0.4042547630866421
08358_03,0.1694020165962847,-0.2640836158425766,294.8812174692358,0.8701285358227588,0.9295285083090288,-0.5329472007158643,0.7844922936287863,0.899726085850374,5.86327249991068,5.827964581046122,4478.608768019861,13.901164628583574,-0.5347692884086971
08358_04,0.123163634263029,-0.0242625082832153,286.93957739791074,0.868409689449519,0.9327822086776054,-0.3347227026415496,0.7861274636543919,0.8957574830962327,5.7998766087303535,5.931573568361997,4001.164807073472,13.826723603611832,-0.3353830729650475
08360_01,0.1596713031768661,-0.4498102263312534,379.35435327079,0.9092447185675016,0.9447476663646645,-0.460455355995605,0.8228511164889922,0.9333523322571946,5.7656313976925695,6.065848556590964,6107.925132518509,25.79081348465207,-0.4613609463779731
08360_02,0.1632308610401,0.195223601690172,915.0732502547222,0.9026241669532712,0.9304996499885952,-0.1425328615384298,0.8176154081408319,0.9151887558874836,6.097225661768361,6.444538730248564,6497.356472175566,12.860501325424996,-0.140594045173246
08360_03,0.0933700973265904,1.5762295711732095,454.11979826856174,0.7880053625082971,0.9207770976798628,0.09988430806953,0.7862396588048352,0.8543309173234147,6.141001339828242,2.277743681222874,4168.435721446749,13.605294050180946,0.0995295926359369
08360_04,0.1179813528298903,1.5516811687725776,486.1574275362319,0.8092522843016675,0.9179901370329042,0.4928307737179183,0.8007008141170808,0.8592110012928019,6.13318383422206,1.9958426747743707,2585.2796022504253,12.431979075121063,0.4945072452466507
08360_05,0.1364878317020807,1.2112657048733595,436.75291103865857,0.7961339874398702,0.9202048637949594,0.2842587588914088,0.7970759028198628,0.8590273812011584,6.160228547153589,2.3457295856815463,2998.295771479982,13.004568213672536,0.2843074279130961
08360_06,0.0658047878423255,1.530353977205814,351.2276014722158,0.7975333159960277,0.9154075406390288,0.3861231807381557,0.7837908289651899,0.863787566011732,6.143424642348819,2.3771983461897777,4205.384469420523,10.946994972134794,0.3860687196281949
08362_01,0.1768378563267235,-0.8603455478242389,357.02043858701524,0.8875452883371124,0.9435209940621232,-1.038942398652749,0.8105683455135141,0.919636044498978,5.910795992863347,6.826655777943416,5691.319276312894,31.90363862574672,-1.0426592287856449
08362_02,0.173815257053081,-0.2191539094585305,470.1701363073111,0.9043826981406,0.9366850405158892,-0.5621234655761775,0.8169820075532038,0.909866736788697,5.9336177930328295,7.38576333630227,4627.761675956179,14.335642467746112,-0.5659291837864755
08362_03,0.1244488966496287,-0.4665579795889581,323.639554342746,0.8836107023677655,0.9418078587049544,-0.8002488036407086,0.804392031909028,0.9120915703835892,5.846412088667601,6.435577835558766,5127.907573564882,23.954935134581845,-0.8029043104023266
08364_01,0.1358630887215061,0.0299095030526139,500.5545215938917,0.9151772604324864,0.9340928004590228,-0.2777787973048688,0.8209304969777881,0.9348513772005818,6.032766658852366,6.12963895193748,3517.1788325849902,19.182591090860065,-0.2789882512861324
08364_02,0.1722947828836884,-0.1924321481670482,412.0919413044298,0.9096310106510632,0.9374545322324542,-0.2949198587588701,0.8196729201281613,0.9323537146158242,5.809057289634584,5.953066969315279,5124.494590888314,17.210412366648413,-0.2966073558732333
08364_03,0.1394030822794632,-0.0370304984625112,450.4282827179375,0.906218914742884,0.9309721112932836,-0.3699880594265325,0.8131375235648874,0.9287274380007589,6.026459814695451,5.792461059039291,2835.4952029520296,17.50454981859157,-0.3689645611307153
08364_04,0.1914950458578173,-0.5209946862998934,416.2653930933137,0.8919535556071402,0.93387951983576,-0.919576619085379,0.8061701283810269,0.9060710114956158,5.837013770501969,6.729327894653951,2075.974300254453,25.648125985837883,-0.9193394217723873
08364_05,0.2556772140980758,-0.7036605721124446,308.1704535249214,0.9048828447782714,0.934041259750374,-1.0157018169272176,0.8193546914072096,0.9149259261130852,5.716123940563771,7.611931177229937,1429.1212448282065,22.53138066149456,-1.0161127807265464
08364_06,0.1500915483828007,-0.4823922062083318,379.7076464651319,0.900513933538312,0.9354857369745592,-0.814020293195281,0.8124039220651631,0.9184298129039628,5.882825347397828,6.577140988994688,2597.126557149238,18.7948136933507,-0.8146636638271577
08364_07,0.2094041515358788,-0.0816570405354851,653.2729680808794,0.9141625687904404,0.9361575843641504,-0.4031006678919973,0.8229446524664079,0.9251970573810346,6.014245575932248,7.883361597475113,5291.688227933391,17.893396229120935,-0.4065044143155605
08364_08,0.151824621537876,-0.1699431901316965,586.0718823816893,0.8933800307952098,0.9352918424895226,-0.553182108426317,0.8087448728125044,0.9015274670528496,5.938276726857462,7.291321279590303,3924.786130309855,12.511230670105029,-0.5551163923764961
08366_01,0.1533697563676892,-0.3351205725131334,319.7692497371939,0.912749145576258,0.935092525155108,-0.527349149440583,0.8217434209726404,0.9202715362909633,5.734067738515778,7.795025192058338,5997.636050671646,18.77104452088977,-0.5311504974052995
08366_02,0.108354791410266,-0.6381188680888576,311.71080849058194,0.8846597926966511,0.933430549572683,-0.8787302949991178,0.8023372500634793,0.9199098993824648,5.946136722826274,6.59270271845291,3819.2471917183225,19.4843470506498,-0.885612427130393
08366_03,0.077313735714159,-0.1719069371507471,325.50839912802945,0.8897718823432492,0.9336159880291044,-0.5895674220371406,0.7996288882108142,0.9216129383329116,5.944442551878202,5.580434744485359,3950.75160306294,9.801865413499648,-0.5921094965427366
08366_04,0.0892540726420745,-0.3501676525356572,304.21301134730186,0.8897714516730396,0.9335953262926192,-0.796070327003219,0.802865445402056,0.9250051587667047,5.885026749398199,5.680361217551507,4379.258172393613,14.327771807543913,-0.7965154398107392
08366_05,0.10090311250372,-0.2185651549375434,406.70456346959577,0.9024268226177532,0.92738879611738,-0.6165763362133964,0.8077120493796739,0.9312125528230264,6.095737866010992,7.204997162854601,4282.638316920323,13.117015687670907,-0.6183277420060221
08368_01,0.1406168818902048,-0.3009434965335397,371.4682591497369,0.916330814300616,0.9339791854404826,-0.6944876070537741,0.8253459609960945,0.9252775859447456,5.868237974820166,7.221350291248835,4920.012607690692,22.89971308055565,-0.6983884341227332
08368_02,0.1190018202240815,-0.2654215659891984,380.7597041553358,0.9012662162172518,0.9310817059187254,-0.6606500163704525,0.8152800878672395,0.9110152193869004,6.006225862649594,7.014707840202285,3750.684280227784,15.468969584555342,-0.6651036107706586
08368_03,0.1919647915481137,-0.2913559730356959,541.0829283586769,0.9099165370303124,0.9298098506229568,-0.3808567044984953,0.8205757876823585,0.9134686314571152,5.919518237855574,9.001438362435128,5653.296081548677,13.208778024053537,-0.3787733949046415
08368_04,0.1023368753311157,-0.0257703189220092,490.9669195942642,0.8979690413838436,0.925703421990148,-0.3105045617283733,0.8037013077833836,0.9265242002936844,6.17489230140157,6.381322226007478,5375.016124491311,12.86451786676266,-0.3113923139072523
08373_01,0.1416790276663915,-0.5623176628344955,320.9536419665516,0.8832881425373501,0.935784211069942,-0.8241578590819156,0.802255025471847,0.9071684285781144,5.835002384399905,6.4026035193558535,4201.512995778167,17.506225140730546,-0.8270569850545412
08373_02,0.1592186183333203,-0.7283586572048987,342.30082165297245,0.9046850763294808,0.9463181873029494,-0.743503660537505,0.8239981781714061,0.9227609166668032,5.695148272694582,7.043415379465866,5760.604428721174,23.279591146420294,-0.7450121754019298
08375_01,0.2023630059854017,-0.1510598937816274,628.2727733013149,0.9145810124807986,0.9404071567204916,-0.3888041933887501,0.8230361583880944,0.91897825950446,5.889712551955082,7.818501108277312,5814.55643458347,15.395747068401231,-0.3899071831429109
08375_02,0.1337063009557248,-0.6732274575241077,240.9936660516822,0.8898363251988685,0.9380327701662226,-0.938276915986477,0.804627352389958,0.9188715954331252,5.657175898805009,6.35110340583302,5930.0713142375735,27.44115885543062,-0.9434531857206458
08375_03,0.1708409317187973,-0.3158020641193224,430.5346583727789,0.8824628928236348,0.935451198467433,-0.58900086372986,0.7925594401187531,0.9126642881469346,5.982465888928762,7.1033072531435,4759.779581340044,19.78646876894181,-0.5900557824439229
08375_04,0.1464105987590009,-0.0967496526456992,376.3355432579037,0.893505290502144,0.9314929202603623,-0.2794501537070525,0.7986210501559088,0.9121918419822386,5.856733100114821,6.591734998396921,5149.494692791619,17.14419211506672,-0.2806000013846479
08377_01,0.2026694877891456,-0.1841773623831984,351.81986671072923,0.8750622156409027,0.9436894732089436,-0.5408124569532183,0.7920441752255297,0.9074467597295202,5.910285028324877,4.287483316652748,4975.980340274654,18.50769343497327,-0.5440469957517149
08377_02,0.209806654287697,0.0964476899435378,365.8857488758215,0.8630872717654821,0.9304728783679304,-0.5062307010596119,0.7872243072386275,0.8936013626395258,6.032286988878414,4.798955011109585,4506.499355163411,13.270453486952295,-0.5095825920406792
08377_03,0.2659321064602675,-0.3363049766157137,410.9619195313173,0.8217050465091624,0.9395686742270412,-0.7322466830105323,0.7501797614093617,0.8732476428817785,5.938514682306076,5.305051690199269,5065.79869827987,20.46977896860445,-0.7370972394090262
08377_04,0.1920385207159573,-0.3075505477523694,296.9125135516936,0.8388540942348124,0.9427158105433784,-0.6266247276268844,0.7648958430638706,0.8785985339734195,5.88632574166928,4.556527286683991,4697.026544597633,18.327684929313552,-0.6277012845449729
08379_01,0.1054136938786899,-0.40626959424553,345.68247563148515,0.8368127396247965,0.932964510635894,-0.7414428541760489,0.756578709497621,0.889942156644471,5.921123646949874,5.914784092686787,5026.393293198908,13.972046033942714,-0.7450050451687052
08379_02,0.2640269906290962,-0.3773627197727926,549.484902771398,0.843576944097575,0.9374359553478412,-0.4492712591164846,0.7553759406567657,0.8892348393979526,5.800166802817613,7.682600187273151,6191.865279299014,27.84780560019605,-0.4505977454123568
08379_03,0.0695104454373817,-0.7559138075853081,294.6560174474293,0.823164750485981,0.9290910178994024,-0.8654105195465958,0.7446119356302692,0.8919454454894307,5.889851984944976,3.9266436415498105,6962.373487003906,7.564001511211115,-0.8707135590364439
08379_04,0.1566089164451412,-0.3276850431905665,432.4001851768213,0.7952802734837431,0.9297632811515856,-0.3252401926425898,0.7060733247468703,0.8739763180700979,5.877772093553073,8.319589872511969,5718.821305841924,13.359174132584666,-0.3261182021875889
08381_01,0.1645017530711967,-0.6689178779300258,339.82455152441474,0.901933532876908,0.9377542182139476,-0.9131274695532806,0.8177844848790161,0.9218594052852755,5.812254916154056,6.520628582010817,6132.745011762656,24.3480349950425,-0.9172419783389424
08381_02,0.1461097992842219,-0.3181298908950404,332.4852999631947,0.9010359369030824,0.936671488132514,-0.8048908085220814,0.8125180207297087,0.9239667972402892,5.897249927233036,6.184562741946592,4166.771708766716,20.339601246665577,-0.8049397932933585
08381_03,0.1894736844629349,-0.3801006835464776,399.13920981116297,0.8944288463164537,0.9351514345320524,-0.6279099541385389,0.8075924240993682,0.9156448118604888,5.9390438477812655,7.542355580578912,4239.564080107432,17.89805008249689,-0.6308455036169681
08381_04,0.0885194572577389,-0.3249240387086044,472.0043348916277,0.903520904543003,0.9385572902692983,-0.5542820192806794,0.808919770562734,0.9358157285272156,5.9021493233079525,8.052361274617622,4505.014212034384,19.05899188411675,-0.5579590340777545
08381_05,0.1128649559073578,-0.6568367328767581,371.8755531858171,0.8977585780705459,0.9437085697206236,-0.7426258226023383,0.8121236294627099,0.9338297135931934,5.642071161160914,7.5354074521878305,5141.42006212315,28.905216327420764,-0.7456339792204351
08383_01,0.0899756135665801,0.1228236117745506,365.0887561078521,0.8755912402490226,0.9352439011985362,-0.2656695336179718,0.7862106410244204,0.9204611282978998,5.742608412124763,5.185046452329612,5384.785524585514,17.84116250083955,-0.2674738343886069
08383_02,0.1588801463482488,-0.3896485499650519,489.455280652457,0.8954201517363808,0.9421552842008828,-0.8042997678061776,0.8134977525084885,0.920021472310648,5.915328507002429,6.603757709499591,4643.635559692809,21.389758162947487,-0.8081435899776038
08383_03,0.0966299125702496,1.2402689221090857,227.29202111563163,0.60837079800751,0.9150034796105884,0.019147010374842,0.6015806914858054,0.7007365140998776,5.7753249088202345,2.2780201542752208,5529.952793588764,8.837976067520874,0.0192438920076917
08383_04,0.1390010956495076,-0.0684449137655035,465.0107966431818,0.8864786220939201,0.9338863774726076,-0.1976336292635848,0.7972259749475411,0.9216137245888204,5.850491645481172,6.604220608879229,5781.975343082115,15.538794429436882,-0.1977414016701038
08383_05,0.1159774874036708,-0.0330474879004271,409.5797695140029,0.8673731625187124,0.9328518366510352,-0.3136674165836073,0.7801539115753654,0.9067446387450804,6.045809446553284,5.784904462056907,4562.800239917742,7.495753053923381,-0.3139077549732286
08385_01,0.1548201040578241,-0.4646328625062008,268.7007545190445,0.9236477961370751,0.9391835444186823,-0.6392131247392563,0.8372584962990269,0.9319163398326582,5.597289242363493,6.555044512237656,5554.484477231809,28.96628789566838,-0.6406109872938393
08387_01,0.1237715394276893,-0.1523217312894094,409.2820394627332,0.8770599854563862,0.935415253168474,-0.4055252481703242,0.7831266330208121,0.9117220411125748,5.87138372619501,6.846331856272043,5001.6957488191165,17.828717866723224,-0.4074199944968862
08387_02,0.1790535342293859,-0.1464096644325183,425.95533735029386,0.8960902700126007,0.9379835362705164,-0.4961542177555335,0.8093596772833165,0.9082668429393258,5.928591822876254,6.7280624041110935,4938.835973291014,15.54250246832376,-0.5008884027794136
08387_03,0.1713563666896984,-0.2218963626291597,352.5584841075795,0.8935339705677714,0.929372204510258,-0.4082382082582547,0.8011923517583137,0.9118421820795956,5.822156848485265,6.437396758674412,5326.4351373855125,17.01201839067469,-0.4114230954590305
08387_04,0.1686396929433419,-0.0271172488266619,422.89393687175874,0.8715879981348331,0.9303936559284404,-0.0654266868694188,0.7841444279310195,0.907487880771156,5.705497754330381,5.635331669594144,5653.196737132353,12.512712433742626,-0.0659173413853258
08389_01,0.1365068453050478,-0.1080820951179913,257.42498147491864,0.8634386256696509,0.931311507826544,-0.6602293163341859,0.7852152254343232,0.8954205615256621,5.752987453185731,5.12620596618477,4241.796636274026,16.779446066064605,-0.6660868628388678
08389_02,0.1046369945420166,0.3333812752748176,255.74131106009025,0.8700856833179509,0.9314333841217022,-0.1481991455888644,0.7885238878714477,0.8967516081464944,5.755250478091785,4.556303481163987,4228.228638410759,12.467603036625691,-0.1490544977481437
08391_01,0.1645819406095993,-0.3345156975400516,582.0338400340958,0.8685184834883712,0.9345524379731432,-0.7656327867559216,0.7964015102263002,0.9050380453590424,6.039274023285474,6.587348047024591,6100.173812934916,14.44060357198378,-0.7710347204322693
08391_02,0.0646240202977165,1.8994992970236144,278.9414828963362,0.7492341573034453,0.913177392734126,0.8565115326620101,0.7440566172642777,0.8225406204027017,6.121939499245735,2.50327971711802,4858.506575202948,9.168363961872736,0.8608356880141192
08391_03,0.0986304638045705,-0.9692748320962437,366.8589420025488,0.8548392269139162,0.9345470518383344,-1.2047923633251263,0.7750834237757334,0.905468597768509,5.98604812250579,6.92820681330347,5313.676167558348,21.94180950175689,-1.2116301300586614
08391_04,0.215630859412396,-0.611186517502628,345.6352525054038,0.9014128874404368,0.9274986541310506,-0.627802079802159,0.8171524435521138,0.9152875983335867,5.699375378290475,7.318357946984877,5748.513900519176,20.355010571083152,-0.6309503399453914
08393_01,0.2080543196264552,-0.6660733888760046,420.1703537057868,0.8629151749188708,0.9364451359453329,-0.8263813121884691,0.7788751357130731,0.8980208262676548,5.896635489971436,7.807166287894324,5780.132978037564,21.205609757135363,-0.829618684183478
08393_02,0.2165002762010015,-0.755610734382467,420.993055774423,0.8919341267036448,0.9351777542092524,-0.8484568372133532,0.8114926224671841,0.9130095819370048,5.917952366336382,7.756003020087284,5608.7206703910615,16.589215223441713,-0.8548444412780126
08393_03,0.1802175128765824,-0.3717373242008902,425.7902594626591,0.9005695047730323,0.9341302625326972,-0.5331923773707316,0.811379750522065,0.9177763464539832,5.911923713376241,7.189797729416499,5613.434349260549,18.17652060245789,-0.5338044256696943
08395_01,0.2138349713308036,-0.2270686353523509,558.1972951707961,0.91057810769933,0.9341551459735914,-0.6872386160882599,0.8237601805799916,0.9212331675804416,5.922217221360122,6.452980948133901,4806.930375091934,19.975697576902785,-0.6874441776482709
08395_02,0.2001724922044896,-0.5923217497113495,399.5753439153439,0.9089651090404356,0.939652621365856,-0.5864964103957984,0.825105993322692,0.9248536820340096,5.663177121913373,8.17421144707874,5740.46644899326,30.360462311661347,-0.5891989044429
08395_03,0.1658452094777517,-0.6892817741338799,309.18387831695264,0.8939899759236337,0.9388388179328868,-0.8635039719503772,0.8086744441655899,0.9166148309213232,5.670574675819811,8.208250816252386,5839.557316918926,29.472626487460342,-0.8679612523166585
08395_04,0.1120419065806592,-1.0848235813007163,380.2828139797898,0.8940968346697359,0.940598610741096,-1.2689200893177506,0.825140905890163,0.927410246225901,5.976342755190265,7.35472997897408,7690.356744260204,38.492287677989424,-1.2796267123853369
08397_01,0.1845703061141053,-0.4174643239104041,640.3683212212624,0.8863440274005455,0.9324792667901158,-0.7467997038430011,0.8073002146411556,0.9121595760782022,5.989395732629696,7.211064774892804,6098.785992735005,17.585934284151058,-0.7503004883348801
08397_02,0.1813295254713075,-0.5139371615249756,362.0603304357838,0.8876514511958385,0.9290401012323858,-0.7216026690175913,0.8015194552429652,0.9136577387432828,5.904218199285858,7.325897396712994,4937.1745632104985,17.925804941007137,-0.7269857147563503
08397_03,0.1783449776825961,-0.2610220645922474,453.093618174078,0.8626473446811078,0.9339585513320748,-0.5532439612950802,0.7837898270878277,0.887819422101232,5.901288302953406,7.526579165409585,6254.15620691416,14.536517410403642,-0.5564051752233649
08399_01,0.1593786781774475,-0.3413510894952445,384.3068033599416,0.9181710359276376,0.9425526633704794,-0.5723199233673709,0.8249320034362366,0.934495596786059,5.788382584529969,6.157126104252401,4741.691480017567,21.738798295705784,-0.5730509392549863
08399_02,0.1219513103454176,-0.6318867735869304,466.6481727360619,0.9106196630785972,0.9359996592798164,-0.7840611922126602,0.8199488135091152,0.9346357935300166,5.921081346250202,6.574764258916634,4715.15955191457,18.03881441798461,-0.787770228065914
08399_03,0.2607785950403923,-0.3571902942454396,398.1092138287223,0.8831218870773989,0.9404274720241412,-0.4668053183851031,0.794938142753991,0.9061451723215906,5.856341964368619,6.119309793087446,5117.4551742414205,19.061172459753276,-0.4700478329034697
08401_01,0.0759897828413607,-0.5445521480683184,354.8676251267673,0.8723473020452769,0.9358363495847432,-0.7891714263773166,0.7859987278490793,0.910776190266786,5.976753564185574,6.971981747051884,4243.47878700361,22.387546498806177,-0.8090562238494003
08401_02,0.2146753462648938,-0.33925505315148,390.36900731144806,0.9156864808765864,0.9344058525639798,-0.4334265655957647,0.8219960502087671,0.9240339393841732,5.695219676497204,7.052219448894778,4725.687688769431,15.55107619481367,-0.4350819449148445
08403_01,0.2621628559107951,-0.4037654993702592,430.9854375230814,0.8588618164777543,0.9317806545793096,-0.4791453379236219,0.7704233900633488,0.8963434698184736,5.778627695841901,7.326257431887855,5714.307053941909,18.05395538927197,-0.4813955217660118
08403_02,0.213145443899935,-0.5661840058137789,395.96716735344944,0.9070441850346008,0.9316508698463029,-0.936711365769343,0.8156189465018802,0.9209303683952412,5.851970537848515,7.180082843989673,3470.3503212616824,25.9292380293224,-0.9391437356277617
08403_03,0.2137297602589298,-0.2236610999616556,341.2975446654733,0.9116300950143787,0.9290535897263554,-0.5571515027443815,0.8151279518119324,0.91970369956179,5.771141541612945,6.753882650847523,3639.629581901489,21.95567673212911,-0.5604789572013356
08403_04,0.1664121111345535,-0.5069744249903084,266.5663182208534,0.8898072895419262,0.9322969235963088,-0.7576402209808768,0.800891203185244,0.9157290496917548,5.7970549985646525,5.673393926781646,4205.395567672149,14.223732878794724,-0.7625093615625671
08403_05,0.2285959139429201,-0.3332787487032931,447.3086770581284,0.911304367191592,0.9261174555269914,-0.3542424893097728,0.8209722137951426,0.9235413753498422,5.94505487217232,7.132851917215511,4722.740885761152,11.180780871264725,-0.3566205692088339
08405_01,0.2506890871346661,-0.1930773626121787,396.7386168542458,0.8921344587095367,0.9330942826016912,-0.6221377728310246,0.806631870192193,0.9084162686934556,5.876021560209023,6.569311284423938,4765.380764832931,17.211147612343243,-0.6251054291432332
08405_02,0.1931513309286219,-0.9504063057045165,305.6705624543462,0.8453925970173358,0.9344449541824345,-1.0215933046577963,0.7649381290196385,0.8891543889200344,5.696802616785839,7.79961578934863,6939.245629440408,20.676701159408893,-1.0267984081778228
08405_03,0.1966080170148071,-0.424675595382238,357.9671204344268,0.8899189633677768,0.94070843570601,-0.6634408595617627,0.8010815465506956,0.9217499541028192,5.6092084730978815,7.012722495016233,4725.4105473264,19.80201206748828,-0.6669562913889306
08405_04,0.2146529773831791,-0.4904662405694183,334.4978292329957,0.8968348412698676,0.9350148431984008,-0.9606832822435646,0.8099536714903554,0.9188178551536152,5.8494426248744205,6.588551458968085,4180.891067019663,19.596284109422403,-0.9652328693244618
08405_05,0.1153952548554007,-0.9239374376268984,309.55463731022644,0.8248422350917107,0.9390026711809432,-1.101868483430713,0.7400463744724742,0.8716747072003924,5.761733408421341,7.277210906652792,5954.539789401001,22.753927190342,-1.1027737011683585
08407_01,0.1798485309579285,-0.3552382118701136,357.0048648719529,0.8210763872066251,0.9324573263707464,-0.454132111680265,0.744696742120329,0.8349608154615294,5.746103095075014,4.665096531084628,4431.583335546761,10.005728574324053,-0.4561475417004733
08407_02,0.2286728202094589,-0.2040275073180656,351.50832752660847,0.9190202627875866,0.93083423002808,-0.5061115569729476,0.8262958460860217,0.9154590659421368,5.784402140130504,6.308685103100332,4729.771270778652,15.807839600845105,-0.5085197830330391
08409_01,0.2165875664319067,-0.1843800474261256,395.84733828207845,0.911398116303796,0.9320227443049964,-0.4679851418984311,0.8194246362905289,0.9188415865781387,5.871582303010035,7.377731759562513,2872.3920475659606,18.97822564344232,-0.4683926458902481
08409_02,0.261642276515201,-0.1296581271530048,373.8997901209022,0.9158727400527644,0.9349489506103849,-0.3300476579111891,0.8254347831940144,0.9082054319490036,5.625026810582192,6.2446405801175615,1849.6407236996024,22.285519379478,-0.3314897742004371
08409_03,0.3791986707025346,-0.4603894288643637,448.0611279563372,0.9125625684637948,0.9358074948905708,-0.7037119302418472,0.8234145664328794,0.9024385829556356,5.744899624320298,7.787543839883167,1733.4004997917534,30.258348014904183,-0.7075778505681617
08409_04,0.3312970962691111,-0.26951680361739,381.4557173237363,0.9032579495871392,0.9303898735491732,-0.6001760320815951,0.8141369162581139,0.89731929718145,5.666362965486384,5.937729986482486,1734.6066471877282,21.58941384557253,-0.6038099600472633
08409_05,0.197261202352688,-0.6130581166635114,399.4216497857421,0.8767557865910554,0.9324651497190536,-0.9738123107104552,0.79450058125081,0.901058844218324,5.857503083118749,7.0183998465837,1977.1095789667215,20.27228067618104,-0.974557008026504
08409_06,0.247812766807672,-0.69562244293306,254.1482194726622,0.8672786991271512,0.9317325310838744,-1.0478070595870552,0.7850064682564808,0.8936631595938054,5.552485749792113,7.654167045376758,3502.10390328152,27.7704333258555,-1.0528775418698175
08409_07,0.205073185749039,-0.5126259777553344,310.0775037354705,0.8555826480877478,0.9314853611143896,-1.0474523793811716,0.780160362899017,0.8986537689243574,5.799348439919218,6.393277112779876,3093.691160243573,20.198629997360587,-1.0525387670384785
08411_01,0.2503437099666826,-0.5099202364120293,371.3230201591293,0.8703599940084301,0.9380641549007556,-0.6174900349915865,0.784076449347839,0.9061670640198116,5.705878064137718,7.146133913298672,5635.582539612869,23.854847449005764,-0.6209161741150198
08411_02,0.2938473939846123,-0.4868342187590475,373.06767577620496,0.862316252820553,0.9408934511418684,-0.7714729954417237,0.7763700003040779,0.8969613879430945,5.824899269351214,5.780128710877994,4413.375027526977,22.32908185090476,-0.775311526236402
08413_01,0.1155051558453177,-0.1244811022577416,251.7663876929031,0.836252325364661,0.9306721354056802,-0.6135426231436027,0.759996756669392,0.8883589422251635,5.787814346299943,5.859611980544733,3674.100631019595,11.99374594814662,-0.6145155608640618
08413_02,0.1179270598388144,-0.3857544053294158,305.3323003636736,0.8967030675445476,0.93361008802248,-0.806663236787797,0.8048638643872161,0.9292671760674168,5.80828050943731,5.79197013725843,4749.662072971118,12.519935824659855,-0.8099401283046676
08413_03,0.1029973364516635,-0.8622334010293494,275.1346972629251,0.8671300914502738,0.9283194762650148,-1.0929663833525527,0.7917973576305102,0.9062150409659756,5.893246921068189,4.802288368431012,4087.886884108258,8.317508736485603,-1.1038649117591788
08413_04,0.1267268871147016,-0.3125529381010538,370.1872376154492,0.8706706221814232,0.9370541469217653,-0.6075639465594505,0.7861091759670232,0.9174906120128222,5.969758924262211,6.257067827748524,2142.531559612601,16.01722410551009,-0.6122573981473896
08413_05,0.1016045956019721,-0.4004229038883379,300.7321449444769,0.8489864191054699,0.932537749091657,-0.6988886030011936,0.7641077851639714,0.894205651618621,5.894754676613739,6.0264751474646445,4112.378690023298,18.38175055045518,-0.7051586883961221
08417_01,0.2257870337332478,-0.7727265996394068,361.6035934173682,0.8451449687597631,0.9382433987428268,-0.8512040316682281,0.7620123705630674,0.8927523407417031,5.773220768659424,6.120273246392911,6117.620455845111,15.441817947795656,-0.8552019294963145
08417_02,0.2745372870023497,-0.7934416838343358,262.3596467967756,0.9027040352314754,0.9334213666063648,-1.0141748287014278,0.8226954256769891,0.9166043284134928,5.685239532339249,6.106876431616878,4907.04956807898,15.890639582052884,-1.0211426989476675
08419_01,0.0513207512083588,-0.8635698668486981,409.6256380078543,0.8666333703007606,0.9242537765978082,-1.0542922287484875,0.7896297485173092,0.9113458521546098,6.113747843909322,5.880172436079754,8528.145123658423,25.88814982959084,-1.0805992476965869
08419_02,0.4309686764672006,-0.0676826348309766,476.14435708121584,0.9008447890933856,0.9188618732922992,-0.1316568478355277,0.8195096907842453,0.881191211068605,5.8374274677086575,5.295829519867993,3126.294439657357,15.65521932201001,-0.1345116916105894
08419_03,0.4117776827743188,-0.108573991690649,400.1054864794366,0.911658222654492,0.9306639788292748,-0.3719744714729495,0.8242001341028543,0.8961717168547761,5.81101607949571,4.855845560484783,4218.243817522702,20.45481061333951,-0.3732577032843159
08421_01,0.2431471464011173,-0.617878049220346,515.7429584439251,0.8752612572754406,0.930679347569354,-0.5048894929280611,0.7908800249755866,0.8998600140730718,5.772545525057786,8.121043516462159,5846.75522986346,17.961211619586052,-0.5074233527796923
08421_02,0.2578843974929273,-0.813199681222723,394.883087641786,0.8460416548274681,0.9324688164214892,-0.9329530515787436,0.76200388698975,0.8772406911815073,5.877700254933843,8.145009096726701,4931.206082967206,23.825210739508044,-0.9345558375446072
08421_03,0.1364298908042706,-0.9329488739557598,362.9204333208816,0.8722059639497781,0.9386486745353676,-1.040853240997775,0.7915004155712239,0.9135259009249184,5.825257424685499,8.206776699736464,6341.580074222095,36.66379220138545,-1.048777824218789
08421_04,0.2071107303690924,-0.575925431209692,379.9682555653377,0.8791078905479872,0.934656294614711,-0.722325352555751,0.7936038334837585,0.9075770378212475,5.840735407599911,6.523197059917735,4889.386831071526,15.670790006326444,-0.727497750490606
08423_01,0.2231276301139181,-0.8184072654652472,325.3030214506302,0.8035640015672821,0.938097466707002,-0.8738174583529909,0.7163968646638629,0.8701258009024875,5.715417710480173,6.56432614652704,5875.329712971297,24.68816643437095,-0.8764888105313438
08423_02,0.1988377867416802,-0.5363041197733456,393.19594323094975,0.8104187550411028,0.9337685100963397,-0.6750327467118281,0.7345502216261788,0.8491601089151231,6.016548598026044,6.050641425981061,5351.960341412808,17.255621719325518,-0.6782748053838173
08423_03,0.2724322075435237,-0.1081025478367725,488.4576535261781,0.8481872679480283,0.929470837098145,-0.3817198434096743,0.7760403125244371,0.8690145468869492,5.908449782974452,4.334440877900439,4802.777436298614,11.157857965455024,-0.3838908252489406
08423_04,0.3807630253818078,-0.3707756270900983,387.4052297904023,0.8329133635924847,0.9367675166538606,-0.4808816035837911,0.7527194145409538,0.8653180880424507,5.761539241713551,4.972511925126381,5433.284824277137,16.745138618079068,-0.4830046243947031
08425_01,0.1623601985036188,-0.8278092152175043,314.5713184880757,0.8754013523036457,0.930516364883886,-0.75824583770817,0.7948292106367552,0.9093759171787364,5.526976552902704,7.986507716505432,8977.653706688156,11.789479271928666,-0.7673407879776442
08425_02,0.2729588074121204,-0.4808874359575874,368.7349857800731,0.8334442621503482,0.9317166455329764,-0.6020704265195401,0.7455393793454335,0.8821369122162664,5.729853336758753,7.39800081015772,5004.059178152776,17.276672641360218,-0.605160162479379
08427_01,0.2404321048201275,-0.0687688445572513,416.03486653091966,0.8418193537864004,0.9258407398393254,-0.3529056105804781,0.7757961119000314,0.8605816941729421,6.016574348777412,5.517991241847113,2834.590511727079,17.32472296130115,-0.3537118614164549
08427_02,0.2744410611919031,-1.0260954428697668,298.8021994806781,0.832084914582636,0.9300032316684844,-0.9484293687639582,0.7702944460143855,0.8610419378470223,5.8064086325236985,7.476349291621844,3205.678078972109,18.66767456829104,-0.9525404450761686
08427_03,0.2825787427746706,-0.9508288265892576,303.66636144886184,0.835536149807162,0.9260801816813472,-0.9886682601854024,0.7639831703662128,0.8536922374921384,5.833032032844987,7.201762043769855,4188.320562965934,13.068588335588908,-0.9961897634750804
08427_04,0.3038560883726081,-0.912874138396636,297.5783040772732,0.8772755260817864,0.930357279184728,-0.6970855321637552,0.8005973684343806,0.8827315948227525,5.745577871363624,7.057284364318333,4020.2645820038288,19.373606367958587,-0.6999277681776185
08427_05,0.2946731040505119,-0.2557369313745996,388.5203715850329,0.8910110285724808,0.9315011200889012,-0.4487510438998546,0.805051067428028,0.90539796429681,5.854637903137491,5.808277602026131,4430.873944748707,15.359717186077273,-0.4501381789029123
08427_06,0.3045875065827585,-0.5637098623606034,319.68004860704804,0.8848444896920609,0.929941203695572,-0.6829154453401177,0.8047291131023234,0.9008954606408716,5.728121956454759,7.587024605180495,2622.4950178605,17.45803373990457,-0.6877276304337935
08427_07,0.261025296152968,-0.2476532196995947,329.346171776941,0.887276299238553,0.9300693801001008,-0.4552721423308824,0.8004335323026082,0.9017553123514992,5.750172630012259,6.200853028175406,4040.924712281516,16.394400727343914,-0.454921202738555
08427_08,0.2886692021879284,-0.2513484765553357,487.9040042783608,0.8907323630904016,0.9340225246724068,-0.5714691102163185,0.8079155443397987,0.9058329029614602,5.894365158107392,6.444603540510057,4301.181917316142,10.794269251916583,-0.5726026765577305
08427_09,0.3669054360336758,-0.2342626892274484,617.5808430118752,0.885198841797827,0.9298677146585268,-0.4078592439450406,0.8045474863516611,0.888552508483077,5.898653632306963,6.649106210239628,4302.51690140845,10.72728644184611,-0.4088916098432574
08427_10,0.3491566083483917,-0.1367098986456522,552.8048290571742,0.8671650322044058,0.9267470217307698,-0.3184124754593172,0.7932997598405663,0.8828213773564073,5.902329556355938,6.097545275288723,3799.08327252436,14.420884719075982,-0.3189177981753545
08427_11,0.1859766731219146,0.2475622129302316,558.8026030368763,0.8773527455019968,0.9221559030454018,-0.0811252606446852,0.7988805881563094,0.8906999684211362,6.196427153196168,5.920584019004856,2307.852855163922,18.38711860272287,-0.0823276198796137
08429_01,0.412191439726044,-0.1970924912362907,461.9164803461954,0.8251170321051808,0.9319695075880902,-0.3844840418047764,0.7466081923110066,0.8384594313756204,5.772792202223497,6.248798284495691,4536.689123652426,13.061260723291776,-0.3863782086596952
08429_02,0.1296038240896705,-0.5978676897918893,414.5918963101354,0.7767433059018312,0.9364914524352136,-0.8133014206062101,0.6961135262502224,0.8437379175362274,5.978241403164298,8.185405981060034,5229.7882095093255,24.01778381801367,-0.8131811118863096
08429_03,0.1900331557355452,-0.91728059710733,378.66648586978886,0.8797757256004569,0.9400056799140056,-1.0333754576912924,0.796405910348263,0.9068884401668392,5.854151213864054,8.022470621406379,5765.8839895013125,39.58599276953513,-1.038446411785296
08433_01,0.2560120465189006,-0.0762379820158475,449.6146563896026,0.8973494559093222,0.9348121830249114,-0.4849359673137248,0.81110846779159,0.901052012244898,5.854804032774879,5.800377378436632,3510.8095511257707,19.864897088026822,-0.4851871845133469
08433_02,0.3741498069664004,-0.2694529157400152,522.2010500542697,0.9178854556273424,0.9379664581282426,-0.4544757289591292,0.8294867386011454,0.920745267447683,5.937677167948615,7.249724053895606,5683.893786064314,21.164727986289112,-0.4566921533628538
08433_03,0.1733571441281288,-0.9177810356137804,242.56929995604293,0.8753677736824581,0.9396912180067312,-1.1822573406570789,0.798843763483082,0.9139071061798288,5.627461577359948,6.740014655233832,5997.85117768508,27.629307505920053,-1.1889053985444722
08435_01,0.3982312966334007,-0.5228000304112511,437.2339858424514,0.880923493139373,0.9341402964132104,-0.5043860306292757,0.7958797840964048,0.8930864969367358,5.695198459417904,6.8729457687322135,5984.73489252995,20.344699569326032,-0.5061148796936643
08435_02,0.1849092070814164,-0.6732503577850204,492.1296014283464,0.8207909009393215,0.933806258726692,-0.8355582049624044,0.7335996119182925,0.8771325212665162,6.016210902149821,7.255413658733078,4979.74630470486,24.43191897271935,-0.8420451866811763
08435_03,0.0728223016587331,-1.360501384355807,258.7985559752306,0.8203872078137425,0.9314558061887932,-1.6269900841468654,0.7495341540626977,0.8903422931439579,5.9086178391254105,5.359335429944071,7238.500490356326,32.301988369664066,-1.615732504921908
08435_04,0.3035512014233059,-0.720599737580972,417.2172735625514,0.8928104101691611,0.938521638944729,-0.749837091288197,0.8082315390878172,0.9143677646554216,5.803378407965045,8.384563845625625,4339.501509737112,23.01399917237569,-0.7515586199896577
08435_05,0.2465610524383608,-0.2830754818873449,468.0483766233766,0.9032532249435516,0.9305170087075048,-0.3323505802830443,0.8090646354874083,0.9170780640581772,5.820681565005906,6.557720303982425,5154.814557969898,14.626571578261403,-0.3336885155048179
08441_01,0.4214652853477582,-0.5090589043268372,507.2762489329702,0.8204931121039745,0.9265990943535576,-0.2824015435324741,0.7375374472248415,0.8457435736381774,5.8465855949065215,6.70069350317451,5834.42062352146,8.414545277212309,-0.2847033350399218
08441_03,0.1402083954674993,0.5776251021880792,462.84360321977965,0.784138912419381,0.912292262438772,0.5386515325005278,0.732514950736499,0.8250780207667144,6.21613998207335,4.855999834543732,5258.671092849627,11.164387069446658,0.5436199704289951
08441_04,0.1344390994563837,1.5235291707089844,533.5158285730365,0.7813222722512242,0.9132643065902506,1.0590276517390145,0.7560734096615269,0.8291265918227925,6.513931517433536,4.694878515676029,4522.555345652046,9.20003965075241,1.065366001367272
08441_05,0.3456461546994044,-0.1851083786910884,528.2028769452073,0.8156830431181256,0.9179512550334976,-0.1884372773407976,0.7305783215303219,0.846481657628605,5.895769508374696,6.153841804267085,6013.572918231167,11.839476798875742,-0.1880286870914488
08443_01,0.1261182149721401,0.4327085770335361,573.2433338137791,0.8350468924957194,0.9252727837303284,0.0243280528981673,0.7653386988149128,0.8769282948482914,6.134761412133463,5.342413884755096,4252.417589291299,9.487243558716722,0.023222033359317
08443_02,0.2239864584772402,0.2047213368954243,452.0151932257728,0.8335230134030339,0.9214845297823344,-0.1003551174955149,0.7665451534567002,0.8802908205776901,6.05533842240284,3.833078644293052,2300.884237909424,11.264179532394664,-0.1015793740152758
08443_03,0.1321836935110926,1.1293124839676991,541.8583356372685,0.8610530859278831,0.9200173499470072,0.5136046957623608,0.8029064192134239,0.8825947764185764,6.438990723277942,4.875067373920595,2130.7694484816034,19.634499623334342,0.5152514202680838
08443_04,0.3217635194991624,0.1537215014920001,673.8525694252237,0.8799547770818865,0.9170868753322268,-0.2159496823297144,0.7998042339701507,0.8727986396901457,5.975719254657454,5.465014460171568,1266.76316839585,17.349703913230933,-0.2213682562557313
08443_05,0.2660629930665709,-0.0720119116460758,529.7716389156461,0.8614326984701183,0.9204428346726108,-0.2426748966259097,0.7862653104150301,0.8463948479329425,5.859275040833827,6.596101081236856,1956.0917405374985,13.027579808990744,-0.245623229428647
08443_06,0.2187909125749712,0.4299411864619446,552.1386467966203,0.8547373959493015,0.9205849493209318,-0.1246972564954481,0.7875569980905407,0.8671315562243143,6.002766626141785,5.1743398697595735,2586.4570500324885,18.1004936913504,-0.1246783350661619
08443_08,0.1977348213305776,0.5931753610665853,460.2854551736051,0.8602518975218018,0.9257707191123232,-0.2630339179484067,0.7967958223042246,0.8886270085166886,6.149393350492461,5.361624288593738,2132.305859433538,18.24377178151146,-0.2637291215568583
08445_01,0.1217821552393631,-0.0247962058941587,412.8231215034672,0.8825567161625293,0.9201118493427032,-0.2711505330884808,0.8010479980199035,0.8950017891964311,6.166369879727212,6.669889774198982,4682.737525673553,10.727480369465438,-0.2715151074847127
08445_02,0.4092954644768433,-0.4363676198631013,552.7690155781468,0.8859125811125045,0.9250987788734292,-0.3339617184956474,0.8061343460632547,0.8828796717179528,5.648363018888401,7.011569721668073,6130.5643414254655,15.55104371398222,-0.3342773887753621
08445_03,0.3400911083247079,-0.2678822379828203,1017.354480818814,0.8719482161521175,0.9074948255330032,-0.1062552355295092,0.7862897313797151,0.8743939056597693,6.143883935832027,10.19138280249824,5460.1372193241095,11.513222602374691,-0.1090052995901571
08445_04,0.1900414115379297,-0.0143235866418411,648.6552818991098,0.8694854488790336,0.9205535591162938,0.1293868444480438,0.7834261285086476,0.8821288850036678,6.057151846058277,7.585059866959426,4875.311854698923,9.94822793697671,0.1284221540017175
08445_05,0.1593114756999709,-0.4016041761068544,471.97982065849817,0.8922880338050971,0.9263257312273392,-0.3979588087419955,0.802046098043408,0.9018334683591652,6.005486280377837,8.170101361765173,4871.676265199924,12.854819574589346,-0.3975978113391865
08445_06,0.1082434179198862,0.2378292694553973,520.6454759002111,0.8529704429536843,0.9177507759118846,-0.0273666745584098,0.7803618922079081,0.8894301340914148,6.24538936725849,6.843427430571408,3076.7170716445926,12.21452304844027,-0.0246243772464764
08447_01,0.1404553857958958,0.2356585918457733,716.3458080355662,0.8909278211372397,0.920267244651292,0.0696245164212377,0.8081348266814654,0.898156600623118,6.336501264504123,6.83920449262232,5475.442189932538,7.707698217814888,0.0694479099816266
08447_02,0.1640335554473158,0.1088121375162014,511.1588863807374,0.8231563369865961,0.9204836699888538,-0.0215208897829855,0.7458278904976114,0.8758620561901517,6.24819687545576,6.064862040869922,5452.443036654674,10.72057544291487,-0.0203688480014367
08447_03,0.1665819910286125,0.1400819087124421,920.125116865168,0.8806452324963422,0.9185381404584853,0.0502662465016369,0.7974445753583868,0.8895069843134012,6.499318225243616,8.003394978973093,5385.08154158215,7.585360659286271,0.0529991151603742
08447_04,0.191046524138415,0.0955508407232178,699.8011813740374,0.8730059032747542,0.9076732387592,0.0429746221452252,0.7869343065260809,0.8789558973093047,6.245596637984061,5.439330224357292,5787.81816103516,8.041312092071141,0.0390340514360499
08447_05,0.1988759176348073,-0.0293971255813873,561.0334632097102,0.7806871707561743,0.9027751724903696,0.0195079783764523,0.7053335672013842,0.8443477416856935,6.1631534116289695,4.991961176580994,5553.770634975792,4.754991548732934,0.0181504929216658
08449_01,0.1563448642345332,-0.0518034340578673,731.829044043843,0.8714571696355174,0.9082022905193782,-0.0452923784825284,0.7848047523711468,0.8831407502093789,6.115746855084565,6.507041341210583,5745.2240250307295,8.191937682791565,-0.0422381444195339
08449_02,0.218695587574402,-0.1110257843802581,650.2833470179891,0.8920254751703048,0.9214837957093004,0.0586273256374966,0.805114477069972,0.8908353778834923,5.925263087598951,6.3159893914631065,6137.537008400552,9.618815873046362,0.0592252325639229
08449_03,0.1494014428358619,0.1025026116255762,537.7338832601093,0.7845173309073455,0.9155526874765074,0.1218744172787656,0.7051473883265907,0.8424273564291557,6.075316416513432,5.36070390465559,5670.1908886312485,6.639628925954044,0.1228380635111402
08449_04,0.0981300978412864,-0.1524036628034427,736.3738022533431,0.8986617088852616,0.9291582803039542,-0.2122363148060214,0.8042410266274068,0.9295848063629188,6.175464575726312,8.463143192551334,5102.863371785375,10.166222870273051,-0.2124297397117352
08451_01,0.2476296496194384,-0.068236659892448,577.1477761836442,0.8620363974442602,0.9220396449480488,0.1822131966846633,0.7776194196822244,0.8729877278381898,5.884031240058024,5.156072398014846,6423.915738529493,12.03446189717359,0.18404452881392
08451_02,0.2012615355827123,-0.0085876268113139,700.2279794022717,0.8647972242650254,0.9141626240562511,0.2123807170919548,0.7776725857944451,0.8771341213995102,6.087260080142196,6.1189777002557335,5985.896505376344,10.155369844249366,0.2127506281553436
08451_03,0.1925718711713809,-0.0102941547290417,789.7025116595414,0.8781992033208565,0.910776741236183,0.2555906868141593,0.7918159650735492,0.869927797507955,6.040540262740801,5.666912780706694,6120.937193792761,10.216404094755756,0.2551396321481632
08453_01,0.0850584565451864,0.4694916734718145,428.0612607449857,0.8634057725047042,0.915855402299537,0.0641219673096051,0.7880450930363069,0.8823120131026416,6.093313858225271,5.986478479749498,3691.2093663911846,6.629036979037892,0.0655483738232294
08455_01,0.5563425359971581,-0.6903335600396127,476.92878123073575,0.8770786339484451,0.9273344302801788,-0.4419381830486434,0.8007619210828802,0.876211323838456,5.630006026571969,9.857884179627266,5783.902230269114,11.792182151602534,-0.4425483107023387
08455_02,0.2599455191000781,-0.1382696285806522,718.2920901694011,0.8781841647927735,0.9138225725342972,0.0396663458471632,0.7915398503043156,0.882542895006289,5.996518778334533,7.415022274258967,5632.892134324994,9.369332373221946,0.0392233219940292
08459_01,0.1623313623232512,0.0127459317283112,679.8909664547858,0.8815108050652637,0.9114703086983572,0.2145005329699618,0.7943883782768187,0.8818265364751545,6.110676039642361,6.833051970229438,5903.259170705439,8.384476114044364,0.2162096605582808
08459_02,0.1747838710275311,-0.2814475185291439,487.9749397972955,0.8818276534910238,0.9292451804535996,-0.1925438719815989,0.7955022014494532,0.8907815050712214,5.833384815071224,6.289548805210929,5103.86427184466,7.622205487814607,-0.1930870485758092
08459_03,0.2196996174991622,-0.3947903470913913,684.6716620117554,0.8746643382125311,0.9241976123986536,-0.2623394912147794,0.7845875011318941,0.8854557235186067,6.015736729191349,9.675662970011969,5452.188144987361,15.02937039854832,-0.2628610531737068
08461_01,0.0617383474450704,-0.102539293042731,541.60752224239,0.9097813986616066,0.9268444344689136,-0.286230980578329,0.8196921819593506,0.9297203246741766,6.210848316884818,7.209675106809362,2827.087492036526,13.225456670063924,-0.285839409959812
08461_02,0.1784310321090464,-0.084794194940223,489.4210945273632,0.9126438344449124,0.9282824926260664,-0.1379316951308243,0.8177299326804434,0.9089801130565042,5.959034376402367,6.592379674946459,2944.62196219622,13.06926707118927,-0.1371041503577851
08461_03,0.1273174277423483,-0.2207761883731946,545.5863275909215,0.9098408613827218,0.9324653984938648,-0.198108320940637,0.8214512167655305,0.913885093683336,5.877717606452499,7.336930268735571,2397.455535850013,15.046469612252992,-0.1974285301094658
08461_04,0.131665295025418,0.2888293365626857,632.9282740094022,0.9013391663746207,0.9206396190556476,0.1805876311940652,0.8120890139330564,0.9105801135588112,6.268022399485666,5.497869477386336,3973.139008228355,12.033923363667345,0.1821143516605794
08461_05,0.060009156249038,0.5143287521656785,536.2761675856543,0.8693696524891572,0.9160382416910452,0.3137247396779961,0.8026138731638374,0.885507522627862,6.393249005427876,6.309883025913259,2150.980924986753,12.038599307975266,0.3109769805169486
08461_06,0.09413554134305,0.3638446556635677,727.9689761479799,0.8810058644587028,0.9149909749968363,0.2905238240884946,0.8044393692371437,0.8857109948231923,6.329785155677263,7.545004908891409,3042.343154149758,10.360994207149846,0.289258523635994
08461_07,0.0604171511029016,0.8764066794211126,502.33084023495934,0.8715620285587888,0.9146814089251968,0.4829512839653234,0.80230685152022,0.9005326028910149,6.460900714443418,5.470830540512252,2916.266904287661,9.507867289714778,0.4854306144387045
08461_08,0.1443124644113507,0.2170682352969701,567.9529771951171,0.8817093734976215,0.91732840971632,0.1846972913420103,0.8060801519595552,0.8785660988601122,6.092630192650321,6.177256738948179,2076.6552101234183,11.63711391827015,0.1857184605729972
08461_09,0.0973041917003942,0.2879817066927218,609.4112406472942,0.8743748292137357,0.914962908815564,0.1397041857224428,0.801655894128771,0.8801932858257373,6.171588152826362,5.134576165150032,2111.9793426010133,6.4102390008200185,0.139853441952339
08461_10,0.1366115080094055,-0.1902598812953401,461.5838981180847,0.864792511124861,0.9186529280457668,-0.1647933740907774,0.8009921828039535,0.8900213671170972,6.146109024909264,4.920312203212025,2302.505149893549,8.150660278059144,-0.1618081337563501
08461_11,0.1480071759834731,-0.0849043035953582,589.6624408703879,0.8867640684776418,0.9275147397811092,-0.1883591764523973,0.8066626174676763,0.9031841819434584,6.066990039656716,6.887122519309276,2528.074199806013,10.614956687034422,-0.1901924181448866
08461_12,0.0697557993443304,-0.1012729149274402,527.6789595375723,0.8651355817131396,0.9234480662317288,-0.3251832591543803,0.7916573218692734,0.893723682540704,6.119615100190389,7.3073830769376675,2767.5606883130185,10.29103536796678,-0.3295732002424296
08463_01,0.2178291251542674,-0.3160009864184424,481.7992455760804,0.8294675502894434,0.9265365479672398,-0.1777600192194196,0.7458166489675964,0.8530243837945185,5.834011439622381,7.781462245072191,5744.7686558789865,10.100663126683324,-0.1770950148358344
08463_02,0.4308811866125658,-0.6678002771111606,799.3438188393267,0.8869804328835479,0.930077957738646,-0.3496499983837695,0.8165151879515089,0.8813383019357602,5.795475739425832,9.549341880765324,5850.110779126466,18.859840656643694,-0.3511069752950234
08463_03,0.0940747689083387,0.5293486978900939,469.9918731364944,0.8663755354392858,0.9113940275950642,0.4001817570884269,0.7886206151509437,0.8702424994244818,6.199297334463697,6.849372646454556,4377.196047706103,7.555506619265948,0.400899520950452
08463_04,0.3833175711599452,-0.4507770466002466,785.8701958521652,0.8530886298807594,0.926828707966714,-0.2642331336296624,0.7700609676925992,0.8712524506357942,5.891948394158062,8.234333997638712,6022.98917119538,12.075542065133796,-0.264358379592911
08465_01,0.2438741525169104,-0.1575526406002798,581.5443236799664,0.8504090212429991,0.9247843167847054,-0.0710962203194924,0.7654846319924167,0.8802111838765856,5.975838810596323,5.499678928831036,6059.166928298216,9.750977793534762,-0.069456343867877
08465_02,0.1702112245230468,-0.0245763637981729,506.8333935443336,0.843495039712803,0.9203828757005358,0.1036393860715108,0.7573543693923406,0.8668752370507721,6.024833322037452,6.239216274318508,5853.338343375488,6.707586863513143,0.1040958566664091
08465_03,0.1236381884149591,-0.1236883150924616,457.3987036140595,0.849830245579458,0.916585274157924,-0.0518535210545521,0.7632037859536587,0.871639522799338,5.956508955359145,6.512755123618872,5848.857855183109,9.661550038290468,-0.0517949103611716
08467_01,0.1569267526396454,0.0998714053243323,589.468059502778,0.799944787200735,0.9201555633471852,0.0637993831771551,0.7243485005759175,0.8406912028498937,6.049712270560847,6.0460625155072,6012.306706584111,7.362668310047413,0.0656943424906389
08467_02,0.1706690826225518,-0.0477784297246716,450.9522055520618,0.7669832092918223,0.9188843040044108,0.009504702929805,0.6901951828845634,0.8134811664731018,5.927649527497505,6.197419285265564,6175.387475712978,6.974812902634239,0.0099060920142233
08467_03,0.1556218629434029,0.226912496851595,377.65407911001233,0.7145846338966224,0.9265595073268234,-0.0809070375298616,0.6586686196171253,0.8085597802592916,5.877604134309332,3.8697418965643022,5891.001703391496,7.569994076059591,-0.0815368577696831
08467_04,0.1123242758624761,0.3204633778598409,700.2792321116929,0.859173592047672,0.925389676070492,0.1083685712652586,0.7765783887791279,0.9030171769110368,6.212006396967913,4.931884679838969,5631.021192116342,9.792283650394973,0.1094852507661371
08469_01,0.2138498709079691,0.0850712952561635,507.6928080440834,0.8252999692341529,0.919869185097306,0.0494916229233199,0.746621972440813,0.8496993919918967,6.016934589337158,5.73194527559065,5525.099119722465,9.88462183754483,0.0490540818181264
08469_02,0.1191244874143646,0.2776908811872762,1003.9641397011642,0.8913024885694283,0.917552933679426,0.1877837145882372,0.8077787653815426,0.8889460944003197,6.363619332860756,8.065437518881792,6518.9960691427705,6.040560937602784,0.1890087588601353
08469_03,0.1064710671509108,-1.050126167400624,631.5816407462327,0.8418483242106719,0.8879370714029962,-1.5844063106788913,0.7722591623154631,0.8543125005707508,6.423505785069226,7.025141828126975,6376.526794059611,2.747415754870436,-1.6505963991623842
08471_01,0.131241778001909,0.2142145875116894,639.8733182816318,0.8722703055455692,0.9199207927345348,0.1250635219646089,0.7937382385587678,0.8827511006800209,6.150126653484791,7.244762103624028,5909.238680827278,8.81201512564207,0.1247391709995048
08471_02,0.1402191989709079,0.2506096395759441,498.6598044261451,0.8199796731586664,0.9172550085833058,0.076522404728329,0.7536138849077952,0.853423013602639,6.1439298418657575,6.369320797488607,4999.698580999103,6.753956967771875,0.080421659232545
08471_03,0.1185508398930001,0.2957771973834725,556.1890869006063,0.8414228354711962,0.9157191075819308,0.078053675675129,0.7719019203385306,0.8684868920355715,6.286702394604352,6.083896880379886,4891.876483090748,5.996338980189152,0.0799955817634182
08471_04,0.1325443234579212,0.2142908998868636,585.701830169376,0.843983059452665,0.9125303984846496,0.2659004712078084,0.7646938636606085,0.8633114269683672,6.1138692936807,5.99642467585138,5945.257199154856,8.447328095509466,0.2667863771959748
08471_05,0.1140847392054474,0.3901803021737457,517.8831808345686,0.8271767457314069,0.9181641731126364,0.2204234040743686,0.7544671320631848,0.8727704480824701,6.183040969657492,5.102465323747498,5137.397206210729,9.111941389582324,0.2215484746316043
08471_06,0.1609935549565817,0.3422969129195393,409.42492633038654,0.7676434083263162,0.912516607227408,0.2034447286833348,0.7011192241726091,0.8209949697215758,5.908342844574711,4.174306097435591,5256.26884272997,5.712708701892714,0.2043161823421841
08471_07,0.194745089052604,0.1578404744100827,531.3430938927302,0.8585859019137638,0.9250589436563714,-0.0374755380087982,0.7748377953915677,0.8843500783451198,6.057552687106299,6.438397937228045,4651.364364308312,10.348214784250713,-0.036537193142014
08473_01,0.1292280655599261,0.1691657507999535,550.976249910848,0.855622106005931,0.913687147641576,0.2609574304945958,0.7735984431809271,0.8782217612788789,6.255637508829556,7.439654947933717,5080.329351153588,6.8800089902828745,0.263095370730961
08473_02,0.0996253175948618,-0.0330312406114847,633.0985212512013,0.8688800664327274,0.919655644349779,-0.0864662815539297,0.7792764758122429,0.8950718261350699,6.122813063257219,5.999649913188888,5320.085564155364,6.556816118570353,-0.0871667408244835
08473_03,0.149964294445143,-0.1351657692680927,723.6193409642733,0.8675909205545574,0.9127497858977256,0.0777240288990644,0.7776548423110333,0.8835184891530914,6.147417392559379,9.222049786884025,5178.33956028165,9.00000784604947,0.0762439975301775
08473_04,0.1216061994362026,0.1065534673582094,472.6483295265379,0.8557644685515707,0.9214938224746588,-0.0005882488200934,0.7735842057774199,0.8825918139315265,6.146075582609377,6.835945360448136,4833.289757305858,6.297439440467915,0.000360711491214
08473_05,0.119269212959657,-0.2234856938553441,371.4886897293422,0.8458513380135196,0.9216886573969706,-0.4228590342739915,0.767428896200251,0.8973259589784932,6.054958257101107,5.421298136303966,4938.081509374755,10.682354189489818,-0.4282066351060241
08473_06,0.0810180949768791,0.2774398520461881,583.0215512444823,0.8107524358736099,0.8892867847275449,0.3750478759913577,0.7296108493992884,0.8459538209628588,6.271604332771516,9.201883540371677,4859.570954445693,5.710409866021845,0.3809391911550362
08475_01,0.2723459732812227,-0.0579480194582791,480.6900759219089,0.8459795334054102,0.9219233904608484,0.0618647380647898,0.7639422014055218,0.8587168234835728,5.935415110416944,5.300227222356541,5850.942532531872,9.424803654760211,0.0621907925555949
08475_02,0.1271803503316768,-0.0245024307267764,375.5355932727864,0.8005397679194042,0.9152560587471524,-0.0832583443526715,0.7240777558773146,0.837297303878888,5.915343038530091,6.536417923833709,4846.783375046594,7.792926053242926,-0.0873765393826529
08475_03,0.0724699561452553,0.6454059237789936,589.532181273144,0.8402499063564034,0.9065496990441968,0.3163241815978198,0.7656796176642222,0.8758718836158632,6.312027955746727,5.5994937851232125,4899.224246787771,3.790282603624268,0.3120630843732856
08475_04,0.1970281159288293,-0.2419337353844349,610.5260445138617,0.8178967732904141,0.908494919607089,-0.0739169962125309,0.7308536241662,0.8439036512960129,6.160732145231114,6.613075989686255,4724.788219574658,8.00146235313657,-0.0730875413535631
08475_05,0.1058842881648855,0.0634965515925702,491.54132976449375,0.8963178792992351,0.9228688643518936,-0.1063370422858777,0.8076962033316293,0.9093129130520948,6.171706387199061,3.216304184791017,5473.972844234924,6.995185798100303,-0.1047788932636238
08477_01,0.1382662308418439,0.0021535811041635,684.4557687222729,0.8727626942601475,0.9092140663057884,0.2544030502130051,0.7860704477272189,0.8838515220540848,6.100596735301511,9.690319231329555,5412.5630175015085,8.199762739504456,0.2536601463973723
08477_02,0.1821616450746203,-0.2011739677328021,576.7919501060888,0.8824159079911044,0.9247207266999294,-0.1591983148927813,0.7956009318723094,0.8924455329867639,6.10485544987977,8.349382065931822,5154.465075669383,14.64477274204715,-0.1602377771910686
08477_03,0.2147959987453895,-0.4075113914372677,665.4163576509762,0.8879042440661127,0.9246147094887688,-0.1214928207888879,0.8073111691027954,0.89218491661145,5.732099231770593,8.235327445481726,6226.176109625391,12.145036272822626,-0.121436511768094
08477_04,0.1441100690054337,-0.1845213004209071,679.13625984555,0.8888622116545168,0.9180797421902136,0.0076621489037187,0.8009682839961472,0.9017037497389202,6.025708739300825,10.127201367232756,5950.506558037513,12.418688887439131,0.0068715015846536
08477_05,0.1221484226570614,-0.0348900614739767,691.9095253560989,0.8789637428790796,0.9044392909130052,0.2351199450054848,0.7921118213613547,0.868240561910604,6.097307750926355,10.651000656082232,6642.691665562476,7.61071429889677,0.2356646958078537
08479_01,0.1395572038257287,-0.12210832372664,545.1568511393904,0.8836549372794786,0.91141074510698,0.052009926161757,0.7946365003520077,0.8857405272798332,5.93561960793756,5.495309933455182,6283.273838849823,5.746317336612853,0.0529738989773941
08479_02,0.1080506641270862,-0.3033900930634143,469.6719765795731,0.8655015259963673,0.9121507873477072,-0.374290440374889,0.782906451895074,0.8838836089262425,6.051041671042806,8.597102824436238,5032.783538044345,11.41653562328925,-0.3776932889600749
08479_03,0.3133061427001888,-0.3810563326909898,546.8177794751977,0.8700841408312966,0.9273791237594164,-0.191116689466421,0.7847581570141576,0.8890714070270664,5.873648246534776,8.653320473625987,5915.89019707136,14.6503737525593,-0.1928780976890684
08481_01,0.1341119674791053,-0.1247550912452663,383.9897075308265,0.8669980602112058,0.9256167969046372,-0.3428832429118408,0.7888641093155225,0.8946627794106616,6.082687026005473,5.138983782767211,5362.878824849934,8.936920000784678,-0.3436793986569811
08481_02,0.1466255734009868,1.0392906340715464,316.6259946949602,0.644825597501736,0.9128834799110332,0.4613617629104369,0.6255249718130494,0.7269986986152457,5.944966784453593,2.824270032172288,5779.633955242152,6.724923774405571,0.4653821939873832
08481_03,0.4957075241653625,-0.4618366056197142,573.556227271459,0.8525330214499849,0.9278662586150666,-0.1370575351701899,0.7721922496719776,0.8524807449195515,5.793961102494471,7.693733547322846,6434.484298745959,10.010931690193232,-0.1381572384003301
08481_04,0.1390297846467176,-0.20396714105465,315.47795317300563,0.571642659265003,0.9036115824639798,0.0679022880656106,0.4907776087944278,0.6387938942932029,5.788966237961479,2.701601817808871,6616.3848624862485,4.754034652979759,0.0690868283090414
08483_01,0.3218278766241056,-0.4179162190226261,597.8323037245847,0.8777596127034998,0.9198367580515276,-0.1403514699236111,0.7897791094008042,0.8758524524544724,5.762686552480963,8.279798818950123,5807.055123133852,10.030087316079351,-0.1413837723504487
08483_02,0.2573529410281143,-0.4276548356825624,636.1525325949002,0.90656804885577,0.9278666623725518,-0.1794274330146519,0.8252724379318637,0.9066772314041576,5.799284445081739,10.145923640305336,5625.824361373428,11.468429028563056,-0.1809006799335379
08485_01,0.123127082677721,0.0815417508683921,904.2248127387272,0.8814028674389162,0.9129896151118678,0.1139436874278144,0.7894170628933261,0.9033029293358926,6.341864172350575,9.15923580783172,5222.610921316631,8.030106378577031,0.114702650139413
08485_02,0.1366669565912309,1.449131255324721,369.3355006278274,0.62407673090242,0.9002885121467048,1.0177364459833866,0.6076882163256736,0.7112431407772367,5.874305407150814,3.043844746079787,6541.101201168704,5.5907047323098,1.0259920618145568
08485_03,0.2161937678837371,-0.3538457570735128,668.7709994515462,0.889751888609279,0.9214087798512756,-0.1845585514221147,0.8029241582205696,0.8957747437013659,5.961487189761822,9.406376175902912,5758.957487621002,10.715633101935085,-0.1876409814135411
08485_04,0.1904293388132234,-0.2298803683388439,600.332052553297,0.874301273968813,0.9224109002991188,-0.0852089329414048,0.787606978818184,0.8878230914430378,6.008903332634271,8.510985236897383,5696.6377189173545,11.963807723857304,-0.084816624220743
08487_01,0.1409306876321592,0.1738674261231861,411.2669075638459,0.8828246046670875,0.9215551167494896,-0.1493650516511912,0.8039183725814395,0.9003429033693816,6.067533830536722,6.119421564293532,3439.837515842839,11.412246858099772,-0.1517464738506286
08487_02,0.1542565963194991,0.0607043752391292,535.2868385758028,0.8804620220757075,0.9153578393044016,0.0203087908618386,0.7946934184099546,0.8897299009355336,6.086697772998111,6.356104757716007,3051.224417147155,13.401589123624625,0.0194285409595642
08487_03,0.1779958249930141,0.0925993404510273,496.5716047173001,0.881961785845293,0.9194128737858516,-0.0195701706359537,0.7942158174315028,0.8934130984683658,6.037092717266734,6.114185941783434,3561.583667689403,12.257627491429188,-0.0218924511981906
08487_04,0.2128630314330553,0.0111996715814468,452.69009451058014,0.875991190520838,0.9203736846543774,0.0664947863419431,0.7889124872046932,0.8861073472056891,5.952604159810314,5.78943132202618,5162.079425133338,9.921173327942022,0.0670950299143948
08489_01,0.153509102464209,0.1251448807423605,851.5320038398414,0.8718041688796241,0.9217304725439512,0.1129955611507423,0.7834659942834497,0.9055763162696334,6.293720917634943,6.630957739170366,5538.315337185027,11.854228053474204,0.1114521707639011
08489_02,0.1027891159062374,0.2912001957282666,826.4479242405433,0.8758604482419206,0.9154249656727376,0.2023840158905377,0.785708910283752,0.9074212767398794,6.394639502031203,7.466395261559059,5618.522367182246,7.844589541350443,0.2061812331037105
08489_03,0.1212190067776668,0.5613376112092142,543.0814675384717,0.7956695599553052,0.9060960876799043,0.3762377833841032,0.729489853326495,0.8435144508167073,6.278753552520786,4.94613092882461,5920.386790653314,9.110210173131849,0.3801533273740805
08491_01,0.1456848922906131,0.0679066959890008,590.1942965126267,0.879343305844391,0.920448584418602,-0.0116586578884867,0.7895938031599802,0.9060973175076736,6.220223167911088,7.177109240454238,5403.117480473211,8.83093994609754,-0.0109180557487644
08491_02,0.1237389401802764,0.0625003035727994,416.9413269839013,0.8204511148675615,0.9226273563250936,-0.4585437606496761,0.7519891376327382,0.8651957242517079,6.159825006207735,6.144777733005849,4703.603102779573,10.329709120557638,-0.460159977682693
08491_03,0.1404219709295769,-0.2815971841989856,376.3936764211234,0.8052380802719956,0.9226351283567636,-0.4390182914237474,0.727675709688695,0.8546335969993447,6.004321912588616,7.15142308890114,5035.250118806433,8.615233497971015,-0.4438031048386675
08493_01,0.1308409850854113,-0.2810565130566431,477.5362172914697,0.905125976872162,0.9276959902298736,-0.2425212071599914,0.8159509308934075,0.9092452644819488,5.965353203237523,6.409672000116547,5065.869817209095,10.87859124862889,-0.2444329423560816
08493_02,0.0890744596123157,0.2695262762363655,425.20614233684415,0.904302086556278,0.9199693303284316,-0.2866331094570652,0.8139190931595066,0.9159341795060644,6.263081534618747,4.802888906149697,4532.200036447576,8.9718603998006,-0.288963890773953
08493_03,0.2371383130642694,-0.3101009443368392,477.4529752479373,0.8792748164407896,0.9131370276763044,-0.0849273939842575,0.7917335636399742,0.895042203273322,5.939638441114452,6.461809434029629,6068.42533975572,12.026851380981451,-0.0861825307594881
08495_01,0.1539822308393366,-0.2373541436972709,394.7803267545457,0.8399393990719013,0.9263507408402396,-0.423403022597446,0.755805190208271,0.8895083670898339,5.931122316443697,6.846109286538875,5752.821104901022,13.033119755763362,-0.4236944071274041
08495_02,0.1136695377386183,0.0409977618602202,498.7070990424895,0.8319931205493449,0.9185119049891184,0.0335939156206516,0.7513357501870667,0.8731200963936141,6.198044293004661,8.11146860596083,5874.480976921353,8.725569896680419,0.0335899100761609
08501_01,0.1475688399892652,-0.0953046350556557,619.4610660398818,0.8541729742952331,0.9231583758776216,-0.0136223195342321,0.7680561335633007,0.8907107853801159,6.037757225375854,7.835838037944578,5724.916956382375,12.068369450036204,-0.0139469277615567
08501_03,0.2062004122256804,-0.53084406484351,348.5274262579526,0.7431080645892302,0.907408183177692,-0.5543102322970059,0.6640367742063771,0.8039784185712393,5.953756243078817,7.12669197184014,5520.936885669943,9.87276804234665,-0.5562734023517351
08503_01,0.1536994761555789,0.2994989525268743,424.0468203464116,0.8952770821259128,0.9165102472357132,-0.1340764269465101,0.8112752723520594,0.8952946556873891,6.103343917946152,5.506196320600652,4004.728510391773,10.518148703124256,-0.1330825858199901
08503_02,0.1751699283633171,0.2444564280395477,407.545665814548,0.8889146650088502,0.9151610385762368,0.0145568829666786,0.8085295300863439,0.888560129720382,5.982994351314927,6.227152614974897,3327.721776275642,14.39111923504814,0.0142931939347773
08503_03,0.1526685974980292,0.3953380387275071,374.5458987357234,0.8898725038129444,0.9128377287631372,0.1298759291511178,0.8057144452697713,0.8858525920690986,6.055941457912572,5.410070001076873,4231.333909804444,9.29280075442452,0.1319925899515855
08503_04,0.3025157586512521,-0.6476400696080533,390.2381779677137,0.9050871593075818,0.9263720884052274,-0.4306873130072685,0.826729609889468,0.9081140297795184,5.63624696098196,8.387306412628538,4772.647188998367,14.85353548782059,-0.4317896383024986
08503_05,0.2929295715947412,-0.4907156733942175,466.0110817021029,0.91757927932703,0.919071960970582,-0.2175400553854881,0.8297644590067198,0.8962866057965185,5.759394111838315,9.29167681900259,4297.671629669735,19.40180355187728,-0.2176983861576896
08503_06,0.1955184025426914,-0.1783874981177131,424.1307453788567,0.9143877348215592,0.9170291499705188,-0.1729438802430264,0.8202826015086571,0.8908335695718231,5.740079621135431,5.410618425959076,3707.778493743821,8.080081069057027,-0.1740017981818539
08503_07,0.1672818516455557,0.3236351624398824,526.7848740482668,0.902271529783782,0.9098151126123668,0.2321343045195125,0.8152146601590533,0.8812059264115628,5.887148956360661,5.126520511718864,3399.9101033537227,8.428906621591741,0.2322640693303106
08503_08,0.2279044720686073,-0.2143454468804737,551.565100671141,0.915475504504193,0.9126350950637152,0.0075697933357016,0.8237011473022533,0.8959196473520026,5.917009536533299,9.166852857850994,3215.0133401222,14.659282023985703,0.0057481364476299
08503_09,0.1936753897531384,-0.0102503987199372,531.8842857987116,0.9188216126304304,0.9068889048717824,0.168426765615458,0.8233692982560047,0.8968137780598995,6.008593346377928,8.47325212254814,5128.393361794239,10.827703050816616,0.1692460661219844
08505_01,0.1996508147055912,-0.0936800784602912,885.3683576581541,0.9037996224584112,0.9157922422819504,0.0584277586746146,0.8169901146303599,0.8909604307170147,6.176364335305993,8.027280679518416,6845.412013159291,11.079220789648076,0.0582768161263739
08505_02,0.2453145170188095,-0.1758060643653985,621.4530992868897,0.9077836000457508,0.923297847669441,-0.082281938342912,0.8230075920812944,0.894520066692414,5.995894129396435,8.130712261862374,6424.965511404511,8.077986157236,-0.0820986656720535
08505_03,0.1941655393305404,0.2498398168636631,527.079628139499,0.8872147273940175,0.9135187372542448,-0.0860720904305739,0.8015631043670305,0.8906140426600675,6.236033804095932,4.89133455167663,7610.355497106786,12.749414472302096,-0.0904208468426425
08505_04,0.2632341540686024,-0.1638930275722934,574.4881966057901,0.902350530498343,0.927555944075734,-0.0971500349793038,0.8191424278811232,0.9011658111020192,5.95578266363519,6.432615626964566,7336.330453382544,10.879181262851224,-0.0963540793575643
08507_01,0.1860284933756558,-0.1176932874836957,590.455459500094,0.8894410850974003,0.9200395109862722,-0.041091121578812,0.8034098133176207,0.8968494642811822,6.082439856484289,7.757974199383233,5680.991168629193,11.09151610401705,-0.0409704876947065
08507_02,0.130313778356404,0.1414908497415239,582.7550951202143,0.8980845730942046,0.9071237299740488,0.2903716599414803,0.811670777671936,0.8807108442055401,6.159760359783552,7.6825286385396,5968.835894345686,9.349422938623103,0.2926919273083959
08507_03,0.2596140884817894,-0.2047776210535075,703.2391258157535,0.8911176892121803,0.918779210616719,0.1005647608901848,0.8055552821655687,0.8810403824861451,5.88908185574332,8.595644714398393,6501.221744133687,13.61604375288315,0.1019661450525008
08507_04,0.1367224024853683,-0.0396684717417334,511.3707922912205,0.8913868899109042,0.919684176809034,-0.1045955401765243,0.8044725378221306,0.8985067494983621,6.154236174226286,7.668448084543584,2958.018166972852,12.468201763017705,-0.1046647948405039
08507_05,0.2537596121737509,-0.1922790378589824,690.2989169013762,0.9044365906570826,0.9139444578236022,0.1149678715565136,0.820138084782435,0.8787094571605987,5.902313337213773,8.369863824602882,3430.3068643865104,12.083291053804324,0.1147528334462511
08507_06,0.2194099243559721,-0.2176579624107024,834.1146420434105,0.8983617793460847,0.9201873411736357,-0.1532604142010876,0.8136005449970425,0.8892638293733734,6.016957810025897,10.1437310862297,4226.973288814691,13.971856722435511,-0.154785704410312
08507_07,0.1283137434762671,0.1689150541765432,623.9705507680779,0.8934100596004745,0.91319327123664,0.0642851880683541,0.8091542675592801,0.8950884718926521,6.232576496901581,7.199925456431659,4759.174000388828,9.489287709618058,0.0606667643163447
08507_08,0.1469577209686835,-0.0871791725591597,619.208696319607,0.8987646858504686,0.9112182675945344,0.0273205475893508,0.8096273071530289,0.8917926627717291,6.006269889568899,8.826409825061955,4168.393673110721,14.241075239500958,0.0260355008870122
08507_09,0.189302448940642,-0.1389825503482347,966.3153891379436,0.8976318577286516,0.9178230202216768,0.0134739379312461,0.8137072630881014,0.8892116750161604,6.121777661855679,9.18776112672136,4703.026547031997,11.259137380809827,0.0140772642064669
08507_10,0.1218129361444378,0.2658959838205838,1001.2606776379478,0.8963253019895553,0.9086493083023154,0.4036975320497732,0.8114592247701626,0.8798090215867163,6.306217590287438,8.999086203633242,4984.353547523427,10.781719099335067,0.4067854671161779
08507_11,0.081705503916949,0.823366784275705,671.6034162437956,0.8843436010545105,0.9093811021734376,0.613775219252945,0.8079239077699789,0.8827700076382816,6.464241863803904,7.31331873246382,3962.843252698494,11.76636287625888,0.6162752403539823
08509_02,0.2729156827167378,-0.0366154355836481,508.4233642806131,0.8930645288521619,0.9313782280083855,-0.3603397136966395,0.8122492504094825,0.906164303779768,6.044669862233035,5.156983532175116,5498.249010848756,11.294982583350729,-0.3636511177155467
08509_03,0.2787711206568371,-0.4745958846248526,395.1196729493975,0.8959314710283158,0.9302973376023436,-0.6071581002714769,0.8179067484821264,0.8993641009182245,6.120241779003262,5.2663600749688255,3789.8263103089207,10.130666275972924,-0.6117846694848157
08509_04,0.3544303946771276,-0.2234269185478917,452.5324962630792,0.9119447446916804,0.927587758294576,-0.282658597170924,0.827642876752441,0.9031352295082938,5.960720690526086,6.331834907521343,2095.9846075562905,16.299663372151866,-0.284158969878828
08509_05,0.2865161298292931,0.0999874027134008,567.724707422236,0.9000560133518025,0.9238188463933124,-0.0232034300934681,0.8162228810822246,0.8959300027537079,5.989159728755191,5.339916690224561,4239.945974490211,16.64198848455816,-0.0220657174100912
08511_01,0.2608855487640698,0.2804787094985163,386.2734908581852,0.8561833858578469,0.9171163012198034,-0.176864391978174,0.7962824581950853,0.8577411666516844,5.933205749178232,6.532461514430402,3623.7331184592736,10.261164635072074,-0.1784047446464355
08511_02,0.3240366935228668,-0.1450203948369674,429.42172132877465,0.8811504817396735,0.9209070882389953,-0.3330767104420636,0.8136761599085299,0.8692075958517163,6.002066220740301,6.093948760616689,1739.9853388163776,13.21420847815052,-0.3372782142946375
08511_03,0.1985370924432673,-0.6000275074918867,414.3501357572896,0.8655226024194836,0.913333456164826,-0.4864542972331069,0.8023113197729462,0.8493167864283601,5.827721285779384,7.3632437538529185,1762.0716957605985,16.681268207417663,-0.4906166745098423
08511_04,0.2833534154971761,-0.345393177383727,457.8505545079741,0.8771216146289927,0.9130218971487292,-0.3287518533494432,0.8016268131454665,0.8622695519871026,5.859928529222796,6.399423595489582,4044.238653800253,10.94797158084184,-0.3307620110565816
08511_05,0.3369192605918569,-0.4503574803169577,352.609985300294,0.8707180478309289,0.9105687247854878,-0.3960922120665296,0.7986865275928203,0.8755700007681698,5.949455731463024,6.989707397502328,2814.020507232019,15.771693867002895,-0.3958264146845096
08511_06,0.2416141438316496,-0.76382368657566,307.86691759338464,0.8615308037102041,0.9161261469441556,-0.6223643334932626,0.7861658325692344,0.8730873270699181,5.784431344575044,8.006093077313825,5322.670899820602,12.333194453369725,-0.6294271771040664
08513_01,0.1162053677207306,0.435078870923101,674.9501107560818,0.8707378385032639,0.911180802443462,0.0166238292898937,0.7980836835469675,0.87551319671466,6.297780190597292,5.131638106696444,6940.089912679643,9.768326071785308,0.0152292435685757
08513_02,0.2900871751641839,-0.5115864240132681,472.70114758130927,0.8848027854267573,0.9216747896583186,-0.2276857296720555,0.8007915212541779,0.8767060660024516,5.748855194623905,8.910180930887382,6477.132009104076,14.056926934399597,-0.2288764413812339
08513_03,0.193437103108406,-0.0129965505642889,394.1483991992055,0.8599717764344191,0.9137041092037465,-0.0635189251691,0.7825661206983805,0.8742435090141538,6.159129881287109,5.103070942494597,7040.531251997869,8.794700544374198,-0.0628930318148463
08515_01,0.1238431757526243,0.2546478206713933,435.8786347537729,0.8810572640614801,0.9198637421781406,0.0698474817427426,0.8010752152604763,0.8923878731927587,6.143510739734796,6.650540756982665,4034.996378819791,10.86033025375242,0.0709116359528246
08515_02,0.2448197626586882,-0.2259607363835435,495.4776017265884,0.8903722329381504,0.9238801970691326,-0.2791623342863983,0.8057084170587521,0.8966814461693002,5.91104796735852,8.172128155991635,2411.3712969058597,14.954749031204772,-0.280905150356628
08515_03,0.2145025617377634,-0.3800759657718096,415.2009617469108,0.8854453596042884,0.9266900414823313,-0.4127427542595451,0.8011895321233861,0.8797730014116312,5.822598897116509,7.2413595918440254,2858.088597059096,18.85871451899668,-0.411873515313942
08515_04,0.2728011031994176,-0.355405436361958,535.5962567578694,0.8979516917788768,0.9230641064441306,-0.4407223672830724,0.8112723618555233,0.8979987456035345,6.020730694163431,9.162118483495888,2384.0211756115373,18.54199548560089,-0.4403487414476276
08515_05,0.295655535280772,-0.3910995525256991,504.444771611929,0.9001046371316616,0.926906579967928,-0.4421432613286229,0.812374787389212,0.9030651696876356,5.848807457739658,8.992238348572554,3189.8707413551106,17.65586754197697,-0.4441125059276519
08515_06,0.1828784803771561,0.2488859813036407,418.3309834884231,0.8928144605678322,0.9225997233574746,-0.1009817524466213,0.8137511434816256,0.8861278375361171,5.956278627786195,4.89889068261652,2296.3786455758773,12.495142044455974,-0.1002309249815241
08515_09,0.2711664177597647,-0.6535092934491163,484.3952966846476,0.8916586257494997,0.9262831077467036,-0.5993019324673096,0.8069609467314935,0.8918291906576994,5.889985188510992,9.090446891155176,2707.0121644095984,20.46751286922175,-0.6021188313424868
08515_10,0.2579129353637391,-0.4998751475930335,525.6287763529667,0.8988724549103339,0.930717046078656,-0.5235114277292429,0.8108176638476529,0.9033441785885729,5.904468215752241,8.647622585610028,2853.4757359500445,24.063970674884903,-0.5261692503309091
08515_11,0.1131635088162856,-0.1934797649569065,460.92173869821306,0.8952080986546508,0.9272167774320788,-0.384346024719706,0.8082837014899829,0.903557168454327,6.054503925782462,8.116106579085082,3003.534339693404,15.52093914382225,-0.3854767594191047
08517_01,0.354609964704467,-0.5506778072326655,680.2906744332134,0.8712168106941963,0.912668278734571,-0.2685490194285776,0.7904568318394103,0.8524684848630828,5.878292713923303,12.460223782487343,6156.930275560366,14.587236054724514,-0.2692135496313008
08517_02,0.3633234431084665,-0.5393932345979132,558.1334582162556,0.8675318425470121,0.9132023477690704,-0.2106678325898137,0.7861067937110301,0.8458574591868924,5.696775140965178,11.708081070723749,6444.506086511608,13.608413175971885,-0.2124887740738544
08519_01,0.2400879539538294,0.0861329297241789,415.2438135430654,0.8790328614455784,0.9100468826380445,0.1280862595027265,0.797422390281123,0.8618559652952547,6.008927301282065,6.1816330780368896,5702.861473609814,14.468878653928126,0.1272443624631488
08519_02,0.2503549219109076,0.2272873272686085,476.1164863233829,0.8815697364968023,0.9096663116315632,0.098163213010433,0.8040521306934258,0.8652902848026722,6.072864917529474,5.069201494663414,6056.842798153995,11.635756694193107,0.0977377719040049
08521_01,0.6933456870857361,-0.643222632547956,505.1649347851307,0.8316968039596164,0.9165947591377236,-0.3547182971774637,0.7511760756821082,0.8192835788065889,5.620055173115667,9.551148078791684,6371.675258863196,12.230159505288489,-0.3552559829263627
08521_02,0.3337630737450465,-0.129430133425021,419.1324748895887,0.8581564227291472,0.9141663087655936,-0.2477287416605475,0.783139036262928,0.8481877535090923,5.930730325077606,7.098313391943591,4100.960548110224,12.314592075974174,-0.2507283101422646
08521_03,0.242771526244183,0.097406314323362,516.9606856000922,0.8783430210654938,0.9090408924306796,0.173447723859571,0.7959066571862995,0.8527480815365188,5.819262648719629,4.236436613248756,6907.710559346402,13.531884611444658,0.1727930869888578
08521_04,0.0830609420816525,-0.4527065897333261,373.3668473956747,0.8122838108770382,0.918907377066204,-0.5307766110792124,0.7354125420710471,0.8535636757053287,6.016419169672297,5.161449160412115,7395.237289532799,16.982779392123057,-0.5327428361366747
08521_05,0.3663558479491803,-0.1197349064303607,613.6663865690326,0.8870883072317183,0.914922588224386,0.1001396329991327,0.8062171554459733,0.8582074839715526,5.829766801730224,6.8729769906657845,4289.922719031166,10.831980690496254,0.1014740084806799
08521_06,0.297868500533833,0.1068097373178251,540.9609719939411,0.8759225946029899,0.9129442821206246,0.1027554133156606,0.7979984649870312,0.8557467822605244,5.876866559756935,6.6391875981990935,5118.898818122128,10.735939479445086,0.1023840619738375
08523_01,0.1891707360016691,-0.0274797618013044,478.4926204819277,0.8685681054712223,0.8991045218152254,0.2285894857792707,0.7914903686763239,0.8448591735010746,5.94436547598324,4.48247887956775,4718.370718623793,8.968325705738165,0.2302360145006445
08523_02,0.3922120422427614,-0.2321544894344425,644.648282389879,0.884659360731714,0.9121550456442388,0.0599644344014237,0.8027991659576492,0.8343846593768318,5.774590383401904,8.780482266338765,5585.847148703956,17.121181569309186,0.0602523768443493
08523_03,0.2727068707671198,-0.0754278686929858,494.6481069867378,0.8772617477948984,0.9110087547204502,0.1466991752967222,0.7932483745188439,0.8560541257598568,5.865595010933983,8.427003136726567,3874.563590498213,12.766764903709998,0.1485584285665163
08523_04,0.6699286396900349,-0.4879957804153076,612.7134015097682,0.8715080705078653,0.9148422821731942,-0.1382610178619226,0.795588904134436,0.8435209990448703,5.656688049116721,9.071407242036022,5320.231436100781,11.291444678330883,-0.1386669176110976
08523_05,0.3769404765769216,-0.2868524277371819,792.9035351681957,0.860936871641726,0.908149630974777,0.1181743867798886,0.7784093090061538,0.8245284502760659,5.757035273317326,8.90299614284816,5377.470659707839,12.788463751014838,0.1181174715008107
08523_06,0.2979323881404885,0.064298754626824,460.26119301428895,0.8870270962669208,0.9133419078501755,0.1255804421162425,0.8018872766902604,0.8626814595299623,5.831359973013288,6.25737060232265,3286.354886113152,14.604629964508376,0.1254027945441364
08523_07,0.1964919790225641,0.193454185272902,569.3661570462818,0.8773854446125412,0.906168681156883,0.3426735568719796,0.7930681076158932,0.8538958339617212,5.995532011144041,7.018838292478638,4413.631182166764,11.126337928953852,0.3445833066362856
08525_01,0.3644646690501697,0.0310636709970823,580.6922750063737,0.8752942576185423,0.9197989424402032,0.1408231265301175,0.8014235308983058,0.8511241345353613,5.860535227769858,6.693611272482592,5776.452891135495,13.023246333831397,0.1416800251686997
08525_02,0.2091159262014295,0.0128029624391471,397.5056447149972,0.8851100729960802,0.9145082290843362,-0.0874985357705904,0.8018223891868225,0.861280630604326,5.918430079857938,3.869534947856157,6094.63338341144,12.2156616444449,-0.090184219039086
08527_01,0.4503539179274279,-0.5855674705753824,366.4324035083638,0.8781517256554704,0.9223577405964416,-0.5561223065704362,0.8004109539525438,0.866318681984245,5.640050217725766,5.698610297241505,6017.237443114782,15.40721186370594,-0.5600714042636861
08527_02,0.2501876613344716,-0.4886561963361288,347.18444686179765,0.8361438907895403,0.915445057082922,-0.4433807820478661,0.7493802981030664,0.843740518281212,5.823654109890442,4.51489422471442,7513.395746497774,6.293194316089312,-0.4484779540088769
08529_01,0.2701816924753412,-1.5603646683448595,459.5900424686004,0.8381715895680698,0.8976159048304345,-1.495645513858286,0.7758786959121694,0.8375666486884975,6.1381937789017975,5.248690857489299,7166.0338259284135,8.115467675644737,-1.5311566083795995
08529_02,0.6130115688347972,-0.4255540654436075,916.5641098195736,0.8721465705489778,0.927082373073975,-0.2538511076170388,0.7937763278577392,0.8533892666485382,5.871102634752888,7.726970923249668,6290.468789859694,12.620754890342052,-0.2548186395361265
08529_03,0.3579407781108459,-0.3076534122907505,684.7535764461547,0.8600657664606567,0.9135328106709484,-0.062335003680351,0.7761404009410235,0.8439370717101329,5.798319100504823,8.263525857042417,6328.997748559078,10.927264243032528,-0.0625117615518851
08529_04,0.152828869722746,-1.804813604498957,328.6541746021994,0.636165023595823,0.8719698942558097,-1.158737095359478,0.5994157234034306,0.6569366388940817,5.948396028843884,2.6692348338428022,6902.522769612917,8.517165269857164,-1.1721724097590942
08529_05,0.1951408074377009,-0.085203733580781,548.8157898501996,0.8758783493302927,0.9201794554688308,-0.195698688583926,0.792744586882805,0.8737798551484113,6.034093629171111,5.871402838533474,5972.887018630438,7.700681185461814,-0.1990595585472405
08529_06,0.4192896335033511,-0.2809928261658886,1173.6992758459587,0.8765203825443114,0.920585063898444,-0.0274069799255119,0.7975159719567655,0.8715051890632755,6.055959881546033,8.101474267289529,7871.578194691681,10.405807430023136,-0.0272958306919189
08529_07,0.2998221384089498,-0.2257529210080122,497.8751025481666,0.8519523437958559,0.9221238674639616,-0.1579513368669333,0.7709675896375786,0.8540880936823424,5.820663732378753,6.030878848889411,6093.305166306503,12.35822112889883,-0.1585657837543809
08529_08,0.2669351897679178,-0.3149652518409394,500.2380098853946,0.8777119471525546,0.9210559637535302,-0.314941229811871,0.794084046238665,0.8831707738662213,6.013651706494947,7.443720980466029,6596.810446910224,10.444176398490807,-0.3183845167001076
08531_01,0.4982526033585442,-0.4731489637101528,499.9628737687466,0.928671281317846,0.9291845224422456,-0.4393892926292129,0.8519844056452962,0.9019710156008092,5.685852583025986,8.504302455013462,6561.128521020264,23.18456549583352,-0.4405962013783924
08533_01,0.4087835302212994,-0.5864757206415017,571.6595950140414,0.8950495613219118,0.9264740984513362,-0.4682644529420486,0.8193121103556498,0.880385960934612,5.723894715742412,9.042885885707191,6318.368448334297,13.785614638073202,-0.470644592932239
08533_02,0.1708891449493355,-0.3829619053449195,413.9319775793595,0.898537239543681,0.926012524228478,-0.4124361605418503,0.8109396185526816,0.9081810418702836,5.92355282835741,8.133630079053788,6981.456449735923,12.615719002003068,-0.4151830300132746
08533_03,0.442210925896237,-0.4852100336927714,566.3155578127645,0.9109110726304868,0.926901647694355,-0.5724314933559036,0.8323356532594405,0.9006862731811005,5.759380546247018,8.26598172012912,6178.236527423469,28.063613438919912,-0.5756050653535234
08533_04,0.1653878149547067,-0.3061911697798788,622.5678117145251,0.9072573438944732,0.9287949300063936,-0.5905219183057329,0.8256274755668065,0.9204468672947684,6.056483559836865,7.008635073387705,5560.075078626918,11.371462116424228,-0.5961900775037705
08535_02,0.1757586709885873,-0.3528731901835225,358.7539367911023,0.8489121343055703,0.9288856480800448,-0.3109150435726449,0.7653825285510124,0.8717968804516628,5.702205918717689,5.639783935613131,6077.424823568948,7.2552528077743235,-0.3101125666938027
08535_03,0.1666426943643218,-0.0845993981667723,369.7192732077965,0.8642978503101553,0.9319560880618312,-0.2603791604283984,0.7784280168722414,0.8914080101754313,5.744427320398634,5.8813494641040105,5431.643778600502,12.08634859178358,-0.2618111920299719
08535_04,0.1788345468094687,-0.1579800657048422,524.0847845826501,0.9155963084733754,0.9338517644271664,-0.1449715151606109,0.8298003840423934,0.924474291096016,5.787453765885997,6.516183731945508,5400.754828610235,11.353014611838038,-0.1456587306917126
08535_05,0.2945768141755918,-0.0973148028760881,785.0658673879669,0.9234218317206108,0.9261546623539962,0.047329577210358,0.8449319684746738,0.9039295956537984,5.955104978538979,7.312499020067488,7550.182322913913,12.260103184523,0.0472033295064851
08535_06,0.1792526089927953,-0.0060893309286041,677.0249182391658,0.9097990443003144,0.9294256223763668,-0.1584172733808283,0.8169979097400801,0.9329440681797316,6.047666707512323,6.971050629812967,5630.657713290772,10.527095386055482,-0.160028233174826
08537_01,0.3895274368242838,-0.227399117650239,652.0999738914755,0.916152124286218,0.9289581116722596,-0.1774673729817884,0.8390528186415117,0.8941222375936071,5.842104896722939,7.181895616125297,6486.303538175047,13.154342694602024,-0.1789778204995427
08537_02,0.1649574275785772,0.2152738593898213,501.5971806838747,0.8438201333940083,0.9107321126936052,0.257872065575606,0.761096653429584,0.848406283903607,5.968893853669704,5.194174642683727,6058.730074528716,7.429286687987709,0.2608284312404532
08537_03,0.1511351258832967,0.4298340601485052,561.6096196668746,0.8640130350203912,0.9136168937820272,0.3485373506251986,0.7826491090106735,0.8747277926216691,6.172212767819246,6.115932435618895,5090.277605676027,7.891787076046166,0.3513371363195212
08539_01,0.4046329896693887,-0.3440366167688181,1003.68593252123,0.9083904536151752,0.9367506132524231,-0.2445325548747839,0.8365314634715498,0.8992606674690825,5.91349223741067,7.346653990631977,6718.794961734694,16.258671879305584,-0.2461878379900263
08539_02,0.1369360132312422,0.0102674870490111,444.7154559940013,0.8528003658342022,0.9379015908097836,-0.2325638910763751,0.7716045798265372,0.894031835994896,5.924552589230099,3.6572226059501696,5626.138887613099,8.575200703903437,-0.2330631805103581
08539_03,0.4479101282880722,-0.1486940693697194,904.3315147851888,0.8373347768582707,0.931606115420161,0.0351543932024312,0.7514131037174588,0.8658690710232769,5.971547631969388,4.599558839917368,7706.829719387755,10.351909964999816,0.0356957329438839
08539_04,0.161628530243282,-0.076687027057032,648.2140370986455,0.8607534905510268,0.92946664205541,-0.0914758440688747,0.7753096767839889,0.8968672587952108,6.011624183712794,5.48582728472411,6308.116545287572,8.6742877847033,-0.0925093432057997
08539_05,0.1482837325581979,0.1572255689469959,440.61588494615887,0.8203696030795136,0.9061079604701332,0.1303350802461712,0.7453880578468232,0.8448920458563652,6.041307391919529,6.274602914025161,6366.5775306400365,7.919359719017002,0.1312886484543131
08541_01,0.2165235185490292,0.0635822166533184,354.6876820580856,0.8362602754096471,0.919601703501873,-0.2175118031505727,0.7590217740813194,0.8530142187759127,5.9296041559491925,4.283997051825407,6412.443867605113,8.46890488633217,-0.21942790201905
08541_02,0.1514946305833444,-0.1797895028369998,650.1327435232691,0.8603926340274642,0.923903702525752,-0.0813611359659236,0.7762271069043766,0.8849419437576242,6.007049393310785,7.894935404611065,7804.541059801662,9.718073912392304,-0.082564013343941
08541_03,0.1909386600849686,-0.3127900136854616,450.32275578021154,0.7701699240975602,0.925016416549238,-0.2491287569974904,0.6838811845561178,0.832018141440164,5.9010468031400505,8.053092325004428,6994.543765929248,11.780377038770965,-0.2501250280494478
08543_01,0.2681820633767699,-0.390945880951363,498.7803688940502,0.8963790865577634,0.9191484544611848,-0.2071106388911879,0.8133091934444726,0.8973121558146007,5.719580372553542,6.774712118645855,6230.622841043649,12.234761966378109,-0.2067074012137285
08543_02,0.1126338402908269,-0.3853853191437735,441.3001287693874,0.9130678200706178,0.9341466739880792,-0.4275563718168074,0.8244316017692062,0.9268798405264962,5.665083438078143,8.351199158261016,5838.829890339425,19.67318173235916,-0.4283808058720167
08545_01,0.1916678714904574,-0.5428423006467803,526.4442315845673,0.9201571019134888,0.911562762290098,-0.4501907041865739,0.8297065968416928,0.9161345545726584,5.984954103988191,9.33289348195311,3922.653134202777,12.23824502964808,-0.4535555432735414
08545_02,0.2740715437934701,-0.7641099973990214,397.5259236995212,0.9211916344081134,0.912590708862623,-0.5396969688871622,0.8398466041604058,0.8886670961345634,5.722414700972684,9.48763316452743,5647.8087811571,13.672673361211668,-0.5407346098980643
08545_03,0.2933524290542941,-0.6154423664632696,386.961512775011,0.9257039126754992,0.9105188206550322,-0.4707070781109719,0.840354518821309,0.8996804094365902,5.675168508130209,7.846994047408109,3588.66767564123,13.214529792982296,-0.4746571980959481
08545_05,0.2266434928199039,-0.62998925654338,454.4458185232379,0.9193184826274426,0.9112515783780876,-0.5048481999492559,0.8312632077969567,0.9187079011687777,5.89243101554753,9.653148295645764,5094.03994377416,16.040483676108177,-0.5113982752701071
08547_01,0.5633426633346622,-0.5477061020768041,398.7844379624085,0.9056198042517712,0.9158051837797548,-0.3970166600674593,0.830267145709922,0.8720506668400189,5.618639419743005,6.574372044558031,6359.778215880623,15.425001903310038,-0.3969817784617348
08547_02,0.3918890860582373,-0.4348274028471355,352.7387413052252,0.901906053392752,0.9138679119933304,-0.3281012334742081,0.8234394264832895,0.8791406483801233,5.766890406131121,7.382759493375796,6142.925571112749,15.086027532505664,-0.330405825426433
08547_03,0.3368861979793514,-0.5920388769450876,413.2409375930247,0.8926879307151709,0.908736837347235,-0.5421101368647906,0.816927149297378,0.8558787300965497,5.684704942928052,3.884317620186813,6603.083437242429,6.677662792632847,-0.552654242177437
08551_01,0.2816097045346543,-0.2595723387400328,457.9095759701559,0.9201382662306308,0.9287408766106098,-0.5979389456790396,0.8317150997579315,0.915091428469372,5.969112839947559,5.822996234883958,4398.450556129581,17.83456654493585,-0.5986130353127788
08551_02,0.2896481966382355,-0.5675853681539142,343.4579013036183,0.9180561086630318,0.932442291979144,-0.7204443900436848,0.8331705320700235,0.9073325538986332,5.770310987591038,5.126389430867633,1525.4838567783936,22.30034432167428,-0.7215841155371497
08551_04,0.3814980954431833,-0.3349778696955885,418.6402903811252,0.918111397675203,0.9235639361673484,-0.510119180880378,0.830153111017198,0.9031490896761524,5.845056370972158,6.386888073089306,1432.9992784342023,17.939654684672476,-0.5120585783205697
08555_01,0.161124261023416,0.6603393782872258,226.97382951612377,0.7624166198265389,0.8991569145352931,0.4951640246049762,0.6864354847758741,0.8014536264485643,5.473438130497894,3.750245900430228,7141.560642440629,7.344219678647542,0.5000922243178887
08555_02,0.063966181377161,2.3498920557918352,298.2669655682758,0.747637561739923,0.9071395724591904,1.3524997570219643,0.7412974304089033,0.8071371764888412,6.002274648629808,1.875981177947362,6410.146592320128,6.8702158258681685,1.362409470735113
08557_01,0.1603221511547028,-0.071404468415566,399.9307764568689,0.8065091552355521,0.9226628564576338,-0.1971024781524051,0.7149500013876627,0.8572687162950966,5.6326163779035054,3.7696157095880647,6405.271998982706,12.983005925561043,-0.1967126338321082
08557_02,0.2179375994771542,0.5405541198241383,331.9489746425315,0.8052379708883717,0.9056883780851136,0.2924926056591035,0.7347211496891896,0.8149765493014796,5.856908590481041,3.461450061056752,6686.806472257184,6.368113857552815,0.2960496168351603
08557_03,0.2323634264993256,-1.351306480136426,368.5565960996976,0.8139798532858804,0.9144875635874272,-0.7146621134466735,0.7490576231517058,0.8246756287771577,5.94541233805537,5.046792104471328,8052.936063978335,4.443801257334654,-0.7194059678310942
08557_04,0.518524366978287,-0.1824087801972601,493.10960655877466,0.8542084953920017,0.9266611905308346,-0.2555303870308281,0.768488199093842,0.8748601228939472,5.598829629377766,5.2320619583527,6841.519889987245,8.003841379053727,-0.2561603492928009
08557_05,0.2008095231204015,0.7362622909359596,325.53357916209006,0.8002742015695592,0.911865944444309,0.3924180015440369,0.7328981890462087,0.8275555744612456,5.860863803132506,3.460817092906193,6225.978030734206,7.121463504851192,0.3962714124608888
08557_06,0.1237559835462735,2.610475360430793,329.51137823231466,0.7817747470552867,0.9141167286170664,1.401316721879208,0.7557402517067218,0.8099189347614356,5.989070326101861,2.9361924073651826,7682.719241714094,6.035276241250984,1.4108896654848528
08557_07,0.063557121588393,1.01664818932955,372.12202617312937,0.7855282504801584,0.91497152646119,0.504546962377463,0.7848840341310223,0.8276486208541288,6.295268633438167,1.8986403384392845,4519.583747481532,8.168586808472279,0.5040206141919026
08559_01,0.0505473739853605,1.1622379735318278,418.9347370572904,0.8509793118270251,0.9164674809081368,0.6869657100416391,0.8099147854693146,0.8949831664410222,6.3056169322814535,3.297494294914508,2186.0925291295407,14.330932293165878,0.6895111200680687
08559_02,0.0223647133554923,2.177784206147398,415.1323606591792,0.807507775760444,0.913763566206232,1.2558463439304317,0.7991140274221176,0.8586890888909394,6.331864705964615,2.3704972721748017,2618.9340930089315,11.341351844511715,1.2628734247843805
08559_03,0.0896829299828872,1.9370691276018075,333.49376114082,0.831516544032664,0.9113494964703488,1.086507843596872,0.7954672914346813,0.8589797577340954,6.24787886144068,2.6868365640054868,2621.5470856954157,12.12320681405907,1.0911351365352948
08559_04,0.1567005576760751,1.2694096803964248,300.3794340736703,0.810692137869175,0.9056822408749964,0.8147812680419149,0.7637177648611483,0.8396354011736794,5.967900167849492,3.1148956398494843,2319.888821458915,9.241392190160903,0.8240767451890183
08559_05,0.1174543560396853,1.4303068697920287,414.5907527177652,0.8379994366123116,0.9107641824533378,0.8543879534117474,0.7937022905742169,0.8578004047749823,6.162643213862746,3.4236398586523986,1605.447409733124,10.122944669144488,0.8619203822096345
08559_07,0.0499087828427079,1.739658481506184,531.343751535702,0.8340992008168947,0.9144347018632034,1.0511116615423894,0.8112923175948421,0.8750054592130909,6.294320835834383,2.706892499504777,2658.426958539798,10.352339809540448,1.0595199407891531
08559_08,0.0381567509806927,1.9531177927911032,379.707878911426,0.784761769310464,0.9095409532915002,1.1064881015240031,0.783182531494746,0.8611304283516146,6.285554579712497,2.7496719999054005,3714.724844525972,11.353405088886202,1.1076123346979967
08559_10,0.0733905325927471,1.4803167297413868,806.8606478819245,0.8308164340630482,0.915765955792534,0.8674167017212073,0.805780231783608,0.8714391839132998,6.206831429584398,3.390221462302777,1988.036548936918,11.649963014313023,0.8795577675273915
08561_01,0.3659709436426791,-0.5019946909370393,638.9644809787803,0.9478388260117347,0.9281228407420556,-0.5157674669324533,0.8568026366458545,0.9430261106866924,5.894290985951517,11.154555767623906,1621.3150963493754,31.177299041626007,-0.5184530166693075
08561_02,0.2653841448171755,-0.4688937745248447,487.99184671830415,0.9398424682332832,0.9255938340916172,-0.6328900826610305,0.8407744841907816,0.9285669248296494,5.938098940361906,7.627141832250337,1674.0629319752638,21.54933484077482,-0.6383236079926454
08561_03,0.3700242030415716,-0.6566667900046189,608.8009721250506,0.9436426850063032,0.9269731860327564,-0.5729931778615731,0.8554076036032889,0.92883019600925,5.916750455223013,11.08211434884279,1421.943887970437,30.48301648166685,-0.5761078603550379
08561_04,0.257929459136557,-0.4493108310918236,427.55549429723305,0.9408227669280526,0.9253610771067527,-0.4181684927840328,0.8439937394762312,0.9242323537846372,5.7305586833368825,7.526990345811102,1698.3801583291224,23.93938309827885,-0.4205587263010452
08561_05,0.3521122255614137,-0.7147082321354798,379.373587504304,0.9279568750468972,0.9280263866640864,-0.7570176463207366,0.84195015465015,0.9265051604111728,5.689396088752792,8.576350329121226,1945.6230878091517,28.750692068438635,-0.7611399055248088
08561_06,0.2817594711541699,-0.66035088249267,425.1289211148823,0.9302032091862564,0.927096728977348,-0.728818786306571,0.8468060197376481,0.9274971991731246,5.8174421425859615,8.67087184704696,2143.6216415163785,23.516780289954408,-0.7317052088821032
08561_07,0.2504519601366752,-0.3662877743336981,492.2579672400795,0.9336049740372988,0.9219362139611,-0.5042487328883517,0.835255304554001,0.9202431600168288,5.949399041196097,8.28000590768891,2081.454695933789,18.842281804989643,-0.5043202287567509
08563_01,0.3174186769071064,-1.333766234326062,267.8609225506441,0.9074797872515884,0.9278693315653816,-1.2509837975274007,0.8387319532230189,0.914270873763735,5.581293122036134,9.560115108036696,3575.4367766046225,32.36103492967903,-1.2555007525759012
08563_02,0.2287876243175362,-0.7972721623779152,405.23536620342605,0.9097315199085064,0.9271818436060628,-0.7352696057890775,0.8256981697333915,0.9207866810786768,5.831983932207653,8.692330609265799,2151.649500189801,23.86859772517017,-0.7366042476638766
08563_03,0.4125315633590267,-1.2618695558787272,334.60206490378886,0.9151612724458686,0.9292171348308624,-1.2088586220375146,0.8437748571244138,0.922338637894243,5.684386970104204,9.394492250210286,2202.901382436895,33.04751085477503,-1.2109880446643335
08563_04,0.2740989968438093,-0.9329877993593252,414.4446297700278,0.9111796320479864,0.9285148912748492,-0.8013263235830591,0.8364384224093513,0.9147837091447028,5.954309670513646,9.128591543305337,2741.6037510192987,20.28289720125435,-0.8027129404834004
08563_05,0.2932644277409179,-0.6044585215134528,421.85351945991016,0.9096499501175992,0.9266116713063224,-0.5432743103910794,0.8276559085352047,0.9180090271841228,5.901010630815708,8.837743885131,2359.005036545667,17.87083603749786,-0.5485926691872058
08563_06,0.2867335393271102,-0.7464788768848578,471.72504957039,0.9163979251040796,0.92941931034699,-0.6600617511615673,0.834753832315126,0.9142574828355988,5.889408035228175,8.553491608434202,1730.782006611275,23.289657900776984,-0.661248515916397
08563_07,0.1624515363822109,-0.1888420651357938,408.6833246830281,0.9165855377454856,0.9264841161990898,-0.4526910117572813,0.8291144297148002,0.922490372023256,6.126329033037072,7.377161730598648,3582.5861632947976,16.4761600750353,-0.4538619351414168
08563_08,0.3248435144953051,-1.052367531597116,349.2275842375785,0.9160495838519062,0.9278828256332472,-1.037847479809466,0.8407140013262278,0.9200521469248458,5.705386349473804,8.16378535858083,4008.837647352336,23.18112716125796,-1.0418436138173233
08563_09,0.2133169535721165,-0.9102087505329244,434.5267821695701,0.9193348546678282,0.922584079482553,-0.8948944824972614,0.8322124052225215,0.9178424872688978,5.921827392171312,7.84478066155758,3599.331017191977,16.23167613022104,-0.8992477887210969
08565_01,0.3033329490434192,-0.2527501761733695,428.5606022267207,0.8952471020072388,0.9284294880560908,-0.4654499989803446,0.8098404872729807,0.8973806971985899,5.796382312590256,4.138690830894005,4156.838792906366,16.099393689924277,-0.4683118548233409
08565_02,0.2822679910903371,-0.3475211262905763,422.1278369879192,0.8807109634026752,0.9231708819971184,-0.3359081363136774,0.7947913537025412,0.8698244370625452,5.8510510435521965,3.887661786696565,4401.446888654513,10.363431348621614,-0.3394802397264981
08565_03,0.4543457387660933,-0.5716647492637092,534.1917870121067,0.9020974305867367,0.9204121026429504,-0.4312378658327643,0.8267176589145545,0.8846666432593786,5.735509547729417,5.112357570280123,5785.219471148304,7.796999777100757,-0.4336166453263335
08571_01,0.1237496839644416,-0.3559633116522805,445.4694728611455,0.9247594608105772,0.9135838816153063,-0.3298034920647556,0.8323041626014694,0.9168271783040708,6.088600011953911,8.152519731537854,4927.74985229159,11.601757927753608,-0.3322199209577324
08571_02,0.1524806497706406,-0.3143307414721191,456.2938650930919,0.9277954420069524,0.9185600465895568,-0.3948227240818243,0.837552124238572,0.922446404660006,6.062820822287788,8.48172696388703,4341.674015646215,8.852035465447724,-0.3984782175554123
08571_03,0.0535696702935703,-0.1133546448681711,538.4487316732605,0.9164520280088432,0.9158650334748992,-0.0951991796367761,0.8284647032819925,0.9211134704853704,6.218019733955328,8.437783360549757,3660.608403497409,10.24064960441503,-0.0983277139754059
08573_01,0.0592954593050091,-0.4411419822408761,327.66483031502054,0.8879177417767896,0.9265132880682262,-0.8712143595656738,0.8125010899878269,0.9198218083862288,6.061708005465444,6.483310678913298,3052.38304754309,12.64203158947956,-0.8796234796871047
08573_02,0.0926952034936945,-0.1234546910068021,441.0071255306247,0.9051962677725208,0.9253905159598032,-0.5655589367439313,0.8274355298243562,0.9183419016247476,6.130522795094876,6.513015498105958,2212.135596721989,12.93433479639059,-0.5645570349015616
08573_03,0.1271202843922173,-0.1850933306690673,345.12645526693007,0.9155673041342698,0.9293096920768036,-0.6350855201645342,0.8309071199737486,0.9272128921152932,5.876185786239976,7.236969597418673,1865.4272051009564,21.866230396210675,-0.6378841996141648
08573_04,0.0789881397208362,-0.301796109185337,452.8444511304049,0.9092472954335648,0.9267332046596448,-0.5905226189701434,0.8197416437035382,0.9233459034038174,6.121814389540244,7.30939014727308,3330.735928119586,14.252985695079486,-0.59221551944287
08575_01,0.1137411794057652,-0.0184732483558264,585.1018121075001,0.9101232392753272,0.9172262537377416,-0.2231032178410003,0.823264515189159,0.916485967825911,6.264563518244275,7.817895097571867,3890.422609634744,10.03974073586759,-0.2275549384942987
08575_02,0.2343580567572841,-0.210510297173757,619.681098069399,0.9204217955867584,0.9175698435268826,-0.3849712444898028,0.8307736734039731,0.9181406225453184,6.210925345454198,9.076154096593044,2448.539015606242,13.940602078579488,-0.3848505719648121
08575_03,0.197357149291497,-0.274985759079739,650.0146806302481,0.908685494559392,0.9213739682643268,-0.3938428117480759,0.8284007172144049,0.9162573562817374,6.062528986356377,7.334547120549709,3956.769287778848,10.834257204681538,-0.3958502067278739
08575_04,0.1959904390783247,-0.363584165825342,483.2800361336947,0.9070885244495784,0.9187418918609928,-0.3418550912337467,0.8166772412192825,0.9168462896019798,6.0350697442492685,7.35656798986448,2818.598779407422,9.045414034244326,-0.3447680139849426
08575_05,0.2403558110022577,-0.7191180880180114,504.4237924906077,0.8910939363656992,0.920702878713848,-0.6767424371731098,0.8177542932595105,0.906571953189457,6.015248546925028,7.528838779246664,3217.07927647237,12.37444672465374,-0.6818066559862787
08575_06,0.1160567530856808,-0.606933577889308,408.6914600106488,0.9006607075503217,0.9205399909815518,-0.583430194549935,0.814791776208234,0.921749684501037,6.104661594949781,7.629663175284145,4661.841891891892,12.000108768104589,-0.5891396825215681
08577_01,0.1044454242164215,-0.1370430165584139,348.31376891842007,0.9095477855736036,0.9227367440271468,-0.5367379474492769,0.8131802318406471,0.9253169348178782,5.914404258303127,6.210878804188994,3779.82458882191,14.04779526008847,-0.539639787868522
08577_03,0.1267494029546452,-0.2768636077639084,319.775321743719,0.8789792922715353,0.9177062942203296,-0.4969651382031065,0.8097581971997249,0.8943251844940426,5.801402572705177,5.886512021600451,2303.9991130033704,12.543387876505577,-0.5064724518866467
08577_04,0.1126468765911044,-0.0393810156863293,324.75953501030284,0.8811452391618495,0.9218683690292014,-0.3805905433704786,0.8057874421218768,0.9005582320510637,5.850607456045852,6.981236917354019,1821.2267139674943,15.999727016125885,-0.3813924624082504
08577_05,0.0729271416097231,0.1247533584142765,407.5491288738133,0.8553653990994919,0.9192450163121492,-0.4379438853392512,0.7906370805453167,0.871326077353591,6.185834698747686,5.603720111766807,3898.489060345149,9.82413531078941,-0.4353496953904416
08579_01,0.0794639795276497,-0.3435830425522111,450.9452223041022,0.8996105731104899,0.9194638162156864,-0.3728614788558634,0.8131046692335968,0.9136590163325192,6.04723181175407,7.626231856948673,1462.085100146556,12.005086527415347,-0.3799819315707129
08579_02,0.3977809135285244,-0.5787737845659621,428.4226723095526,0.9025444782025586,0.9230635505268724,-0.5031489992577359,0.8241575089708696,0.8919763802656278,5.770837707290268,6.972937550871355,2239.9428918590525,18.6637683156177,-0.5074954088428946
08579_03,0.2158628452533048,0.1317888319349149,442.7890376418322,0.898566999739508,0.9191305344435926,-0.0311565041407089,0.8160969562518973,0.8884325594172817,6.003055704101081,5.713724368760207,2724.9887928274097,10.337581398627808,-0.0335068818968256
08579_04,0.3948477683451155,-0.5167968110273343,417.9582020677109,0.8865086986403012,0.9242694105762174,-0.5274109889089602,0.8083386224608301,0.8788373504181743,5.942383678344535,7.502822481121573,1458.7151637376355,18.542812909620856,-0.529051235547158
08579_05,0.1403087177223826,-0.0436973660877001,584.7519642470987,0.9053863772870954,0.9135115236346784,-0.0157099553358367,0.8171502133075433,0.9011459753828944,6.149127840073665,9.274414531765109,2383.689328063241,10.726534562019957,-0.0150768068774514
08579_06,0.0709074334242792,-0.2565276454720365,457.6322866065232,0.882258225235124,0.9157421736031331,-0.1842441282910293,0.8061885718214595,0.8980648870730731,6.297214033392234,7.648759918626396,1821.1889950264467,11.069661327706598,-0.1863484398996429
08581_01,0.0680891880196383,0.1118083491837741,350.8909842090589,0.8769932159060642,0.917510912367706,-0.4854517655553266,0.8025845478544056,0.9025353834600238,6.073160245070735,5.692912431017604,2984.0920753343644,10.36458487737169,-0.4899260111427537
08581_02,0.1507889905446167,-0.1194317386660159,287.626179130604,0.867297079459141,0.9122041725067888,-0.3237963179543715,0.8068577647573895,0.8916054044312018,5.865923229098207,5.321622453624804,1458.9437522249912,11.615494316710665,-0.3249896040379973
08583_01,0.1346457688982532,0.1348497985823781,336.6027856925903,0.8876153434224929,0.9223847043109452,-0.3671164806640696,0.8030669594691253,0.9119551512119316,5.954431013704345,5.950045204713781,5264.132260465593,16.770799724894793,-0.3689236300971188
08583_02,0.1414670144673812,-0.4511414670424466,363.2515969778341,0.8904823327156615,0.9278959765878972,-0.7544605154139025,0.8114639082148979,0.9147191200102448,5.873943386425083,7.10518347805564,3700.0939564300775,21.2528847369296,-0.760388548745062
08583_03,0.1593663359659939,-0.4090868286990962,427.559068534646,0.8915479492236327,0.928068328535572,-0.7851187450746435,0.8108989958882624,0.9117370191939196,5.9250541030124415,7.230264582541538,2655.1036264426093,21.60691533259626,-0.7855201425211683
08583_04,0.1411289158616731,-0.2677223263390824,299.4966326530612,0.8803364814640243,0.926558188807992,-0.8417370020940375,0.8071505795247551,0.9088090395614804,5.9284357307506745,6.283329752504156,2679.817160367722,15.079027680751082,-0.8465071424476939
08583_05,0.1007350141259951,0.0433106037503394,425.0595026642984,0.8915294664635024,0.9262215932823088,-0.7138010763185866,0.8175453549279498,0.9211491774285224,5.968234928693786,6.368565863877372,2808.545669524091,15.618907378694972,-0.7157991081847822
08583_06,0.0552138227395943,0.3253600301127174,460.9038588621663,0.8812192622931497,0.9237132934447112,-0.3640717030932086,0.8085490800815929,0.9144053859884432,6.252821296972218,5.18354082322814,4645.254181441616,8.461489902415853,-0.36795365978202
08585_01,0.105354786847103,-0.4187073813960733,295.81972858010937,0.8528440803804573,0.9242642433034524,-0.77466567443185,0.7816379236115653,0.8896600027756163,5.980802358141792,5.723323514435222,2275.276277271472,12.077491739885842,-0.7779807442255328
08585_02,0.329372696559213,-0.4363422275747394,342.59329633461886,0.8627427335280302,0.9243853026543156,-0.6006281669495606,0.788035347170835,0.8907632042612043,5.809944828035436,6.030532039123544,2070.202708192281,18.247021299656627,-0.6086894066956008
08585_03,0.2556463503767707,-0.3933923032754714,454.5725105948123,0.8406530712319771,0.9194596810724848,-0.5665908674039102,0.7751182063538455,0.8758919832235302,5.871387272233586,5.256898240532628,2170.467391304348,14.899376582728362,-0.56765343832161
08585_04,0.152230821435482,-0.2015356426763596,354.8952443057432,0.8622337386372433,0.922998674247674,-0.6859175628318561,0.7975984102147037,0.9040500814692944,5.933129803203462,5.643889935804493,1540.6148726595084,12.02811592822571,-0.6878161399943619
08585_05,0.046318605911342,-0.2642244098196306,414.9942881320076,0.8706829545968167,0.9220519169175704,-0.5733370592204475,0.7964146654446013,0.906585362476918,6.265096453954405,5.6785507600939145,2324.527537394693,10.177725947639937,-0.5885178468665848
08585_06,0.0581379096142658,-0.1336134053483207,407.1920933826819,0.8647018192881963,0.9196171443730544,-0.5076894150652747,0.7929847545021107,0.8992661644530964,6.223180246807631,6.706170326871749,2001.5561423012784,11.011347906566762,-0.5122754174808686
08585_07,0.1136249397331257,-0.6351241685860982,273.5527852296039,0.8113530776288649,0.9249701484700572,-0.6191503130811897,0.7534573369034149,0.8638967045506014,6.0121667654804245,5.095355482789569,3261.354980716039,11.347110194594718,-0.6190807153039193
08585_08,0.0893908106545483,-0.3302305924190853,403.6321015642711,0.8726422776216372,0.9234612476118316,-0.918787917745878,0.8143853928864617,0.9099083366035342,6.060134205323464,6.064914844128988,1574.016724738676,13.035300252894777,-0.9253294737282614
08585_09,0.0902929046602074,0.0261451748660042,337.86892520373766,0.8831922948662749,0.9199929579406556,-0.2076559910522891,0.80846146435151,0.9060782594289248,6.101175324813812,5.545200326741623,2010.5383722430024,8.214656852696576,-0.2108123929479591
08585_10,0.0611937585475134,-0.2033324007480174,421.360424692286,0.889221422222603,0.9214064923386937,-0.611849852690334,0.8051116819972596,0.9092648545992794,6.181794770647881,6.632568065890636,1550.7227773949,8.338206541242206,-0.6222204994255879
08585_11,0.0796143668002551,-0.3604747008698972,413.2093368601791,0.8839227620847592,0.9196748445086296,-0.3752249655655901,0.8001533366666592,0.909255508282696,6.136709834188971,6.762626813256636,1617.3960512744954,9.758852264698122,-0.370586296375097
08585_12,0.0791733747194227,0.2611653208292653,566.6073760367037,0.8487167706041346,0.9227713902978292,-0.742093089202088,0.8031731884616771,0.8924703670922075,6.048362881102096,4.856529161431238,1548.7958658886362,9.09397823232332,-0.7529947800817437
08585_13,0.0664980166292135,-0.4149435817843444,417.84670020716186,0.8756565329176753,0.9173867831784358,-0.4328828545726578,0.8052204188445806,0.9076195350591084,6.261395694146089,6.49030815083596,1658.0618864703372,9.668433700669173,-0.4396775617288534
08585_14,0.0344559093728673,0.8675544014734486,423.60853976531945,0.7910932898131742,0.9160877019459962,0.007182320238733,0.7804142622359542,0.8708660547616928,6.326876081795291,3.3650363409976256,2851.746340165025,6.488292349281205,0.0150902848479237
08587_01,0.0901543130129466,-0.3068293520797983,324.5210035487332,0.8903263318922005,0.9235266459078746,-0.4499750302615772,0.8132958723468333,0.9109272642011308,5.976438075291495,6.129429856031381,1986.2293261604248,13.004199238316348,-0.4512145734817224
08587_02,0.183073031057129,-0.2337213498627928,477.4723744630425,0.8810482890680937,0.9258805660562852,-0.4874511715377979,0.8082766078064854,0.9102332719624456,6.083494929466135,6.147143575413126,1534.2200920245398,11.790347883457674,-0.4922103635017963
08587_03,0.1252298929370197,-0.1407441798218785,382.70091743119264,0.8855931437416852,0.9271834430829924,-0.6676057976333046,0.8195983456222727,0.91651971247132,5.980030212051688,5.675415054018726,2165.29179331307,14.787062709056762,-0.673999337396231
08587_04,0.0707316004084436,0.2847646641519344,529.7972035921337,0.8759286607836279,0.9209085347927822,-0.2022295686066778,0.8089848386297607,0.9101411089911317,6.204534380951956,5.897737774828175,2510.144629124287,8.14417127742297,-0.2023749348368265
08587_05,0.0345578878333992,1.409071756563235,318.54814393400653,0.7190165506168721,0.912309754478128,0.7633429213410964,0.7688327799053982,0.7887249228278431,6.299133849991927,2.1142229171857125,1659.4829669407618,6.471341041986732,0.7654105594957585
08587_06,0.0703415836047094,0.3055983167764375,396.7936377348142,0.8410976049816372,0.91783294019684,-0.5302560220561234,0.784552329903298,0.8980991861600423,6.266503949254375,4.583105039849568,1936.837789904502,9.21571204712775,-0.5261873961494128
08587_07,0.058336554164556,-0.2510083793418178,312.78342693861464,0.8740119422704331,0.9230035206973232,-0.7817032109754585,0.8030618509812133,0.9059066247684648,5.957941505933259,6.17383654136247,3526.9053808162203,12.262231920245316,-0.7847487920493862
08589_01,0.0547766020569308,-0.0402806065181558,388.2739779720143,0.8830851951769318,0.9190511966099102,-0.2517167027379094,0.8063353838351389,0.9084022224838084,6.185670850546551,5.765899592275496,2039.156587097223,9.289342473288295,-0.2510583410901016
08589_02,0.0882837500069547,-0.1241476711226066,360.6466639996444,0.878389289035573,0.9179106576670172,-0.4047929269462342,0.8064950440854193,0.9109054921397708,6.088074653336564,6.244444214250848,1694.4603695389396,12.919485541169063,-0.4066101522997837
08589_03,0.0778531545646165,-0.7506166361847098,340.514245796118,0.8585730898181028,0.9147180811132944,-0.9562557577310404,0.7922850601092237,0.8925656701827458,6.059674642825806,6.12812162023566,1589.2033544659337,7.160262124220367,-0.9668187578705462
08589_04,0.0899556276133039,-0.33668060404556,385.877512810406,0.8669028738114857,0.9200526572828528,-0.4707815261189012,0.7965184491875207,0.8945161774038195,6.264430565869977,5.986763037983165,1550.728782132322,8.964010002205152,-0.4751229814296477
08589_05,0.093124808307152,-0.3485705654729868,478.1183534271579,0.8591341223327281,0.9213671005133532,-0.5608468524819302,0.7935096736602363,0.9038320589640496,5.895238268502654,6.38202428380094,1394.413948036726,13.540212511148331,-0.5696070114929718
08589_06,0.4048869651912268,-0.118570710468979,284.5564206373923,0.8637354825269175,0.9238111715370482,-0.2796378519671736,0.7987859069717107,0.8545540555173112,5.83831268315033,4.466393797679617,1451.125874125874,13.92660153618896,-0.2837153023216937
08589_07,0.1986141051584444,-0.0561998951464198,381.3361976369495,0.8764195289202691,0.911758648672794,-0.0994181790144152,0.8082761625506418,0.8941691963646821,6.153744417776143,4.261320302041771,1616.5405617756826,9.020994346106324,-0.0978297294976571
08589_08,0.4484651050399059,-0.0075080928620122,420.4039654295882,0.8396700552096518,0.9220884723741188,-0.1667091898911677,0.7913724153161565,0.837216439831758,5.8972069730174175,4.164803944559896,1630.119036676165,16.73440088627407,-0.1739967886345854
08589_09,0.1291102571114481,0.3033130389272346,279.88898100421727,0.8649456469131382,0.9224347469916429,-0.3558914442260081,0.7974958422025958,0.8950654144105598,5.896969026611086,4.579499228314475,2007.5718716289105,9.11551875631504,-0.3537398313147096
08589_10,0.11864646104721,-0.1662522644764009,411.27060220399983,0.8981538754943789,0.9209437685419776,-0.4024298894970569,0.8114317124021005,0.9067622680409476,5.872363608752595,7.595063704793288,1850.3992146596856,14.576994021692444,-0.4020394721577181
08589_12,0.125181688094728,-0.3901257494657251,299.03377456879264,0.8798932899488932,0.9199605447470351,-0.6506929832014934,0.8020747962133358,0.8996568300971947,5.833642184821791,7.47766700766137,1588.2778876752386,14.986867874154663,-0.6530091431991856
08589_14,0.0986400064554056,-0.1532557474933099,342.32433780339136,0.8753274419121724,0.9213478578434782,-0.4416442965598586,0.7945481433639813,0.9001197357395997,5.935461417603512,7.27516146236893,2433.9770566467405,12.630066572771804,-0.4457501451106868
08589_15,0.0541576524036288,0.4136657914970998,320.27917505030183,0.8193902833723655,0.9156448813567492,-0.2839314294174418,0.775415707073264,0.8734390025579458,6.227929730127291,4.384880466827981,3442.77697078505,7.32003005504908,-0.2777228878877055
08591_01,0.0761480217593175,-0.3541724932639132,395.4851745688642,0.8937273719313192,0.9158075958268606,-0.4736752283699549,0.8119599416627923,0.9124544468172506,6.203171620437971,5.828022980940121,3486.1883686767865,9.572088213297246,-0.4770650441139136
08591_02,0.3600112265474005,-0.3565757598456617,373.4666144890672,0.8894586040746668,0.9191347203913424,-0.4799472375925943,0.8176528460184858,0.890297743256683,5.935507069377724,6.195606079564698,3349.3561546647747,13.787732524568018,-0.483223788184595
08591_03,0.208253394416418,-0.2081217092281141,334.5754633210163,0.8743496290524428,0.9201755259312951,-0.4189005957739471,0.8096530366209799,0.8966915189988222,6.126715118559815,6.092671029784029,2805.416767068273,8.858594645229275,-0.4189777128210973
08591_04,0.1270141511703588,-0.4361351537679857,375.52287984053,0.8950679277888092,0.9178314048922768,-0.5296985045460602,0.818216458141357,0.9100748057362,6.138964144503003,7.677349263958071,2768.846785093647,9.286345963600832,-0.5364436412154588
08591_05,0.0983696245106667,-0.3375509772884996,494.92274578628434,0.8977390421430834,0.92013888672498,-0.5188401216267642,0.8188648856727315,0.9175945144088224,6.160744015784842,8.273872435208343,2331.6484236302417,9.631002316487232,-0.5182127034853519
08591_06,0.0851325984300162,-0.0305311976454177,386.6634726288706,0.8853599766838274,0.9176154068040768,-0.034051425407831,0.8197479554006111,0.8995642575753173,6.143556625392593,6.727400091659535,1924.1927984344425,8.366696349012532,-0.0344915939156719
08593_02,0.0770304108841041,0.1424278047435486,412.19080928786553,0.8571154350566936,0.9243438519284932,-0.1863337901918449,0.7932483843260193,0.9032505808715894,6.321367032346856,5.990230456918487,1789.705491401512,7.691241284404596,-0.1834731575528513
08593_03,0.0806194932892936,-0.9017183942113592,422.3789149888143,0.9004211532252545,0.9294963186569556,-1.0351373483631603,0.8220519332770251,0.9270832991698186,6.025200048371349,8.80870528865403,1432.4978231896937,23.306074215306552,-1.0339425989405726
08593_04,0.0889374052373059,-0.3076771525750894,473.5020378682351,0.8986421438412155,0.9239759197116332,-0.6449233854110223,0.8196741520115081,0.9168688738128188,6.306061848064007,7.592678915900275,1541.792157602036,11.166189337089472,-0.6432785348295647
08593_05,0.050635891352027,-0.4547408634421988,553.5642611683849,0.9074152440812462,0.9171751067565388,-0.3651775125384148,0.8180691777631447,0.921933230948592,6.2149804195524325,9.193634915205546,1376.4166908985171,11.17032839689666,-0.3636659894788457
08593_06,0.2226610061760185,-0.3828435488194926,555.214409685476,0.9229413486242092,0.9222081937186856,-0.2524928298985053,0.829236191954521,0.9219573610970816,5.9970591731602525,10.715386655974903,1641.467086642929,19.738577449373267,-0.2517177699539936
08593_07,0.1796565125072405,-0.865220930704974,511.87584601457087,0.9201561368149372,0.9263782789660264,-0.6212582309110579,0.8348339514258051,0.9251659804155452,5.965164456684791,11.167527252026929,1380.5217559466255,22.02213134755417,-0.6211512106368132
08593_08,0.0706596678263623,-0.520302987415023,435.5243124940527,0.8886919058168057,0.918080333366344,-0.566421785794798,0.8102013180379558,0.9087127334869232,6.210756485726826,8.57813509186787,1541.1132740392684,10.38925064967615,-0.5657711146550319
08595_01,0.0457035611929458,0.7884016946529252,473.1491979940961,0.8482653010756257,0.9197466472988782,0.1310278933757691,0.7986205750689563,0.8853362818482655,6.339495680455435,4.307997701129435,3132.0177277632188,6.942590621893158,0.131857530602557
08595_02,0.0562107818915552,0.0544506064373335,449.89628292081386,0.8883226644678996,0.9244577842382404,-0.2074449761531338,0.8098415745537813,0.9139298200704606,6.164004632897104,7.164211522068214,3476.463847256109,12.132606073961654,-0.2103714012876453
08597_01,0.1345453900518812,-0.0495100767895868,357.938923795149,0.9131191442441898,0.9265788260653935,-0.5415890262636436,0.8195072853450502,0.9264139231790688,6.0407092616081774,5.797096223255775,2070.875553709856,14.517610725884348,-0.5419741205471625
08599_01,0.0564242150157064,0.5144634434212405,431.9592207989085,0.8930054120682056,0.92043854364405,-0.0415638461007555,0.8103845430822619,0.9046783627059816,6.237435668668646,6.061394179922925,2394.419454729048,10.705841786304989,-0.0400472855826274
08599_02,0.1010513604923938,0.245579881813294,601.4820912767186,0.9082083334451642,0.9264555348407636,-0.1621515895913178,0.8239360582682341,0.9206345417585758,6.089900760628106,6.32759997467315,2710.902396688697,10.914993920899136,-0.1581898093845512
08599_03,0.119257967459069,-0.2092616175190851,393.7643049449613,0.8616728754405577,0.922704093268146,-0.3884583424661327,0.7973893736113695,0.8926777297566401,6.120079884523856,5.866363018056847,2409.322514049776,6.973163631543228,-0.3871187478651666
08599_05,0.0988837186283,0.1589881905852,378.331689527993,0.8884072073880507,0.9232600778498432,-0.5235831871377303,0.8124357736091442,0.9064755164456209,6.135237057695302,5.175643969229392,2031.5469668722212,9.370444153203303,-0.5305193806529093
08599_06,0.1653226042464302,-0.5740732113197065,319.59394786612944,0.8872643196656828,0.9312396726469804,-0.6391474099716203,0.8032681272013996,0.911575304646882,5.953053590125118,4.842094295282497,2671.606765226544,10.29751212676555,-0.6420502697082123
08599_07,0.2222361261653042,-0.1260453851313153,455.7797347169949,0.888632636709029,0.9290929180546774,-0.5215633825868261,0.8132645751721939,0.9007681557967028,5.9731242497499295,5.025875232700566,2010.7265531974504,12.36595591391941,-0.5245927417184778
08599_08,0.0272706131014573,-2.2727956922087187,452.7766289639858,0.7622895879545581,0.912393799349899,-1.787591296798238,0.7838681660615705,0.7895411256046465,5.952380024678014,2.946665350552496,2403.941877998629,7.051296385653557,-1.7890253385094803
08599_10,0.1112363229633124,-0.1642616205167978,344.4305774692332,0.8853579519135648,0.92371472735009,-0.4193901441639039,0.8075593052105695,0.904159113666377,6.03848242432765,7.301191919207522,1743.685257070427,13.540341046603247,-0.4208501914411965
08599_11,0.0428822118647802,0.0263217407369042,432.1740932642487,0.8207014974774131,0.9204161017947924,-0.5817900436398845,0.789177893193775,0.8818740312136377,6.2932738070296645,4.179280137870029,3105.375470987189,7.443367768912622,-0.6132344697281159
08601_01,0.0981632933328626,-0.2739157618935474,350.25475788966514,0.9102196395775818,0.9234119415068044,-0.5338607012326309,0.8217998091305241,0.9142763595796068,5.951422363823185,6.989588184585875,2131.117831400815,18.731779531847582,-0.5349606881114689
08601_02,0.3201740530402046,-0.9517328845187416,289.0192947103275,0.897163471809872,0.9191214025442476,-0.5346843473423487,0.8066158565136242,0.9047817289008302,5.634692261225002,5.779424509653916,2241.463333333333,14.003297016301346,-0.5381689868371679
08601_03,0.1627618116846035,-0.3739099351733643,360.6998902706657,0.8904086272008678,0.9292384369213276,-0.7745932963255987,0.8090314410193825,0.9090444295138792,5.913109939610092,6.117184699052293,2044.1666878092096,18.285362140908337,-0.7774669603950988
08601_04,0.150300445848207,-0.5234017206335588,427.83658422771816,0.9077355089373492,0.9275773700664413,-0.5312575032401016,0.8197636700969922,0.912541359026842,5.895581401623211,8.875195258115982,1405.125953488372,18.77620428579138,-0.5306722085995632
08601_05,0.1360448501182982,-0.2756000958102996,322.3874331183976,0.8869914986273738,0.9221590211847974,-0.4890526949683242,0.8093837693439538,0.8961410792048403,6.060343994070335,5.9863044085991,1467.9080775015482,10.688229229771276,-0.4918796822138989
08601_06,0.0842991910491119,-0.0398116676482192,383.9384237174047,0.9018388609710648,0.926996455799356,-0.4172445918143775,0.8109608564236924,0.921572224408752,6.036306379011756,6.715442700082518,2504.670465991624,12.384731342058895,-0.4191365452692445
08603_01,0.0891555133880735,-0.2115885914074221,387.9262031383363,0.878059371517949,0.9220809266458356,-0.5839488774582783,0.7958416502279023,0.9200417616717598,6.2093977905888345,6.10767101049454,2464.240358352453,12.491875775960208,-0.5883701984821804
08603_02,0.4232205210108368,-1.060137741801387,271.7386649874055,0.8936297744999917,0.9228897627349684,-0.8866585123019799,0.8063255536835436,0.9061064323593042,5.74616895491229,6.12693947345532,1375.344777997483,16.655950173475965,-0.890738825719975
08603_03,0.4377162789463319,-0.6210556676156314,368.2744710860367,0.8962028927585155,0.9286291072055216,-0.5689996850533798,0.8139434997286092,0.9064161306045304,5.879179724561459,5.734369660901376,2946.133286219081,17.28601805927884,-0.5713681230502798
08603_04,0.2907440882005326,-0.759580301370434,431.8770742068233,0.8769710109187991,0.9222967069249526,-0.8004558605010156,0.8049383623419566,0.8916696971270778,6.005529226684524,6.373558141310833,2012.4112130479105,18.428971259664337,-0.8019496005730975
08603_05,0.3781147429706155,-0.8160891805437249,372.0564545344765,0.9034385979658676,0.9285079107088084,-0.6791921050410928,0.822368884835884,0.915582420925708,5.955457327838916,6.186046201849605,2231.063940432573,17.157189611757673,-0.6812057309218718
08603_07,0.2382490037232892,-0.7283563737981672,375.9216815680881,0.8940480028137802,0.925603544129968,-0.643220418188604,0.8116504071863865,0.91552096908558,5.91565005827463,6.449704572728988,1560.0318264014466,15.068153935376651,-0.6472591403902961
08603_08,0.2068948477659134,-0.6371462358306305,386.12433758935873,0.9004534032151222,0.9304289713416646,-0.7189350022924499,0.8183294837941714,0.9109540805031736,5.838744660834433,5.817065487853883,1601.5426295449167,16.247286795199116,-0.7226510395813348
08603_09,0.2746661734996548,-0.37724739575381,412.5267341582302,0.8987842128315566,0.9288950582987048,-0.6722802293158,0.8165937720508322,0.9081498374342388,5.928419853009476,6.153050175141114,1676.37948223187,12.187672431499209,-0.675013195278491
08603_12,0.1095056063817969,-0.9523991031010808,364.1876072777206,0.8731977502076318,0.9258881857397748,-0.8369723030010262,0.8032561071594477,0.8956072348697383,6.035660210124158,5.859754694666488,2595.3093549862765,7.412820726780927,-0.8382500088529468
08603_13,0.1075458351398182,-0.1137787872742553,561.653597400588,0.9057861924351832,0.9192416014213578,-0.2558302727618411,0.8218524828660055,0.918234640745501,6.10705861248426,8.448814327443934,2560.044137147187,8.359025605670897,-0.2567455355214311
08603_14,0.0583216324137988,0.1329176743641881,432.27824225417305,0.8990656089498139,0.9229660612208848,-0.2523668962576315,0.8149169976875025,0.9181129890713432,6.18486605766588,6.816807538793506,3109.565667311412,12.05736838713146,-0.2499250619846077
08605_01,0.108748525910079,-0.2517669968077952,567.9251785895656,0.907123877698604,0.9233139004305756,-0.3457906537602364,0.8166732072759749,0.9234109676909176,6.154841349058054,6.618690048143751,2163.701359275053,14.561556307954676,-0.3475697859139925
08605_03,0.4084616888290089,-0.3996767481325375,497.0737824713592,0.8991724078895543,0.9203089948764688,-0.2977820348104777,0.8119802903427478,0.900538938243367,5.937580668678955,7.275387785247496,1430.8678766588605,19.73865671722146,-0.2991073086916059
08605_06,0.2318928752409661,-0.3627056818753379,571.0403739586083,0.9311498379380576,0.930752837512542,-0.4587733105920986,0.840463150723772,0.9221937257610828,6.006295963417904,7.667517460112671,1956.684678522572,13.660959150074444,-0.460140463256775
08605_07,0.1867274339505452,-0.4200297547130751,638.6313152400835,0.9183755795113714,0.9275061223828984,-0.3774718749215181,0.8339255654868184,0.9196601479753672,6.131920959104415,8.55865170329383,2375.820103709613,18.089900825305136,-0.3769441852416385
08605_08,0.0844821841248039,-0.6790942660588795,370.194323933478,0.8851798921946096,0.909246619976486,-0.2730228438713032,0.8041069911313133,0.8898221465323127,6.040783429257273,7.364747070769784,1647.447696657243,10.25998718189992,-0.2754513146222392
08609_02,0.1482051829694469,-0.1017287145404914,493.2375823228904,0.9080197588135024,0.9229389356182862,-0.0953416717253503,0.8166935377693818,0.9119860580619412,6.075805349432161,8.184845289716396,2356.6256637721,17.163733206230738,-0.095886159681873
08611_01,0.0298880675630392,1.6494027577920518,387.0343581524114,0.8335964592964537,0.913954482902903,0.7425452687426173,0.8008279505367181,0.8763064943980535,6.2238782800020624,3.0791868360785646,3873.4447451152055,9.64740668892616,0.7471403061460562
08611_02,0.0768484576177407,0.6816518300867183,382.20478723404256,0.8663851713991378,0.9147679543869582,0.2038993470867441,0.807078678623804,0.8885029570891826,6.043330493716053,4.034613175414522,3059.078943246489,10.08971581970837,0.2051569323198237
08611_04,0.1203416702080612,-0.6100063926379691,238.063669883742,0.8872280024307923,0.9305384927871064,-0.5966743325389414,0.8027979015907911,0.8996622053785203,5.637401789223074,6.23084852001519,3691.73366152968,17.87976114014902,-0.6015971590003758
08611_06,0.1297162548417073,-0.4366475528920858,376.6895240916272,0.8969218794093191,0.931550358776781,-0.548329647445137,0.8100916962220212,0.9149232713971702,5.83936437223204,7.333492346599315,4750.945974774006,26.21777992760216,-0.5454387813924695
08611_07,0.1301439485240654,-0.6904921016628962,293.16368605071733,0.8926124183078152,0.9336798433043192,-0.7690227586561298,0.8082210742539666,0.9044575409807772,5.727538413738896,7.644863637370789,3386.3111077776944,25.26264714441373,-0.7788541584894215
08611_08,0.1559648609848773,-0.066701927464853,305.26847558532256,0.9026541541217804,0.9266514218700485,-0.2054334643339249,0.8086796464977238,0.9063449717216044,5.602128028485816,7.596668435729518,1943.1392802296853,22.65528582749713,-0.2037778973604058
08611_09,0.0577604322856232,0.0130695894209449,365.5049950499505,0.8887542906993194,0.928427678805132,-0.4526280958307184,0.8000316504030347,0.916598891404982,6.001462935628975,6.161684463440025,3390.8907913377857,14.722131311215604,-0.4525192220889965
08613_01,0.1079006046273213,-0.0290650386800735,481.4248639598158,0.9089251030411476,0.9271585253589107,-0.3496594714124339,0.816357670412706,0.9228632391983406,6.1086465355138975,7.351157616219205,3996.35199642329,13.243198739584594,-0.3515612942557667
08613_02,0.2282255695122193,-0.0450833923987167,627.716576560066,0.9163796313211284,0.9223059457954548,0.0283951871283181,0.8252685839910165,0.90796123732435,6.09787502179049,7.6839514839703025,1720.322899663946,17.89256652145643,0.0287347133778136
08613_03,0.2427100355287873,-0.2411252134104246,344.5934019216053,0.913765098048676,0.926856033371216,-0.6442496236564141,0.8307119845124156,0.909808045704104,5.794129731773419,5.379763572990918,1486.5220854453294,15.901073177969153,-0.6480844869915292
08613_04,0.2119992549675613,-0.1704462920523898,404.2283087079535,0.8984222464147493,0.9268753215285928,-0.2413616192596274,0.8159414528696872,0.9140536978247634,5.879767160831888,5.443904201740144,1758.3012944732966,11.235397657689797,-0.2393726786559233
08613_05,0.1311807766240325,-0.4794942770384487,450.12726506531817,0.8861930210370195,0.919673795235964,-0.4642182270852434,0.8117757081759953,0.8853551208017859,5.917674789505655,6.594660069804817,2019.5540472599296,9.189059225204126,-0.4715477273455143
08613_06,0.1525835247562524,-0.0579393071450562,488.4728679014858,0.906858158214486,0.9266637598287052,-0.0194499484988983,0.8173653754292389,0.9074312927564088,5.968167806152991,8.322310484246046,1611.8442746735366,16.580594019263962,-0.0199897103555063
08613_07,0.110023013728548,0.1394752555012593,568.7238256740716,0.9022702078665504,0.925412299393571,-0.0940141256240999,0.8135418411042479,0.9124090317522106,6.193087485931131,8.012849705615453,5314.902552495913,14.135157613699151,-0.0935081675617344
08615_01,0.0766124708058269,-0.1746368268753502,471.15340513074176,0.8775449667966683,0.9130508761754386,-0.503716020569897,0.8064488461345835,0.9063750593660156,6.193990859143965,5.601468693264602,4036.1103678929767,8.913987311674617,-0.5057680676898784
08615_02,0.1099471537872165,-0.0422670156186367,530.0383970177073,0.8752015985557963,0.910258153443817,-0.1047839300382019,0.7945389435507091,0.9030228378677544,6.047825240061829,7.043386536366043,5698.532590779681,7.548547370456229,-0.1062992153638009
08615_03,0.1816326373359862,0.2461563757707529,543.7410165741491,0.8990393706682405,0.9190277732274148,-0.0187341825158658,0.8159689160762386,0.8984764973989839,6.028940528049297,6.256411253609583,4105.243377483444,10.908703082254709,-0.0175396308721441
08615_04,0.1901015196798127,0.1232025822390079,579.1983337747706,0.8912069013413378,0.9174982310873124,0.0956853574530285,0.8068528496942279,0.8880011392895383,6.053265450690079,6.870705653328131,3210.768713366004,11.313836052220855,0.0944290389749764
08615_05,0.0941818125903988,0.3918612120455149,436.5891407780576,0.879579930302401,0.910185177963542,0.1499461240050555,0.8016752982379783,0.8915753081026105,6.179611924370493,6.064847185022513,3091.208090310442,9.56403158221138,0.152358982692342
08617_01,0.1388864256543373,0.0326788716619085,488.7252739909116,0.9044658766690652,0.9227691533732046,-0.164255513916343,0.8172588209886371,0.914499801769958,6.096211597291817,7.047601708470058,6496.628137931035,12.710319579319435,-0.1638387102127881
08617_02,0.2243737113625522,-0.7644278825734824,363.8999279019466,0.8744287801851883,0.9110648295329336,-0.5108030539686133,0.7853593008591102,0.9017916657037532,5.775680843016515,6.726338831432152,7631.57204535367,8.06688731657253,-0.5218688479964485
08617_03,0.1677997299581196,-0.3928545848858982,403.3014956387272,0.8715973027318648,0.923354524908485,-0.717727406239914,0.7911798023055452,0.9066215349529616,5.925103415629522,6.422436735614853,6022.268816723991,14.365335252624211,-0.7249692007881656
08617_04,0.1248859786692376,-0.7384884175627162,267.028681548097,0.7277297166595763,0.9059775393979788,-0.7113731230857728,0.659197409341763,0.851310584741068,5.91070033729164,4.250152693550976,7367.664113577217,6.38040245121787,-0.7203118373895732
08617_05,0.1316000322483882,-0.1065459202884938,426.559372116966,0.8970644895623051,0.9297393203973272,-0.3152781395519433,0.8039293865931144,0.923294014829066,5.995578223463036,6.61674557095119,5469.584531041636,12.294538530211211,-0.3151918831358477
08621_02,0.211114780138281,0.0123727862795623,408.2819057168557,0.8950128497503284,0.9230836545144478,-0.1759707395911502,0.8059574670625472,0.8926515735282388,5.756580385215188,6.87241482295177,4628.411966809283,18.110313899925373,-0.1784807493012992
08621_03,0.2409710766614722,-0.0137525688170381,328.13299482472416,0.8921474865653666,0.923358332806008,-0.2161500055887099,0.804441978429348,0.8901458517009211,5.549197237386804,6.547279095073028,4704.025802994839,16.255612836042364,-0.2174115945030694
08623_01,0.1325375183970943,-0.1302908887918934,407.1597355416657,0.9064206662904952,0.9250726116397278,-0.5017793349634552,0.8153100490263466,0.9264032358317874,6.055914632173389,6.922031514706324,3274.1025875987257,16.505391545377716,-0.5057029625598374
08623_02,0.3312735690584392,-1.5605032124644298,271.8669326241135,0.8972190925149734,0.9181073544338456,-1.4590189902885793,0.8171518972524447,0.9063849293456638,5.761230521225089,6.080847218783968,1445.6101095793567,20.17891289784904,-1.4744399895070917
08623_03,0.1177214524881615,0.3642292309919144,358.9057565726896,0.8534540114472671,0.9184102971839736,-0.1756105822438183,0.8025221981216799,0.8877477904681235,6.005092118808182,4.92026641188048,2018.74752373796,9.497356961676385,-0.1780834555527493
08623_05,0.0412369418841464,0.2339716691864625,411.5916134374261,0.8509400781346426,0.923628163388842,-0.5718175977612855,0.7954456707122278,0.9066999863166472,6.209743016328895,4.447129676433184,3153.884917134766,8.726953373092094,-0.5746208663013924
08625_01,0.1019338589180061,-0.1956761429001942,424.0336637456304,0.8977803203527792,0.9263973947312394,-0.6406515485215204,0.8137290280182192,0.917953968527574,6.0824939701407645,6.8729440585578665,3173.351087910565,14.72862683166218,-0.6450967922920031
08625_02,0.2091366500867213,-0.4135437855601246,514.5561157024794,0.8995479185746463,0.930421318800098,-0.6246755435967977,0.8151047715279888,0.9216643891229268,5.885310059049792,7.040768976900715,3160.969271758437,16.41035688143004,-0.6280367689724201
08625_03,0.2052420679942248,-0.335211779463992,401.6791697707861,0.8984437477688126,0.927057456217778,-0.4135178180142667,0.813456188706231,0.9088874619572388,5.898952010480945,6.53951400366112,4198.993388323651,11.62915744804371,-0.4150143330929233
08625_04,0.1013785020230004,-0.3590324092550536,366.3360457688783,0.8972546361271873,0.9297307543567332,-0.6130584559674646,0.8115331980706484,0.912533771225811,6.0334432170348,6.742831838598795,2742.075623944455,14.693995300861438,-0.618167446782243
08627_01,0.0538010173838915,0.46262145929626,403.7030009061351,0.8702829365871315,0.9161871429816486,-0.1059258594113058,0.8076605879893655,0.9016264720044538,6.082039874892112,4.948113068777662,4722.675691901302,8.120836164199169,-0.0985874553254638
08627_03,0.1951122613290684,-0.1563434477649637,305.1937135159407,0.8855097865743307,0.921300323555723,-0.3815855592367166,0.8068476030685371,0.9059079644778604,5.924790948634291,6.631257677885039,2332.376441045543,15.447390910223191,-0.3845604908173362
08627_04,0.1958976730755673,-0.3012368069016865,403.4732643532531,0.8784498440120873,0.9180690453625864,-0.3689236479843024,0.805250353084436,0.891669436619946,6.005097357983022,6.4410653614439,3114.7256361964,11.399048894275865,-0.3705497831277886
08627_05,0.0601191482475937,0.0395163717196536,407.5347871235722,0.8762576214759064,0.9208883323868596,-0.3782150222896877,0.8028600317160745,0.903737406462648,6.275840794678869,5.963052991037644,3070.4533321548524,9.087996171027848,-0.3880021947441116
08629_01,0.0525246963467431,0.5731053705720202,456.90535161433,0.8675414952045852,0.9222390372880036,0.0535423228447108,0.8036810558715897,0.8956730699272717,6.279056160638303,5.788381630315365,2535.085382513661,10.446638729631507,0.0541588738417874
08631_02,0.2257389335140893,-0.4340191077764327,298.94688599140227,0.8783652316294602,0.9167516488821872,-0.5498611438884449,0.806623155307595,0.8923891531190505,5.867369087122683,5.643198247835641,4314.163198510645,11.339996703027673,-0.5512231397299566
08631_03,0.1728277609711615,-0.1539616713399356,335.01024738172623,0.8845539410017996,0.9113612324721568,-0.3562208551954433,0.7975757289108808,0.8600896321936718,5.876888143238031,5.947499138155598,5471.627719600838,9.735557075481449,-0.3588255778703288
08633_03,0.1953206753158593,-0.0439545630096475,670.7060086604874,0.8939777930238492,0.9217048511540624,-0.1260201009237188,0.811478139701365,0.903540698668062,6.157696548293327,9.15793238682933,2488.0365895517266,15.741853070016171,-0.1311543462642742
08633_04,0.0716125196331865,0.8146381323290717,411.6543385490754,0.8479331155748658,0.919288589725734,0.2078454882767833,0.7951733913135859,0.8879369558266749,6.289460753314761,4.970474041112908,2041.2602168473727,11.02012324960648,0.207322345774364
08635_01,0.1044252844160433,0.3617935974062106,375.2507295585941,0.8822470105575202,0.9177390016914174,-0.0381940767702661,0.8010780867609213,0.9036887168699164,6.060801067168681,5.86926651110456,5051.756601389766,12.336686860504296,-0.0388404940377734
08635_02,0.211022896119068,-0.1538367612337262,381.2068878728135,0.8791624027795785,0.9187803585505192,-0.3874578019657529,0.8020139070855752,0.8967301514511807,5.8516739253947,6.960408913479996,3309.7521631902355,11.175216135766572,-0.3875945860002315
08635_03,0.3612073702227837,-0.2671971257720389,441.89055354045104,0.8908890079599628,0.9166026088138084,-0.3034727303570438,0.8099705440062375,0.8885744197738216,5.934684439441456,7.274263688034534,3067.1149715729625,15.6652272697215,-0.3036307774220835
08635_04,0.2081181635442603,-0.2374761569479659,413.5927045927046,0.8973623605621349,0.9233500686893444,-0.3636973544310261,0.8094138103181623,0.9014844635346908,5.944272271078498,6.405315710971173,4642.831575256407,11.131297741381582,-0.3630304852273837
08639_01,0.1622030774308486,-0.3947323303925948,482.8170308148115,0.8716176929304136,0.9166609112284212,-0.2563401827146448,0.7821059796983578,0.8949047698505419,5.8593911164931445,7.608706890656911,5470.091199416032,16.847985723850705,-0.2559164384952703
08639_02,0.0944108065817029,0.1522815826246996,428.1677114022441,0.8590527812691684,0.9182225936957962,-0.012270213952666,0.7776635092378523,0.8871556363861863,6.051804714759474,7.117046272365563,4449.797581590475,10.97386250769316,-0.0072111898438339
08641_01,0.0794402814273326,0.0956030334537267,410.2924190016818,0.8959514114678951,0.9234789121226212,0.0573542482831808,0.8014976997349641,0.904198742863764,6.040319940065027,7.297556806104295,6017.39455406835,11.877267483035231,0.0567524320688286
08641_02,0.0478655971783973,0.3878273778594936,447.35015760518434,0.8790379897518826,0.92001210998378,0.1934631196811714,0.7993595552956578,0.8984421912756424,6.298740059256299,6.656655141091766,4959.900571970483,7.608741147252907,0.1925491814463346
08643_01,0.089088379605625,0.4778161539775142,420.9398156648184,0.8743496191719674,0.9190213037379402,0.1374956987867762,0.7976521440747227,0.8970173439112834,6.150760983675075,6.384608239663366,4853.253507467512,10.13119150466756,0.1382851487492068
08643_02,0.1498805113125861,-10.2281396561687,464.7215071546703,0.7322484750643251,0.8692951723608003,-5.017540833568625,0.7824287169141925,0.8368788440586463,6.415641256286217,6.26702777428368,13310.22582882508,2.194619375737709,-5.363408478584347
08643_03,0.1932740163350347,-0.3594832531530427,344.0349179239017,0.9002332334554934,0.9248713818294296,-0.265996359767129,0.8112433196083301,0.896236013399618,5.812623703725033,6.846139791858536,2242.584966509551,16.41137065858736,-0.26570721974422
08643_04,0.104430864261016,-0.2379671179754311,389.107118768778,0.8829871536416507,0.9271988726326712,-0.483020344445753,0.7999930660699753,0.904262007114312,6.054659715761012,7.46642209272297,3497.104817878935,14.885229728648696,-0.4841541167600184
08645_01,0.0665346087657447,0.5050927747254568,443.7782037764785,0.8833803247396658,0.916917839333472,0.2334749181504261,0.7927503184744077,0.9034484902871908,6.269889175045039,5.597567169029039,4632.333352781587,8.277580654524298,0.2369104043514222
08645_02,0.0645584047459351,0.9830736580146532,372.2229853479853,0.859475696124061,0.9133817248470476,0.390521551813281,0.7815362925319695,0.8925614992304151,6.198196238770635,4.653227663000598,4624.083053348824,8.443416452884183,0.3930834974745427
08645_03,0.1126972239081375,-0.0710189348927996,405.0494628433597,0.8837459072570575,0.9223187429817548,-0.2195099057793167,0.7964580555368501,0.9072489228952004,6.149588591041816,6.394321330802485,5522.788430074967,9.801255537027467,-0.219871477639985
08645_04,0.0838837254545504,0.186403391141174,425.1578326636405,0.8689221185040104,0.9211909779335372,-0.1192464138152942,0.7875159383027794,0.8963483605578396,6.067910865778997,5.374576432900119,5645.393369261861,10.021556635749452,-0.1229422545892041
08647_01,0.0838068796912236,0.4294173338007596,412.11175834525096,0.859819945732776,0.9177560617687732,-0.0712117769421222,0.7979211023929796,0.8843203447791536,6.192442975608098,5.132190496287601,2655.2802059633577,14.774230191674762,-0.0704649309653544
08647_02,0.0589357565120607,0.5098099774824817,530.5779413898158,0.850204228551618,0.9139655594675916,0.2846679767980448,0.7724846062735985,0.8907542283407786,6.437797220571587,5.822011644290674,4770.599515861176,6.42159562819614,0.2872748763043076
08647_03,0.140759008113378,-1.1384376036976611,392.85424088280615,0.8609942408023473,0.9024702324554356,-0.3611030513803991,0.7734958929194246,0.9041051141586836,5.880852329056201,8.420487236170972,7235.43818244347,7.502247006742655,-0.3588050692204614
08647_04,0.1077451471478293,-0.445527107820268,388.7629493763756,0.8784824588395309,0.921204532003708,-0.4156209258320253,0.7943254104619875,0.8995479658122116,6.037035132740226,8.096463778191817,3907.5133017316434,14.195961629853418,-0.4138064713839661
08647_05,0.0736636262800188,0.1057258932285714,467.4054486583051,0.8606077445798206,0.9150954410048038,-0.1297049445481337,0.7863903491099075,0.8902375708525654,6.29610912424535,5.876174649933523,4400.425973058539,5.97766818268804,-0.130658463114255
08649_01,0.0550932202529629,0.6468109204557295,563.7384138445238,0.8527314049879103,0.9117313134817402,0.4841160091117253,0.7760153184624855,0.8915973900136841,6.438305392641313,6.260001417798054,5001.084779595231,8.286995948961128,0.4859120123319904
08649_02,0.1267713783632994,-0.597134586929294,474.5962423546934,0.8653479570013695,0.9188498952766674,-0.6941902967907249,0.7798084262653256,0.8968437670170245,6.0216845100816885,7.56266792564093,7481.375276222351,6.127098935108457,-0.7078604999004504
08649_03,0.1779594396397052,-0.1893805664616656,509.86837815371,0.8650774093086383,0.9213238607129296,-0.0629040627724844,0.7754235813706912,0.88840578014627,5.946186063084847,7.642090573334245,6090.468137713229,12.02547094303671,-0.0637723220649753
08649_04,0.1086745521148108,-0.1046638988921794,537.2543896346054,0.890682433196045,0.9271899069027576,-0.0402552417654928,0.8003656200474153,0.9101334596753436,6.018869254138324,7.271839085715685,5777.205816261971,14.276954073912757,-0.0403509131086173
08651_01,0.0851249847143122,0.4733670546964634,557.5815259352846,0.8520266510121757,0.9109542979902072,0.2187315659474517,0.7823879025291404,0.8745215981606979,6.272702180330778,6.9257967168857615,4976.634571462916,7.391263503883276,0.219244110786965
08651_02,0.1023355383237887,0.1844015486225251,772.0304521110972,0.8775943410193131,0.9205955952276144,0.1405329610861769,0.7956446523408416,0.8931315999318752,6.282509587736559,8.761253856747972,6173.037540453074,9.426840495355316,0.1407746225429321
08654_02,0.097327436085566,0.0226752943441243,445.7502516790093,0.8568667204914701,0.924167081260551,-0.1666932843186357,0.7676300801548083,0.9015974991499472,6.029199332715861,6.044591236596988,5348.640393148528,10.791430631292275,-0.1665610792469023
08654_03,0.1476010777093399,0.1950973465235903,805.6746252247166,0.8496657658697064,0.9220074662816202,0.0036364248318217,0.778487367692298,0.891645057717544,6.297862701206383,6.357121013919575,7035.538905704308,9.320818554154457,0.002798372451247
08654_04,0.1243753263321012,-0.1607713608937387,382.4122394472508,0.8783217441257983,0.9263937474898764,-0.3496497303147763,0.7961480181010756,0.9017861921354152,6.025874991774634,6.294592535184849,5294.758028086026,12.473244747385134,-0.3468999378084365
08656_01,0.1877306445298167,-1.797444917860064,370.5814319080129,0.7718801419893567,0.8936880329841136,-0.5880048636448988,0.7083531574832667,0.8695901503324364,6.001115971381891,4.278306343978659,8100.160536431941,2.9814743454691843,-0.6009028755997327
08656_02,0.3354879212686457,-0.5707333537393422,386.7503946563,0.8358308087995958,0.93505981616554,-0.4812181194798565,0.750380527390415,0.8766626202635437,5.694960261597378,6.080319608032061,5965.385956014569,19.67876828367053,-0.4844203494127282
08656_03,0.362000076257246,-0.7085216909808085,327.037784245055,0.8375196001764562,0.937597629517287,-0.6316597664920413,0.754859333174131,0.877765374065731,5.707542411214385,5.605409370111833,6094.101987459287,10.425149961157036,-0.635944911228648
08656_04,0.1756120341461277,-0.4601249027675916,394.95862535974265,0.8671334495647528,0.9279841352254492,-0.5756543342338484,0.7786531914875554,0.8952997185775686,5.944139182734543,5.262329977286289,5324.592043515359,6.860281621203157,-0.5794447571776326
08656_05,0.1076877349400985,0.4565493347255424,438.3484801964999,0.8771159290820693,0.9238206772620288,0.0714499977470594,0.7892894315575646,0.9053843333717764,6.167041323562456,4.964599191701873,5240.553616443669,9.658068196242814,0.0717323764909854
08658_01,0.0864430638865089,-10.10888496542788,475.6093114358897,0.7519925611942736,0.9039408404314112,-9.083812107915302,0.8056325397880242,0.8129750051527468,6.35131949222504,3.4806235062008484,11386.283994766682,4.213596790666841,-9.701901172903934
08658_02,0.1417300648989491,-0.1117885061790454,645.1938295763551,0.8504684528446627,0.907760634454032,0.0749252459044587,0.7695878174852021,0.8914203672378487,6.2609961068049165,6.02079966546764,3558.267970277669,9.97490557852205,0.0727415932297666
08658_03,0.1057753004267825,0.7232425519229555,345.1023773779381,0.8386335544953415,0.914270508852525,0.1041429418690939,0.7793646413955873,0.8698123716056477,6.240394273775872,4.471151728199279,4378.744894416212,6.523351440301866,0.1019073964118515
08658_04,0.0975134015903309,0.6425329649391482,376.0189147879251,0.826864679338314,0.9107350450623282,0.0935393950835171,0.7668622662052826,0.8734685596028414,6.227796439629031,4.680702252675288,3740.8679693688937,11.46172789742943,0.0915427743298641
08658_05,0.1155588464700836,0.3725002324854095,418.9595192498184,0.8714237330677077,0.9213945917030733,0.0667274410281209,0.79615667139171,0.8914980693024517,5.959227344720462,5.297365159883541,3588.913191691771,9.576473403286618,0.0674873277698442
08658_06,0.1603078452865773,-0.2097765318555772,382.00541271989175,0.8629995058291966,0.9240127275234172,-0.4092386856097834,0.7794192248499263,0.9003486790341867,6.000214702340143,6.1772949171117855,5920.933353873866,14.301646792501296,-0.4126524972199027
08658_07,0.0932949736896328,0.8106993493680408,543.8873408413639,0.8563267618052449,0.9123127965191956,0.5506034826309855,0.7781017850473101,0.8864937383379714,6.339806330278685,5.183942152060406,5019.502851953801,10.275127934458752,0.5559414968966478
08658_08,0.0836590938315351,0.5727185856457204,488.09833080424886,0.874264081711482,0.918369094438992,0.3602380711404144,0.7888613505652141,0.9033993173821144,6.175067280410677,5.654744447158579,2161.6654929577467,14.362458336692878,0.3617523010790317
08658_09,0.0992422010530549,0.1446797936610575,514.7373997991058,0.8675691656856498,0.920517401407654,-0.0315683491758451,0.7774775539330206,0.9009721341959204,6.266514131996993,5.820271143958541,4638.566877424479,11.280823897576234,-0.0314995551198634
08660_01,0.1369283960498052,-0.2958143331019655,569.4643668254504,0.8492250958145947,0.9218549972093864,-0.3057828834312293,0.7620858731790748,0.8934864943400703,6.113757763788814,8.670667382362762,5748.218438236895,12.077424461302032,-0.3081673570145474
08660_02,0.0460790720969183,2.2419180256592925,377.7621787495205,0.6727864054329479,0.9068218697476444,1.1460303968743824,0.6857650955545986,0.7907865367499547,6.266713003099516,2.44171404474244,5352.925888609012,5.305805307454685,1.153121172079938
08660_03,0.0607485126188935,1.9578400419951023,416.07404189152106,0.690010755724181,0.9043798676050606,1.1234218699820202,0.7136422428136733,0.786781326376853,6.355829972607598,2.70836407490767,5696.265921400176,5.313782388172681,1.1312758333679769
08660_04,0.1678354320021072,-0.4605945687006777,470.9384725668597,0.8604130009472704,0.9203337274279554,-0.3076000357781885,0.7757242916764283,0.8827426273964979,5.907533366880451,8.32163240033979,5942.493420621931,9.95879259689194,-0.307289600133291
08660_05,0.0651231402047563,2.013487879090639,386.295143111976,0.6645608051248668,0.9046087209790724,1.2200940857352025,0.6913199502950915,0.7543416564382941,6.388490907535653,2.8347076034157435,4834.493435114504,4.857745554603747,1.226779454923656
08660_06,0.1627115390802705,-0.5090985953906176,416.21578210294666,0.8419993136414241,0.9238525467246652,-0.5267989027983725,0.7594631027193662,0.8813473788099028,5.998183500796779,8.405230852900951,6129.166958600367,13.189684254912516,-0.5313587328097232
08660_07,0.0650635481900562,0.2211612042178791,983.1990455148034,0.8843415722681982,0.9151821952921212,0.2218093659264581,0.8041576487559264,0.8960081596382057,6.302182864946146,8.999173725181503,6027.210562055997,7.224801277428494,0.2210907962409187
08662_01,0.1278949972913001,0.2543512348021307,495.1120164736621,0.8120234189706949,0.9069217425969048,0.3722405378777141,0.7387212829331354,0.8423012727734969,6.278504582464646,7.953813312358629,5026.971190056092,7.674086059223599,0.3741711182880808
08662_02,0.1049968303850755,0.2731464498333488,761.3062983274858,0.8329160570900548,0.9053489681489256,0.2848950038074538,0.7605803133043461,0.8532609009400999,6.276819427618657,8.215766082940496,5604.777746060745,9.01703397007363,0.2867200201451347
08662_03,0.1105458557138382,0.2790566890660431,647.6168784891318,0.8606144781897904,0.9122813894896856,0.2832273898710686,0.7863304530738902,0.8777812307216079,6.309287204690162,7.682351462565237,6751.114827534717,8.93077878043096,0.2867927612346141
08662_04,0.2503187751974775,-0.3941033440778549,533.3576438491531,0.8745591348392276,0.9249668274247858,-0.34419838829414,0.7870883190603373,0.8994531163656129,5.871685547531213,8.765757233490666,5814.67436147232,12.82167218406971,-0.3452172351895129
08662_05,0.0998244062488267,0.1647695755646348,543.7655574762316,0.8798780312463141,0.919447399254482,0.0486961248856084,0.7906549832116769,0.9064417450736098,6.181020738823643,7.231102034431792,5363.688601707233,9.526688595134605,0.0503751393238994
08662_06,0.1203807400642386,0.1826482274984645,537.558088448626,0.8845192815611053,0.9147112730269912,0.1740918712193025,0.78987275401985,0.9010494579892044,6.089402713655243,6.857980232574464,5240.565017082514,11.335401258147025,0.1756080950153863
08664_01,0.3159558985391674,-0.1498538024635149,427.2190880460085,0.7350539475599528,0.9167424146842,-0.0786809360175542,0.6535152176183923,0.7974138019580888,5.730332707275462,4.8792555104799815,6281.698802799089,7.513471821413671,-0.0797083198149927
08664_02,0.19299042049593,-0.3759666845458176,415.7607430309554,0.7594960078645066,0.9252129888519834,-0.3948522362443629,0.6738157157746678,0.830639710240775,5.85262887929923,6.703674193544801,5440.955246169045,12.431711161352434,-0.3978081311272241
08664_03,0.1109589081343574,0.3831816401062425,496.2776719072574,0.8712257418549866,0.9174078419028068,0.2712323555384319,0.7889865169446639,0.8914500824641234,6.252088346263808,6.617462003335013,5753.560287715313,11.298209695780615,0.2720276101243751
08666_01,0.1261417757164682,0.264806776246625,1087.0536709997066,0.9031184369456684,0.914193882908085,0.1708581914008158,0.8183846725921148,0.8984684824307143,6.313324622170253,8.19401800383169,6357.9309323539865,9.407313396031649,0.1710299956685321
08666_02,0.2013609808500339,-0.3604172506241382,526.0299612218519,0.9008878721056032,0.9197146501758936,-0.1920934382160161,0.8122855561134508,0.8978481525880643,5.947523849860166,10.311580172214011,6382.839737784103,11.340378319112672,-0.1931650430319413
08666_03,0.1704415063646769,-0.0344650571412195,517.8380026217114,0.8753103250340413,0.9109382767479716,-0.1214646742338396,0.7912538530130682,0.8750295377534915,5.995968201095423,7.559867517160328,2499.8400347121783,10.226410235151103,-0.1200800717853243
08666_04,0.2356726037909815,-0.2308485694800832,686.3515923566879,0.8906771320662727,0.9163865136598908,-0.0649446686426757,0.8048872226241501,0.8904682632121655,6.019119273323641,10.0949862249845,5526.751004424554,13.108233036003316,-0.0651113957183488
08666_05,0.15577017889431,-0.3308056850457141,450.7795423956931,0.8902353618927799,0.9155529408886968,-0.2080684742398654,0.802281961804598,0.8939617105631129,5.993344541066293,8.835848829651876,4665.82655740543,14.02928026027663,-0.2103755043213941
08666_06,0.1201337721282914,-0.2919206323810053,534.2682700403722,0.8885867923419386,0.9181591173322856,-0.3289613716379227,0.7997523485977849,0.9000199002132846,6.074126736695483,8.660308295878945,3392.86493484077,13.642867011920549,-0.3311834252553798
08668_01,0.1506916981066529,-0.0122055884482696,545.3722549544724,0.8596599698642214,0.8974868293843186,0.2052365172665065,0.7766768999103584,0.8657601161842668,6.155785439972968,7.599007315760678,5635.901930009564,7.809005209326744,0.2011421672169535
08668_02,0.3000094683191837,-0.6851591673764605,541.3741036841672,0.889146669459958,0.9210036979317462,-0.5668056077226795,0.8081200701720365,0.9033856053685908,5.860447842427095,9.945829710950852,5784.616420999282,18.58167566151776,-0.5684604175838732
08668_03,0.1553528052366906,-0.0349892536964674,654.6605145896219,0.8979179952572893,0.9101808258904072,0.0357109919794238,0.8064872320688994,0.9022761448369246,6.093284766099955,7.185803257410404,5381.990422685928,7.717588240043956,0.037861178186699
08668_04,0.230244379206874,-0.8692069906582772,415.435452730061,0.8769118342555648,0.9257404442621692,-0.8862096801827712,0.7963261599094119,0.9092893418149376,5.965888051249345,8.54627274193812,5839.8594768475405,13.191174279178144,-0.8918147533177831
08668_05,0.0631529244853933,0.2696302818934061,408.7431256161252,0.7631065697534476,0.9103604504546416,-0.7157042993343334,0.7352896138414504,0.8480749381580702,6.385703824749319,2.33183385582191,5856.221640300199,5.380504753614938,-0.7279899068497817
08670_01,0.156334752886742,-0.4800359033223492,411.47956131605184,0.8779627279081023,0.9186799204994406,-0.4929991560582059,0.792454882866459,0.9027024347882234,5.963334856756254,8.309705708733029,4234.465770056972,13.560373806873372,-0.4974902526784797
08670_02,0.2227841186161548,-0.7037550386533525,523.6271504535503,0.8930574029782574,0.9235281470312044,-0.5452798294405842,0.8093850063699791,0.8963916396955218,5.892965667223499,11.200519170471548,4914.076777581444,20.44501151218406,-0.5467649969320532
08670_03,0.1540486520192754,-0.5242843993949589,439.8049372723594,0.8806550116786522,0.9146271725438208,-0.4094436817384814,0.791762893934558,0.8941623856855175,5.979448212137342,7.714163958086104,4125.696586955841,8.033132763981374,-0.4143851077114554
08670_04,0.1227907954145665,0.084072930526674,818.8145205197251,0.906865689822446,0.911793037326341,0.2320143139800115,0.8130732440809264,0.9107165496030348,6.275022356820129,9.020591850069051,5714.097184184637,12.431560932355696,0.2341803541574304
08672_01,0.2014633500264511,-0.3558119759918936,432.9121089286359,0.8553747882627575,0.915092955541165,-0.1562989897020779,0.7726812451295646,0.8765708580923042,5.835267250253282,7.444577617915554,5798.399556322406,9.845304855723072,-0.1566121644055101
08672_02,0.2702765853195154,-0.3572871003431178,567.9108852843463,0.8588288171399497,0.9071273036105744,-0.1055659530046668,0.775611451645077,0.8687690768633812,5.89303388431825,8.523568734605405,6363.000338388004,10.090748433889024,-0.1066172587009131
08672_03,0.3106766685078959,-0.7362628200167988,429.1826311975986,0.8677879409339857,0.916902926998382,-0.452058067061912,0.7907769807716637,0.8854000589342815,5.784345661522598,9.487550933804192,5846.951600641946,10.49828985665464,-0.4540372357754954
08672_04,0.2708937361140954,-0.709002586704161,425.5518990501912,0.8654495127291343,0.9137653319601732,-0.5575414301694506,0.7852632850965483,0.8852745775633998,5.815266666417332,10.079078132391928,5782.222785244987,9.155779021303996,-0.5588702959604893
08674_01,0.1593033267329412,0.4367058420549463,530.2628673030133,0.8285637799813605,0.9042128518798408,0.4306758360930338,0.7584596379358947,0.8210594385558235,5.991275396183167,4.515340684503478,5545.127645100945,8.292501727211187,0.4326463535179342
08674_02,0.4319888436729331,-0.487345527127534,402.64966256450975,0.8733634559209726,0.9244301463001836,-0.3106134624102407,0.7926434251708672,0.8733860658820832,5.736785578154514,6.492668459645918,6281.0072997374655,13.12644619979379,-0.3111405812111999
08674_03,0.2355785724691741,0.2285604736892034,464.21506448396747,0.8735908489163962,0.9120014962789084,0.1310802443545031,0.7895853695150159,0.8706906225399936,6.012508228543771,5.08235101178731,5694.511130091283,12.34351213365074,0.1317452649206138
08674_04,0.1524020811318136,0.3219488632232455,609.0799296899968,0.852200999595027,0.9074886394905568,0.2715284144054271,0.7707681791571002,0.8688376293859676,6.095073483198186,3.767077507114535,5655.842677242409,7.636486794946732,0.2718490845766257
08674_05,0.4564725695951535,-0.554883073514033,539.8290009924615,0.8364240673038463,0.9193244691959016,-0.3170642219042179,0.7507370429007115,0.8459727571941205,5.893356691474395,8.878164208022,6191.119003102464,11.860530593583016,-0.3174008484957036
08674_06,0.3857582634956512,-0.4346402977536349,503.0808892620804,0.8387605630314434,0.9139140463901876,-0.1494039526501299,0.7533326107955769,0.84099660156577,5.70671943934434,7.2648454752320655,6291.670474424094,8.863655196690662,-0.1498879425125818
08674_07,0.1624015099180672,-0.2147284026428549,405.21891307367207,0.6363766418732884,0.8801542353281856,-0.2241148891119813,0.6214084880996511,0.6645806516676246,6.051000971606334,3.287317817628624,5614.460033252334,4.284055946745529,-0.2380563714753434
08674_08,0.1785344131525282,0.3868156866096751,364.4576926568032,0.6144942366448607,0.898175144512845,0.3205633044315552,0.5614394882526322,0.6744379182932949,5.974965628836584,2.890766819505296,6747.031732114152,3.529661850963676,0.3245220509670958
08676_01,0.4262449038731142,-0.1671710508450234,653.5104762878168,0.8854415166187364,0.9062114567658882,0.0815879072015921,0.7981551356233968,0.8461568135773598,5.869531609030803,8.428576324911862,2539.55863045437,13.764695241188091,0.0828602851588752
08676_02,0.4554638901856219,-0.3038802015755796,953.1746241197742,0.8920073311118528,0.9051575080607516,0.0201775459616484,0.8093270301260566,0.8379826513372193,5.865482448071222,10.352092548629246,4376.1671336508825,14.672668724567142,0.0197049790819512
08676_03,0.3314803853967338,0.0663308679165024,613.4788728596468,0.8803295548822124,0.9017805607011128,0.2223984214567326,0.7959209789571814,0.8516199965925739,6.016929124689342,8.702949089186443,2843.640499970796,11.124091381602325,0.2221352018459831
08676_04,0.2729312932543912,-0.0137665631018113,720.7465723769664,0.8963787892437624,0.9023903572206688,0.1688935761969677,0.8119380718236877,0.8429799868677655,5.961327001850323,9.1521238269989,3572.412327947337,13.903206839136857,0.1687421304027025
08676_05,0.2531483888673073,0.1039166772717167,1084.7651666723184,0.9061316125213912,0.8985145701258441,0.4437483214657319,0.8219138924513207,0.8489693008638123,6.045542918571014,9.818627125087527,1898.7218187559204,18.396778231134554,0.4444814083497699
08676_06,0.2210423987763155,-0.0593325414587602,795.9046231124616,0.9019948029098168,0.9024780039106216,0.3270233335307906,0.8161817829954439,0.849937128728392,5.907390559011804,10.626501424076965,2416.204617307551,13.74822327864105,0.3261147304247426
08676_07,0.1913420277398063,0.1589506308637271,609.2163993063083,0.8871173644487231,0.9052985498766366,0.392633604980231,0.8034657795189007,0.8683789173618015,6.0388612089683065,9.08575551171309,2726.8731950006068,15.019357615770694,0.3969026251662166
08678_01,0.3271487790482153,-0.2341055061804432,515.3873413803776,0.8823884946148011,0.9066465259932456,0.1016297702169606,0.7970393989869602,0.8543921951099936,5.834608048725577,8.938625562168038,6201.33208150607,13.35073062589701,0.1013402132336821
08678_02,0.3040927547942325,0.0093267279882721,637.3686829605115,0.886251832623292,0.9013185999947944,0.2771377549811401,0.8050937273684993,0.8371225684287785,5.884249310177853,7.531764815223399,6005.104740706629,11.083226097775963,0.2794029360299851
08678_03,0.1813439218571077,0.8372033925332636,432.0068139294591,0.8870243096338399,0.9099676663256951,0.5860849082977377,0.8100307808664519,0.8644017965871366,6.079395425774135,3.80637307852271,3261.417515638964,12.210613461608634,0.5872114664599792
08680_01,0.2683519915371385,-0.0059605897339199,606.6899642577907,0.8953108861104243,0.9019567609208232,0.3480874784004608,0.8066279828510367,0.862912561315515,5.9505145986625045,5.927191580491307,5269.110655494146,12.062561229544412,0.3498101549420831
08680_02,0.2448851132818061,0.0711212949091122,723.3111791457361,0.8984921306927491,0.9029703038513666,0.3112481106676691,0.8069486398034634,0.8811917336499289,6.017884420308171,8.82970058259626,2456.0445210199864,15.62685093504233,0.3106641802681841
08680_03,0.3292288538799394,-0.0275879253966814,521.3345725739625,0.8938021242748699,0.9035631537506904,0.1530644658118292,0.803270648684245,0.8667918280828526,5.917076389769456,6.908471450230116,3159.375964554189,13.888940420665076,0.1524141886568818
08680_04,0.3417551411036633,-0.3945999419322819,496.0264471280246,0.8823950550914723,0.9023944714436568,-0.1012342956151863,0.7977015213682036,0.8547109644757295,5.758923674136747,7.707657576485038,4859.015136522879,8.795753187547188,-0.1046142020384632
08680_05,0.476260943357376,-0.7802392386130566,455.72626537995086,0.8770295801048201,0.9089973186486584,-0.4742661194803531,0.8000303722465567,0.8683314375573843,5.700443955368945,10.22913515403162,5003.791097725939,15.263062610732078,-0.4764369032717979
08680_06,0.1963406938250746,1.0631784602043162,443.8257127684898,0.7855389889084672,0.8946160605246595,1.2564945368483331,0.7600847439811087,0.8213047920946315,6.120853366993423,4.486922887711014,5219.677968860196,7.907346806309538,1.271957023829238
08680_07,0.1777059365153179,1.5099264444747953,437.2880426140881,0.8146382499807353,0.912430654301441,1.1764889574156288,0.7824323192773069,0.826440203652029,6.192804465967197,3.9806394271512304,5520.5475695887,12.719226118392196,1.1834149633854796
08682_01,0.2973835635365792,-0.3124947832354866,513.612928877143,0.8889374843666911,0.906599417475636,-0.1084365611612027,0.7997620504738645,0.8463390860514985,5.8878828503015415,7.688788213039165,2484.8847764572724,15.320766129919434,-0.1105312210785424
08682_02,0.4703829986047861,-0.6323222372164382,390.1503160291166,0.8906485760003859,0.9105679345458968,-0.2311674212276122,0.8066849622254008,0.8463906674284801,5.5393659024462565,7.208371080147873,1877.9913727655464,19.47753203615936,-0.2348540824452643
08682_03,0.4495208496139631,-0.5457589015175456,609.5065715093273,0.8964618160379036,0.906192080310857,-0.2203257495726779,0.8077825344801483,0.8505368891100313,5.734743385889146,8.090344675951588,1394.1991591262224,22.21225573836657,-0.2188663446335737
08682_04,0.62286222276991,-0.4728325898002283,634.9063458568103,0.8926037400831348,0.9083219396984964,-0.235328227345468,0.8096425025963626,0.8514726917367386,5.713383820896687,8.637739583221425,2288.7602647520757,13.982456151236072,-0.2335559770861002
08684_01,0.2997147801115441,-0.4764279035013113,356.5279877844401,0.879884885590481,0.9042905810611348,-0.1976922080416148,0.7965609263845719,0.8535996925722324,5.743308291380912,8.440787618184148,3812.786560969226,14.79232898275599,-0.2006406262529399
08684_02,0.5261211308501916,-0.5696560808569027,498.3336052807239,0.8823857199231802,0.8986773126223134,-0.1778363677261898,0.8023379100963663,0.830241157619381,5.699868803550888,8.859444205401672,5660.145058331499,14.639568965764363,-0.1795380230615559
08684_03,0.3893765817886523,-0.1095409528595997,549.9727328349871,0.8937897530329398,0.8960928726211687,0.1722050188162797,0.8111447224165393,0.819435525245353,5.804955793613168,8.017996760456418,5294.960358526309,12.97863417688196,0.1732150152130265
08688_01,0.2127270193442581,0.7570447628879519,355.3365082388799,0.8325956711574545,0.901931953395819,0.740055350072838,0.7714778736653927,0.8154071285901415,6.032017202839987,3.9082067774638585,4421.923546156974,12.356079490614988,0.7432448754307014
08688_02,0.3600309581144114,0.2240658330340919,460.63188991385226,0.8540437312172239,0.9075857589627034,0.3404158069654352,0.7748703186911676,0.8210621725965079,5.843235741389648,7.397696706661846,3344.820962700562,15.308884815997317,0.3403105779312614
08688_03,0.3119191382181248,0.3979062376101654,443.4581442831216,0.8490411806936224,0.9087789947999224,0.5005921029462516,0.7734948489049698,0.8271550083839119,5.801875271702784,5.230717633084179,2510.838757135291,12.451269275488508,0.5049916240592446
08688_04,0.1456857758923079,1.69428306175288,458.8772678061744,0.8411227185976006,0.9174562255096844,1.1839461618541802,0.8017713177949095,0.8420296319418658,6.167301735197866,2.6364288021459186,3493.204166666667,10.97140946820518,1.1909242712816197
08688_05,0.2554767318082044,1.4013614084381834,526.1646304541407,0.8435422755549783,0.9118444584815258,1.0100279065443625,0.8018733625890558,0.8077515081193836,6.038368591708834,3.6436431077148193,2635.089694971146,11.968745415146078,1.0211336594292986
08688_06,0.1962641889927795,1.993389360916947,594.901419234871,0.8289074894925559,0.9125793714663896,1.478015565230543,0.8049305491105826,0.8225584929001766,6.152803568137307,3.0593296257389917,3995.973003653908,14.350937113704044,1.4897739312857128
08690_01,0.5360629309481083,-0.7624136745065344,427.8703168020074,0.8874771459900604,0.9087960036252956,-0.444229923032004,0.8122779482216413,0.8710228832537371,5.625535050710375,9.845318835511833,6021.586695153114,14.431955755501251,-0.4467735524949687
08690_02,0.2620973577071004,-0.1343330976605108,535.3166577270765,0.8919120253988638,0.906636556923073,0.0827559191539489,0.8041969493403038,0.889704578803956,5.900980598106717,6.837107376820232,5540.709865776901,9.36583234266379,0.0830726295100652
08692_01,0.5049951156573815,-0.4823354553340654,466.7721874877119,0.8691023004916543,0.9053813069984168,-0.2111691479987235,0.7880074768922698,0.8461261199540604,5.678370713423108,8.1364750788631,6110.077917934101,11.10688850959054,-0.2129846507420806
08692_02,0.1926974285648674,0.1700015491582336,450.66130695867184,0.8811150555262965,0.9027268302466294,0.3348336179633054,0.7943223235212977,0.8465898475055965,5.87076792225619,4.209001767511383,5472.160495158985,10.005079105676549,0.3372023208417939
08705_01,0.3774243427449296,-0.8924949156783877,598.2964629401309,0.9037851567309344,0.9105149221351252,-0.6165082864941541,0.8267686626068047,0.8889226558822394,5.854362836624799,9.510485998946823,5674.418915117813,20.31768124055989,-0.6197481269220994
08705_02,0.4683308233365785,-0.6807103331771464,608.1262021223678,0.909204529365342,0.9141160095939694,-0.365678137933827,0.8261270338724871,0.8826865079736466,5.807156979305299,8.635875681411479,4724.955563027093,21.60585064419104,-0.3676446102310788
08705_03,0.4862525598936891,-0.5801924248469186,588.9378804267142,0.9144272739278968,0.9108271614491112,-0.3235030902940204,0.8309570453338377,0.8737372783533571,5.763685398204846,7.860172056836052,4665.5338881286825,16.813736975733026,-0.32322578576508
08707_01,0.2530983687139277,-0.4157347756787844,396.6170435970626,0.7257253170913366,0.898806518854161,-0.0897261757785763,0.6881895917188149,0.7259749318397019,6.060977965121328,3.448536886166462,6615.245990482905,4.063630616333992,-0.092348005530403
08707_02,0.2487505854584324,0.4258601803923147,550.5912971267231,0.849470556409886,0.9132375111507118,0.251474236394739,0.7755087738879761,0.8597768545307419,6.043423492036491,3.711141284174305,5270.006747773737,6.734147657726826,0.251302845015059
08707_03,0.4491103587379069,0.1860662704349285,418.4857617885316,0.7742726196229289,0.9030438856386416,0.1095128884532329,0.7125599675982744,0.7658285118762183,5.975209526141244,6.763090863585129,6183.119432977306,8.842223102989092,0.1097078130063818
08707_04,0.3465080709242725,-0.237733512952364,377.96059630459126,0.7988897347540582,0.9107899768023836,-0.175220712508625,0.7226165016122789,0.8095141268110224,5.770632170550338,6.277797939287918,6068.744936776113,9.395173554303891,-0.1754864124685828
08709_01,0.4752999459639144,-0.0269184731499348,601.8297131509868,0.8495290268657404,0.9018612548882032,0.1817414790325307,0.762979276330908,0.8157068466671911,5.73355758358417,6.029957342164593,4995.472978131646,11.418689812388164,0.1827785741620608
08709_02,0.3779764328796644,0.1440683310558451,692.5839894242068,0.84852335036013,0.8937135828629477,0.3553214670295528,0.7651696249049299,0.8043067791045655,5.760319332842079,6.2966958089097,4951.621634416238,11.212718046351869,0.3585953897185375
08711_01,0.1255565064559426,0.6687765646416517,573.1258485864055,0.8732133835402733,0.9023622995206328,0.5711226215948384,0.8006183196927903,0.8627133593532492,6.242946279058723,6.445300114482,4495.878352749933,12.982254221280684,0.5787596199123511
08711_02,0.1801801717165839,-0.0909954012524692,716.0359561510353,0.8903626076898117,0.9090320254077392,0.2544446976240028,0.8056454258625163,0.8770087819074031,6.023902686574941,10.960604788379186,3388.6176814366167,12.7408310538824,0.256335593439269
08711_03,0.2698874252797665,-0.4392603560932416,659.432789867749,0.8836382545037773,0.903403032832639,-0.0750571405492437,0.8031145064778307,0.8638203480156594,6.008796098573892,9.28070337698429,4209.277298120874,8.111033209163907,-0.0786838303071443
08711_04,0.2072061675902294,-0.2717284519785861,728.9676456143798,0.8771941061527349,0.8971938798874762,0.0379182194139193,0.7960021965633782,0.8492230749376799,6.027705584666824,9.687761875632342,3955.060764507824,8.747394659420848,0.0361332808955156
08711_05,0.1652296037611926,-0.1227481700805527,707.6113048471353,0.8762054530871841,0.9018944252956274,0.0505232340283475,0.7921342380400055,0.8727316744570781,6.223021952392978,9.262439024135544,6046.360102520291,9.358411875198897,0.0512266674594868
08711_06,0.1855268182497401,-0.067846572300717,562.3253447456016,0.8667872153736284,0.9132116841698844,-0.0265731964066562,0.783933814368746,0.8808874690281742,6.096730525152038,7.876842961200784,4624.60592351309,11.133786841177018,-0.0261589375730934
08711_07,0.1627696178926931,0.2853781284855488,673.0175842714856,0.8278811560909619,0.9045038357542332,0.6178803231902075,0.7514533237364311,0.8538752564168102,6.227671360678063,7.136835737474596,5349.916735542699,9.711309528319896,0.619192398091543
08711_08,0.4393094385969315,-0.5719125530983163,570.1055261165784,0.8817380911957052,0.9185888303052064,-0.3394554297274369,0.8009472244023196,0.8764752990894866,5.795004810248878,10.18482880974951,4228.079481168933,16.64944665369888,-0.3389010467317299
08711_09,0.2135343695967386,-1.182604886219589,329.99943821438603,0.8527975417873007,0.9051673891260864,-1.1988744406877485,0.7802465245971235,0.8728267902437569,5.92476209751514,8.149531203837572,3762.124379910924,4.968786846016476,-1.2138790114409683
08711_10,0.1338786004592431,0.7649173960056721,330.58530296519126,0.756487508981869,0.9014202814756844,0.548722880327147,0.7105820821700081,0.7906893339949977,6.055778687964157,4.2487589220863935,3090.1373421745843,8.999116691730308,0.5529303692159413
08711_11,0.4285818744172675,-0.4157327858719612,370.1041583022656,0.7872829637452319,0.9108282256618696,-0.1746079908913512,0.7097567742622708,0.8003427012447681,5.750263363579758,6.85476080000447,2527.2048780487803,9.199925353495466,-0.1772604986620629
08711_12,0.2312591046598168,-0.0400239220522487,389.6176524371661,0.7702281798571199,0.908455980697062,0.0426451835874975,0.7178937803999929,0.8042676735712057,6.072388323866941,5.29475293865845,4250.028197767145,8.572556453199851,0.0431292751006177
08713_01,0.1875661805989755,-0.0262032059966124,762.728952176561,0.8900695378615776,0.9109527662896916,0.1012775051084366,0.7981812942902773,0.9028282789601793,6.234134525257664,8.23092015840794,5265.413706447475,11.207191958152949,0.1017201654309438
08713_02,0.239506145638362,-0.4443030223834914,485.4712232909984,0.8662286851630544,0.9105500086961228,-0.2582105231834228,0.7789747108610428,0.8678855674960027,5.883065241080446,6.295327208078911,5980.658021775929,7.791359494168955,-0.2581035266811762
08713_03,0.1351908632942695,0.1854366129915198,656.1515833708539,0.874824141525054,0.9016709767521368,0.1204869648050525,0.7931212451587756,0.8620185682509316,6.124554498542179,9.462916847738924,5646.574861255108,12.007249851831704,0.1206429803858164
08713_04,0.2898872714481212,-0.7012676279376235,387.2397707665762,0.8626036241107373,0.9092768108729252,-0.3850955585079218,0.7786729396819484,0.8563385810938058,5.773171611653091,10.596002231826532,6338.943447390755,13.840687234394576,-0.389559479955297
08713_05,0.3906432739152397,-0.5833486353295171,527.7245705695116,0.8200480638394597,0.9091447831664768,-0.3221210698298191,0.7352925538511186,0.8206589767378997,5.666834428632331,8.02123968823065,6263.908594087071,8.533654195730428,-0.3231964580531553
08713_06,0.3114178055584895,-0.5476277158117923,493.1290518053082,0.8240177956239505,0.9066765923349496,-0.3655741249159718,0.736443851460292,0.8308312935402018,5.8884596590351554,8.39337315756352,5863.558116623222,8.7640884544667,-0.3664996456908813
08713_07,0.1275795473010935,0.1151846041468042,572.4978702013387,0.7968856970908682,0.8993120954109277,0.2142612749143002,0.7188963630859365,0.8216007794288452,6.1262151650397625,7.147284844720476,5289.90161527166,8.964178721660307,0.2155342387079035
08713_08,0.5230005203435467,-0.7235511894772363,601.3883482062646,0.829175282146092,0.907102885063834,-0.4062859868828127,0.7478303826014672,0.8171164494903946,5.769871422146171,10.375294767096207,6215.344116701495,9.669098186093862,-0.4093791883243624
08715_01,0.185508621545292,0.7527046508462982,336.52527849185947,0.8730134608921553,0.9165735498400134,0.148455906993801,0.8092303202866002,0.8636801243143698,5.984352030314566,3.254157846186569,1821.7934723481412,12.769476383843417,0.1514045140032252
08715_02,0.1978407298743195,1.516703997197174,431.7133679077328,0.8277515517660717,0.9165280605379724,0.6283556713494399,0.7909022524303133,0.8286635873420364,6.1551324181854525,2.230094423937271,2945.230352591334,17.582413035873827,0.6336437657822559
08715_03,0.3320564334181647,-0.3425835145153025,466.05932298695456,0.8696489968705713,0.9135124773462628,-0.4127861999160422,0.791761606529579,0.8463070872717029,5.809906666955149,6.591029976438038,2232.0830855131394,15.214343632615272,-0.4160852046446345
08715_04,0.2920810988477281,-0.644959738693288,339.7517691556857,0.8064880969464192,0.9067840738821212,-0.3853075152029788,0.7431971163462759,0.7986755741793947,5.851291999207409,4.124750291147516,2462.130954473545,11.60653880181477,-0.3849905440749239
08715_06,0.1641023069347075,0.7178013257038596,540.7551079806741,0.7964954681793702,0.909961602861036,0.202035460836489,0.7433546133723838,0.8208114247399836,6.174788695701563,4.923403383942741,2712.73003003003,14.529528289095287,0.2017693240498068
08715_07,0.4002186349776497,-0.2049014944329726,561.610513896172,0.7948503020884694,0.906573762701078,-0.0214985659731599,0.7142692518365109,0.7866358838585205,5.850028449699929,7.448341225164031,1848.448450159816,13.567962133025173,-0.0201107852553
08715_08,0.3683122222790908,-0.1210476807015291,339.6790104287969,0.7589374035174116,0.9081388081814972,-0.1501161039166801,0.6889433017369846,0.7605400711926296,5.631942552667438,6.113223425363318,2431.459417183245,10.156734236290964,-0.1537853111737075
08715_10,0.2535657794116697,0.1301656827219824,443.190000489692,0.7502137061740024,0.9072970023405608,0.0156370361619857,0.6837382204044652,0.7867664793669954,6.019521961757827,5.623206008802777,3588.06729159692,12.30620932259194,0.0127431306310955
08715_11,0.3223305963801805,0.0876523362842963,431.6062958435208,0.7806999868669108,0.9106521089910882,-0.1286189953536881,0.7093625784741501,0.8099085120131059,5.884441463495336,6.229713376619959,2253.0842377260983,14.495037769085908,-0.1308704193988391
08715_12,0.5239362129041227,-0.6553545603513313,452.9650287737937,0.7881359065041428,0.9098919820958994,-0.47790731578555,0.7022386292596534,0.7786164070055278,5.666255702220333,6.2148970986318615,1678.3805034502868,18.319482056731086,-0.4785645878311015
08715_13,0.3462914594058869,-0.6594220737889441,323.41243644244395,0.8722075120332637,0.9138021367832896,-0.5315530864520699,0.7913626459232328,0.8308861904065529,5.651711748164607,4.12674572550984,1490.7877014495364,20.92641378502565,-0.5353404302654762
08715_14,0.2466464905779035,0.0854146901281532,382.7342759629449,0.8610827185526264,0.9160767403386354,-0.1654570119006177,0.7929192435908948,0.8654051726238785,5.997999255199109,5.021829079974294,2441.857328145266,15.298890422486693,-0.1659192820597914
08717_03,0.3184663753104046,-0.7506705896064015,426.2426983291672,0.8979321252676473,0.9166283098522456,-0.599986195741309,0.816016095906457,0.8997227504403635,5.672194637171135,10.212874345114106,3571.719958202717,17.247193591012,-0.6013215753174636
08717_04,0.3956868574235683,-0.5728470302292606,783.4626192776393,0.9117370543889908,0.9144291499912202,-0.3402222695259063,0.8346302696267786,0.9002595714008315,5.960063070479444,10.511198099601948,5592.144611217696,23.946021836379067,-0.3433425628949328
08717_05,0.2813876404096196,-2.2601801478499555,294.2086901671559,0.8585078923884017,0.8924542600442017,-0.9710043532235222,0.792503407799346,0.8315209437474134,5.73465124243313,9.548758490197828,5297.42564861034,5.131714839580388,-0.9922439651967532
08719_01,0.0483073832030482,1.8649792787554025,318.95145014626183,0.7728050217362413,0.9122893873660164,0.8791537314074894,0.7584966887949901,0.8461223943807836,6.092315250522328,2.4203455668822507,5512.252945518165,9.562085740849176,0.8838382744768165
08719_02,0.0755850182791457,1.3037771119747787,244.7647125014065,0.7833754225120276,0.9118115837732031,0.773413801692021,0.7532168278753246,0.8423535542283976,5.9840922354803885,2.626331802598706,2721.716730038023,8.70897359738413,0.7788132602598137
08719_03,0.0780903169016679,1.9215384893547416,300.1702433416363,0.7477513974136845,0.9082189606487612,0.8492112215179416,0.7259148993994251,0.8094243548167567,5.955400385232562,2.02409542197992,6176.796219699884,4.0842997247794095,0.8545672058318821
08719_04,0.0556615785148473,2.2490059348452784,305.5930966995819,0.7859992789018252,0.9097192594646072,1.2061616855041164,0.7665155830247621,0.8485618525446229,6.117655706714412,2.2509371863045597,5785.390250515128,9.005820305257355,1.2126281532597412
08719_05,0.0848837078274344,1.375434861783745,281.09666176304177,0.7849216282574274,0.9147570532474808,0.4385651535299233,0.7593837189630939,0.8389328900637288,6.033722280382054,2.7013154731777296,6254.759988625054,9.64711337076973,0.4411425656143254
08721_01,0.0434789574822238,2.353893928799621,335.6774056353004,0.782948843411221,0.9090095971153044,1.3379106146380542,0.7640994501067767,0.857807677232517,6.207185771774175,2.097438380774725,5800.942297282668,6.447542798109252,1.3454718427578871
08721_02,0.0645411056849704,2.2642599046886875,341.657196969697,0.7384910008579045,0.9025751857368078,1.352520467204683,0.7463063064566272,0.8061734171665517,6.165744234655931,2.407887236673952,6399.847648785944,7.263053030998041,1.358445800334765
08723_01,0.11921187138985,0.488034127114014,498.8879518709973,0.8585181362362884,0.9080575005841698,0.1461392651003654,0.787379464168202,0.8749517845408721,6.254196224126223,5.896909338227033,5277.196334924282,10.12291378753016,0.1457315108866084
08723_02,0.1433262388133696,-0.1995675216674213,448.420569779629,0.8181789077965685,0.9072272385160464,-0.1549911386175448,0.7342034360723267,0.8577318179716886,6.03070707809076,6.599020155166926,4999.200504032258,9.508983247468164,-0.1593341437776237
08723_03,0.1224988748848863,0.363652856034971,432.09760319971343,0.8305132618399818,0.9170031809955422,0.0153398896065517,0.751062877005108,0.8764729000951853,6.076035430010402,5.149150578618002,5249.71784820899,10.46362109449993,0.0145752118828314
08723_04,0.0760789617170205,2.0337243753314924,738.1387090314398,0.8026011669507838,0.9147860451127892,0.6448928579633695,0.7987949593817765,0.8409276998536289,6.203734772999312,1.892604838379773,5856.95697298425,9.017408905415476,0.6478864545025917
08723_05,0.1406188749537461,-0.0132538986075711,459.61978365912586,0.8791055033422016,0.9208028537092005,-0.2694057545569402,0.790356467058803,0.9063945365917006,6.038178513778632,4.945768954877587,5002.000930954228,7.884965255674248,-0.2716092658381808
08723_06,0.13413791021836,0.1860580383029413,407.9223433242507,0.8660633263645106,0.9208203001994724,-0.0697569782016136,0.7793150857884683,0.8957616855706402,6.057873790964871,4.860596434605961,5010.228658779743,8.424292894322221,-0.0694836260007762
08723_07,0.1141804240664047,1.2275984916161322,758.128221432579,0.8495102340418424,0.9163280950456024,0.1814218928194075,0.804553254369545,0.8724499568617798,6.190997553428956,2.7717011923339765,6886.060219800018,8.554910434720092,0.1803339694117966
08723_08,0.1763829440728251,0.0561289267643445,427.0343811617524,0.8511885684678234,0.9198993530033498,-0.3309305829790325,0.7829519398738108,0.883065312749322,6.1095078843476776,4.961285517002448,4428.108514190317,9.2668243373784,-0.3316481183676074
08723_09,0.1581365858418221,0.6254060094175463,482.1175632347702,0.8735905254345379,0.9211767449979256,-0.1557532175739083,0.8047998115076508,0.8864626262091697,6.070560870110142,4.121600567397355,5065.068795931484,9.942916836781984,-0.1521522128852782
08725_01,0.1472578972002168,-0.4264041858205293,409.75544967536473,0.8630738197673283,0.9145642862820328,-0.3026462874450243,0.7770170452161439,0.8921834042931895,6.067901523631659,6.496578555172635,6247.039669421488,5.815200086984834,-0.3043720798924826
08725_02,0.1124277204536776,0.3870393837597004,381.432231254917,0.8511281570193492,0.9160129246000543,0.0604341343813707,0.776597679178829,0.8781908546296926,6.152894031263048,4.612953364811838,4669.806725905673,8.98962121544544,0.061623919399273
08725_03,0.1082502970922308,0.3151938702966672,311.59257391169393,0.890363864842351,0.9172724131962428,-0.0399548143397131,0.8054278191979102,0.9012824706091064,6.150818331803892,4.493462260347465,5048.159284944602,8.60087246852912,-0.0414007820236195
08725_04,0.2232021359178269,-0.8150377145256136,489.8630233376334,0.8634693085563019,0.92230623092592,-0.8071990061958949,0.7822188351826834,0.896173167814887,5.950499696654313,8.96124866360902,5622.605645924778,14.258421035758577,-0.8113291760547579
08725_05,0.0929062874889828,0.0079225536290553,389.4972751558326,0.795058389692368,0.9118032872285688,-0.1566059827779705,0.7218924444632462,0.867521685436278,6.226878182714885,6.090701106207402,4718.807888184699,8.702958910454042,-0.1586143942830779
08725_06,0.1136762833504353,0.4079890551383076,434.5579837018784,0.7965562777783349,0.9149807620406708,-0.1610026298410117,0.7537211367602801,0.863882655508591,6.324978061695704,4.753689428655125,4805.772485189396,6.60049650777193,-0.1635862814692984
08725_07,0.1607668843249803,-0.6758463524482192,388.7525684931507,0.8489598170270546,0.9211923793937284,-0.5025031792005155,0.7629733121543691,0.8846364915332131,5.876971986062485,8.337214206614977,6508.689017388451,13.540929392344838,-0.5071654266703485
08725_08,0.1925421130834196,-0.5208813401349903,396.7252601681691,0.9042396041778956,0.9244768523040426,-0.514003185771524,0.8200502183268081,0.913235578545814,5.905355528114835,6.12121467506214,5972.2797329077775,10.129812649834182,-0.51976280151453
08725_09,0.1511801045532619,-0.6500791649254503,272.35299686409087,0.8365992709161946,0.9197379817431603,-0.7969549267988915,0.7599644592839743,0.8875570733257079,5.960395190214286,5.761409639097804,6613.285355543465,11.299920792616104,-0.7998005484717964
08727_01,0.1485852342064954,0.5299608313068888,377.7371629300548,0.8807973161612254,0.9202388608069872,-0.0539598433168284,0.8082816104620185,0.897820866813243,6.177161085430545,4.095952818034408,4918.986404972596,11.18497381116633,-0.0536667207932904
08727_02,0.1768017612113595,-0.3871688793453289,381.56409594413503,0.9001576459113909,0.9289098057407712,-0.4270243880512286,0.8118449035087458,0.918050309153744,5.768954535436516,5.9986060270822765,5709.045959367946,12.448628425859512,-0.4281374137579832
08727_03,0.2139861054338769,-0.5820638123337905,323.7620824171927,0.884325241305478,0.9308713818837456,-0.4891842415527699,0.8025719915872722,0.8991563334356808,5.839431182926235,5.846809008768792,6243.71497005988,13.701938161903458,-0.49052642367032
08727_04,0.0694425155226472,2.2390005513601388,533.5298334702412,0.8193411612801201,0.9145961334176504,1.0669389195715513,0.7809632914148121,0.8719732127353808,6.054906059426104,1.9258833335055003,5965.225384328954,10.708019962607818,1.0706571743453006
08729_01,0.201737750742936,-0.5076918607128833,527.66245519808,0.910295706525457,0.9242550678342432,-0.3737781956787172,0.8243230264866035,0.9196717765073508,5.901000325462578,8.637205375128474,5639.527411519778,13.487605251643751,-0.3755398531861974
08729_02,0.126938441221417,0.202039368975205,421.9193333894453,0.8936596701314728,0.9194531935623598,-0.3752997422179301,0.8093205561021162,0.9052820474645408,6.167674401079878,5.985305513047132,4932.13068014814,11.25873264675548,-0.3787327433020824
08731_01,0.1001496567047085,0.0947018256881792,626.2442096568813,0.8953249621444168,0.9102087945059169,0.163233522694625,0.8001750526180028,0.9049517162076104,6.257763936734598,7.76239298832683,5335.68995750632,8.418512442184268,0.1640366030699242
08731_02,0.1028350472791827,0.4038150626825529,1131.4265158191988,0.896851551990204,0.9013661667683004,0.5527250131738188,0.8021906253191395,0.9026869555147636,6.569343279284329,8.936614377397326,5396.452171091764,9.15254310919478,0.555914463278905
08731_03,0.1167728308343607,0.0891536382412384,554.9878000787091,0.8726382528931778,0.9075293326744892,0.0443520708880934,0.7861241689243876,0.8881461864831794,6.208919172696039,7.115686708064107,4912.539352290252,7.344684646267622,0.04491994847108
08731_04,0.2652169613919246,-0.4385435766775105,412.7250447601553,0.8966607699808612,0.920534139518759,-0.3776694762193794,0.8128197854406749,0.9042031818064216,5.73718042417927,7.222765109071428,5761.043042638271,9.9490608854866,-0.3797914008495859
08733_01,0.2368435166261424,-0.5353165017665099,463.8236553485577,0.9168721617284156,0.91694687677326,-0.3962089269636246,0.829476317477135,0.9111937457615662,5.946026127489125,9.367525686534554,3815.6960033305577,15.026143805958114,-0.3958352601124515
08733_02,0.2235297355046491,-0.4122435308677794,528.1260570436176,0.9082322621896696,0.9093472880167532,-0.2559572210534372,0.8196448148327036,0.9012014429860676,5.923193150292674,8.681010175508916,4821.769417897481,13.417865008350123,-0.2571237385018242
08733_03,0.1508259004049218,-0.187808085434902,475.7881866637659,0.9000131993147183,0.9134672423983448,-0.1436041867713927,0.8090127280550081,0.9093476491760644,6.053845735915386,8.446407590852948,3681.342861982806,13.522056407913515,-0.14419576627378
08733_04,0.1073007761832506,-0.0137420068773681,484.146137989572,0.9040222554254104,0.9104072352351908,0.0348933472843047,0.811242781809396,0.9120288463045512,6.134843896258761,8.562222210672946,3118.976360243097,10.1032790500365,0.03551513270506
08733_05,0.0942277824222661,0.2038481842001535,429.3196092114445,0.8972607470101046,0.9119551131454132,0.1692996789393322,0.805680975551825,0.9083322493945248,6.078446067969699,7.03411306223311,3367.4858369927133,8.976721783342114,0.1691616647938788
08733_06,0.0769853300611944,0.3369208764656355,438.0824393952192,0.8750024530368684,0.910703791689232,0.1861461484914252,0.8002063554217251,0.9073928083247154,6.287372400553191,5.280460886851572,3347.708596491228,8.09785005153843,0.1880425651489783
08733_07,0.0428927539323883,2.1058247131297017,332.97980822155915,0.7602168987817243,0.9110457380812071,1.2108848990275185,0.7685817447820912,0.8423014824376435,6.313293648168293,2.5550152443776843,4338.045146969317,9.692747082077954,1.2170990695483728
08733_08,0.0547709089140494,1.0651957999836197,380.28748360010496,0.7808162249445364,0.910755406050462,0.7025264095467253,0.7621102749354303,0.8513273231922193,6.299368025906268,3.1517416985378897,2023.1977863330128,8.959712127227514,0.7089790101986982
08733_09,0.0947022688314675,0.7522768632476168,428.6147052782912,0.7818815143213025,0.91038500138164,0.3173904604710323,0.7462901502933542,0.8437522750038023,6.2956514077294194,4.683042615260613,3880.255386267535,8.702380175709525,0.3178708592839255
08733_10,0.1309116408571363,0.6919945910617783,291.9381110775124,0.7774411340621232,0.907737287063756,0.2775577254767378,0.7351342801617978,0.8150246042744292,5.989969581783027,3.5666461584318205,1677.3161350844275,8.614548009474158,0.2759182789436193
08733_11,0.1618299111200468,1.2280619182760202,286.55030767349933,0.7808610979646915,0.905515163531429,0.7917636572974643,0.7398004070018297,0.8158640213227134,5.986597334936686,3.908202515433855,2481.8469489829945,9.112144455668696,0.7960118673036292
08733_12,0.1362640882653672,0.9781153970608476,286.7351800944527,0.7962483372180925,0.9055167181265128,0.6945014462162338,0.7469489229697945,0.8280397354371292,6.006039795434535,3.9268411976842943,2723.8960026176583,8.928888934362076,0.6950776393293038
08733_13,0.1715373868107952,-0.0287842872474973,333.4747377538254,0.8101112826782834,0.9105747265279914,-0.0460142623588367,0.749551229202737,0.8532032126875488,6.110147275962621,7.239063356896204,2413.6914116276607,10.302418881632256,-0.043789326620998
08733_14,0.0600989126016285,1.469086890268601,313.92091710409034,0.752581033267078,0.9026642208122728,0.8607785512185027,0.729879455961863,0.8300398756845871,6.204519399767543,3.074263372551024,5890.459328186513,7.848803215252474,0.8697347443509897
08733_15,0.2003857768977128,0.0878848522868574,413.9252482137886,0.8231755038756138,0.9089611360550058,0.0514362214595414,0.7521598746876185,0.8525736434490775,6.13489351764332,7.509692728418584,4400.083610513272,10.20560011842617,0.0516165616687984
08733_16,0.1385176082351791,0.4669699283879032,409.4176830111453,0.8369590854915492,0.9073837075465232,0.3326847519803385,0.7734752873633853,0.8691929285958467,6.277398936067052,6.3557289530324965,3572.145471341222,8.83581083988512,0.3352689792195842
08735_01,0.2723319042797908,-0.6846495783677411,393.7483220350359,0.8668967180442836,0.9302481737798708,-0.6887805846586293,0.786250994795377,0.8931332746987724,5.700594082279432,4.312337553103821,6777.642069741282,11.204928055530198,-0.693545619684636
08735_02,0.1914709041038223,-0.0783789916526205,516.5907281041153,0.8403161257456205,0.9148654251094478,0.0475211314374188,0.754182752687595,0.8505374436770964,6.020902759985046,4.780420905209039,6206.590566361066,6.91162157121294,0.0482305072065145
08735_03,0.2063651540913346,0.6385687541624016,419.25574088782986,0.811101782950234,0.9236602873953552,0.0775017874292698,0.7619303481802183,0.8612143433280743,6.123366656354752,4.170272907578916,5610.387964278466,11.649971342782392,0.0760333230334076
08735_04,0.1688381237774837,0.3160882252319437,384.9945838399469,0.7989172579776799,0.9113116596094386,0.0058843307608418,0.7372784501421353,0.8262449802989348,6.056314345705072,2.994253634071126,6962.412221858639,7.939999911058327,0.0078038026900536
08738_01,0.318611599385677,-0.644842078021179,436.1599376577112,0.9004923123642684,0.9284695830422908,-0.6257023036810186,0.8181867513545454,0.91689972098101,5.838349976053651,6.153657309957491,5787.888751860514,14.542223168478554,-0.6288955263431569
08738_02,0.4499378992337443,-0.626068674802766,407.47462935066994,0.8850627824701177,0.928739378617326,-0.4520307177357318,0.8095937217363455,0.8939666511383555,5.659031123110844,6.694454401449047,6252.690074205876,15.456072341844532,-0.4541060090881827
08738_03,0.566726664942245,-0.6333325809907222,540.6263567238757,0.8671964334351955,0.9270137221050884,-0.4356821446290792,0.7905466790396392,0.8684390241134634,5.732069996084503,6.13855675076533,6209.872573656846,20.257597684053994,-0.4384993134117866
08738_04,0.2048892354537003,0.1839554901013073,561.7767106842737,0.8779420349168694,0.9209989950622368,-0.3156037036838567,0.800712523370176,0.8913244461999069,6.220139285569591,4.697487599732099,5914.793899735007,9.574040461068554,-0.3175908554084449
08738_05,0.3087218751558727,-0.6227166176644036,375.89852236691183,0.8805615059942402,0.9223782943389304,-0.5208818075553618,0.7999925931818056,0.8947393070317062,5.879046096943334,6.351746590185938,5594.56089209081,12.964786244557656,-0.5245330290141708
08738_06,0.1453902245688669,0.4095198753455416,382.702402157447,0.8679950023917201,0.9183701000237748,-0.1370544000742106,0.7885401500200455,0.8935760990962791,6.099060253408401,3.833326607033749,5558.306176485565,9.338490231830312,-0.1388942967860458
08740_01,0.0896852571003159,0.8054320966878087,405.7119254501952,0.8721615601483119,0.911416408756705,0.2045264394971672,0.799012993994653,0.8883354972232589,6.262596073767509,4.208965702153196,3894.083204817508,8.542290103501902,0.2056484746877206
08740_02,0.356540672137097,-0.5728276879093258,493.5853668277487,0.8956757637728687,0.9253591502354356,-0.5240346689940273,0.8156567061178702,0.906186088984384,5.776865962653137,8.373208512701753,6039.361121860806,16.430808009130253,-0.5269400946296146
08740_03,0.1342265306647656,-0.0346200911089498,503.38245047189866,0.8914894465473759,0.9251708295734414,-0.1369831315381791,0.7999842675287233,0.912894792482444,6.078580462737754,6.911698231184555,5172.987970388649,12.402316300243031,-0.1367690587165575
08740_04,0.2411564478295424,-0.5751967730636738,397.4547474969744,0.8821426006547571,0.9266568544267408,-0.5906977008280871,0.7981227825031645,0.8995915924370906,5.811620325639453,8.652979504727796,5777.57352878145,17.576796074306536,-0.5938143215164801
08742_01,0.1293032067689296,0.1786080467474801,438.623174450329,0.883132624471118,0.9193948115744248,-0.3169483127597423,0.8091770258533376,0.9141473375583032,6.19815462677661,4.839052522771254,3461.0963067278426,10.878603961427554,-0.319133746753922
08742_02,0.1837671708699864,0.0943098096556378,394.0439832995742,0.8983757201911131,0.9233713976866524,-0.1840778013539586,0.8157511227776827,0.910444252069828,6.0105329415548505,5.869692573394479,4118.160638987999,13.410343665816972,-0.1855706015253951
08742_03,0.1162472301911163,0.2261339567597774,416.9729177312212,0.8952023208470428,0.9191180821371516,-0.0903031790732489,0.8023982841249345,0.9177384146618098,6.035713649185643,4.38756444058569,5508.0046336291525,7.750709468997931,-0.0914899991283407
08742_04,0.1500824659143868,0.1695992260526188,429.6058083042858,0.8990454966750485,0.9214526393519382,-0.2747978957413388,0.8155198714096762,0.9163812878953218,6.182681074560346,5.356576118845156,5183.01767107428,11.514193684911003,-0.2727496910200019
08742_05,0.1528184783307784,-0.1913096309794239,363.2853469681609,0.8981019513859442,0.9245692353514956,-0.5076706394756763,0.8059413955000323,0.91524158156346,5.898612533902738,6.208885539754462,5349.846501729184,13.03719227743446,-0.5118761630613361
08744_01,0.1660775606588355,0.2443523909294187,409.44914360243206,0.9062840580409266,0.9213665721200776,-0.2355175471507101,0.8208622672232534,0.9196340587577448,6.104650120210466,4.725097923313317,4399.222222222223,8.47829355309934,-0.2368371473930107
08744_02,0.2039823020229011,-0.1405388516142117,374.6081390359033,0.9017780259973384,0.9231960611472186,-0.5629926959797614,0.8203796113850521,0.9201485005197722,6.060156451628811,5.777022775031055,2330.8946469622333,14.051711744225782,-0.5688523433535188
08744_03,0.181521398448589,-0.0759891900751595,351.2997944664032,0.8866905962460734,0.9234006997025556,-0.5869445828162962,0.8059415650183285,0.9129679116923104,6.00768356437216,5.065291280057563,2586.131948281578,13.97469546659968,-0.5921047274679563
08744_05,0.1801034458101583,-0.3263461710586255,374.5427013930951,0.910270832770554,0.9243596886471946,-0.5487133836192079,0.8172499033963128,0.917124295810386,5.954744623855508,6.387415411856637,4001.8432365926033,15.044815766762888,-0.5518284349285417
08746_01,0.1951554385096772,0.2184423116431383,627.0250751604777,0.8913869945534966,0.9158354003869396,-0.0514093826096117,0.8059282607929699,0.8975769512478217,6.084369556378243,6.100434871834696,5580.195649126742,13.037995539379482,-0.0533732225790464
08746_02,0.2564197209510966,-0.2824315399847654,379.9798455590408,0.891551624322409,0.9234252852607396,-0.3088241755905871,0.8045637396709905,0.9009888461611278,5.60881110105781,5.625474783465206,6081.180205215905,13.55198301101528,-0.3089004892005573
08746_03,0.2617698609844044,-0.6865166356625195,381.7476272208563,0.9088842585535084,0.9337648088844844,-0.7292360382789068,0.8303672464429209,0.9212334147891384,5.680733179478081,7.056083651109246,6066.559411573472,20.264721155225743,-0.7342714111617089
08746_04,0.2539791239617395,-0.5034979436362907,345.2639154090956,0.9109553686963008,0.9267041777860584,-0.5457404404775523,0.8257030728162827,0.9150038146598356,5.632637946143717,6.061544507972678,6141.864061483409,13.48084556537926,-0.5488549553462195
08746_05,0.1635130451478882,0.2896556906020543,356.0344679166021,0.9040949933916252,0.9202751435969092,-0.057954480040363,0.813729158024884,0.9027333319098042,6.041199294555891,5.483904655900691,5331.837076805084,12.89247166434139,-0.0582780534318721
08750_01,0.1972944497573848,0.2508473142952434,527.1769450326858,0.8990403572631848,0.9185173912160046,0.0648029521834946,0.813607058395267,0.891431627707301,6.041321689619928,6.395478914437103,4913.891449468857,9.807278956154416,0.0640489378512972
08750_02,0.2450244479743115,-0.3683292741087862,418.6989931045748,0.8952114330015626,0.9264074430742704,-0.5437808968909964,0.8088940707744736,0.9061457308599836,5.848799013038315,7.053715253747558,5810.497088058852,12.99303659966924,-0.5463329751420177
08750_03,0.1548878223348491,0.5257544130258645,373.7097469130397,0.8862480719220555,0.9240344375446116,-0.0589126406583372,0.7972385839952313,0.9087118182447106,6.036732513302271,4.019763042195844,5200.567696237808,12.708418623290845,-0.0588968522730154
08750_04,0.1746001459397402,-0.4432766813281218,527.7344900550148,0.8994592542637159,0.9271764615488038,-0.6953864783876963,0.812069040150541,0.9260003175979604,6.050656311846582,7.7171891236152765,3262.080515771347,15.38879438494853,-0.6960994582651395
08750_05,0.1181606609163797,0.305089501672865,333.3271090611516,0.8870816906237016,0.9228731777569464,-0.2216809622809434,0.8015958138030133,0.9179352121631884,6.083957450180853,4.945625914871743,2121.881585949973,11.532974552318016,-0.2223345350796688
08750_06,0.209629585379747,-0.3133162255543755,299.8466279151201,0.8945929639457935,0.9267189180440732,-0.5392270430134462,0.8057067862763684,0.9153373435430608,5.846106958606848,5.843111342271708,1995.641700799688,15.11597189523435,-0.5437447766172077
08750_07,0.2452814847825411,-0.2769671524440542,366.5419479711514,0.9025667854001554,0.9326076239597396,-0.4265035296643301,0.8132160101383873,0.9192872449548596,5.753551425278218,5.414153484748462,5839.086370227163,17.482699540335616,-0.4285347118110695
08752_01,0.3880577853385579,-0.0262597339327801,399.7376113267869,0.892888050197531,0.9138486199904006,-0.0665915291186907,0.7988020511529401,0.8883432548267776,5.906251988903144,4.110458157785411,3499.2565186751235,11.731380510545677,-0.0672699159129455
08752_02,0.2756975742544614,-0.045994310032556,407.8549788041384,0.9011585758765251,0.916712584335684,-0.2345174372047726,0.8113413107301126,0.8950183389408864,5.993371151827936,4.769088358062287,2468.6440625958885,13.333107709597698,-0.2312043222316661
08752_03,0.3080072141059116,-0.467273240230847,455.601865846667,0.9080150078132384,0.916205066290711,-0.463427817537638,0.8171279372278736,0.9050421306493516,5.96050892320317,6.912495972350714,2840.14308044437,19.48300610870008,-0.4630226813217974
08754_01,0.1960589527859301,0.1704992701626764,396.18100720141535,0.8963145182554955,0.9184285329422844,-0.0870639062495037,0.8083104006967038,0.905283394239868,6.189075031296509,4.593032563064596,3696.142402545744,10.09108251039416,-0.0867502656322976
08754_02,0.3357965739136256,-0.2661814884625375,444.2654109998327,0.8994196340127107,0.9160763038372688,-0.2464368692381751,0.8172425975145439,0.8872880348654403,5.982681788080803,6.103299934527158,3240.1426920855,12.572850470740471,-0.2460805916349502
08754_03,0.2930771336778848,-0.4016520912558926,391.40785415667193,0.8955660861161336,0.9193873687660556,-0.3374478971674529,0.8161016738000422,0.8961260466000768,5.903766358420274,6.533252364460598,2227.7923052362707,14.949078075738054,-0.3359683132493955
08754_04,0.4029729940130729,-0.4556660286815547,450.56326849529137,0.8926139018358311,0.9171361110482544,-0.4015001678342249,0.8121456603244402,0.8918757765298533,5.967967708144163,7.00978351826192,3663.458543983822,12.857124450460454,-0.4034515958829887
08754_05,0.4552315233859106,-0.6457952964916659,466.5641635318333,0.8967619623462975,0.920774118145732,-0.5730364918660245,0.8164583884897822,0.8971371130287084,5.895372433597261,7.880036736242813,3838.901611117944,19.741362305263703,-0.5757186186523915
08754_06,0.2214543268741606,-0.946009974313568,379.7200874726648,0.8835316398487265,0.9167681908824676,-0.8956321635266921,0.8057373555962909,0.8893126934374402,6.0125407103611295,7.538087791374194,1385.5301558203482,15.747669730218584,-0.9010067265209666
08756_02,0.181867338788938,0.9748006436121546,358.6802851004331,0.8790545109238133,0.9208090850392914,0.0778644451629929,0.8060851556377856,0.8759935424660676,6.083619991486693,2.3493870780445008,2753.3870437862533,9.601408934777435,0.0773174946967934
08756_04,0.3105953355507952,-0.9115503104881688,273.4634787660134,0.8564205805210993,0.9173705852923209,-0.6164629908885052,0.7850690081044562,0.8505830011379338,5.760938336425598,4.547738441157048,2280.438630863201,13.120065585932188,-0.6197481784133386
08756_05,0.2313228585182848,-0.8186907973461819,299.2152032843332,0.8566019075485178,0.922887543017524,-0.7901321672542206,0.7792688798575323,0.8753808732784107,5.682600073038005,5.144182967443966,4837.5127889060095,19.30606464694222,-0.795687815559407
08756_06,0.4924861961632558,-0.6331225891726723,335.43120252886683,0.8721243763745535,0.9216520274099383,-0.6370497848500254,0.7913923315025323,0.8628316122455393,5.421960679252908,4.032585009156327,5281.7553045859,9.637937690005032,-0.6410035193240617
08756_07,0.3749937929795056,-0.5441574313487475,307.57995156912773,0.8590700023146732,0.9199907438162828,-0.5793294376620874,0.7753345624749338,0.869732680398987,5.608068246318336,4.230909747583104,4732.335979811155,14.376945848711038,-0.581129553920714
08758_01,0.3134326642995343,0.0071905396914861,549.3482355334079,0.8892253430265937,0.910478182401279,0.1756233779232313,0.8062798062788479,0.8737629046899711,6.054428802286797,6.836423170550563,4042.627945464576,12.708220299332448,0.1759423273914216
08758_02,0.3687339931934224,-0.1882716735659002,562.6313950586474,0.8964021563488053,0.9166341554914688,-0.083067930587083,0.8126436576022111,0.8835627453620749,5.823181856433727,6.592967438196217,2401.2173959218358,14.047707663281438,-0.085663539716459
08758_03,0.351839550869095,-0.0664562448804658,801.1738401112839,0.8962346284708238,0.9103767303595588,0.1360376456661267,0.81128999557718,0.8849138579686585,6.002254590828198,8.714497129419835,3005.284300062473,14.975694643648623,0.1366042430836845
08758_04,0.3115398303283476,-0.1359873971315402,570.3785985531536,0.8934582366698152,0.9088824065796546,0.0709877622978737,0.8075130501210965,0.8611396315288284,5.927058813230197,7.391839371438251,2919.459177578681,12.35552161846438,0.0677398686553517
08758_05,0.2539950100139623,-0.0755049189044979,381.14354179392,0.8845221043656062,0.9100984216201392,-0.0032884749152901,0.8013307136075929,0.8805428348469738,6.036464054595925,6.893096775316179,4115.130814946376,13.794337331264993,-0.0042261795728321
08760_01,0.1449440266496512,0.8939949110272548,429.6233451015004,0.8916555769985314,0.9094615608317052,0.4356859953077729,0.8132318670659383,0.8813035485453237,6.221341159687103,4.471761702185065,3024.1173773051028,10.475974505309512,0.4392585500761716
08760_02,0.3306401624174594,0.5359145977140245,463.2601850029522,0.8955953255692154,0.9156849954534012,0.3293947491763554,0.8184494885187895,0.865222013038249,5.9401609283523245,4.58872856762963,2183.9013472958304,16.560218744846186,0.3317140844126378
08760_03,0.2967070422275288,0.3905796824235729,413.01355025244897,0.8939840911616527,0.9146388509368656,0.1551084722625148,0.8175885293382578,0.8674906518554575,5.949487570943631,6.119066917896664,3259.754634209281,15.981735447150442,0.1548580957231694
08760_04,0.3230875019967084,0.2537477161650918,331.90751445086704,0.8811579364877676,0.9209423796142416,0.0404848715138525,0.8098448957079595,0.8662368229104036,5.9608354011519085,5.0664154429992685,2256.4564955410942,20.136697198783544,0.0408596364417948
08760_05,0.2258503903391665,0.22433049068756,379.81614374416176,0.8784524451570884,0.91984395995902,-0.1908233590254877,0.805193569563884,0.8749184203979865,6.02764362775182,5.049872910368271,2699.185109429331,20.85385125863449,-0.1900881567242185
08760_07,0.1702389984699892,-0.0854049337656607,308.9192257217848,0.8578554338174427,0.9140574740029817,-0.2110309021632053,0.7949177863746116,0.8731315678627751,6.060231850792849,4.690017576662395,2250.4952935903184,16.746075519966617,-0.2063727691945618
08760_08,0.1853074740626165,0.3333721817938551,493.0616064888913,0.8588979439490266,0.9126275131586216,0.1957381458096494,0.7998977705741495,0.8771097409868973,6.236545050870604,5.110341087773299,3451.584842444548,17.995167383473667,0.1934553909296915
08760_09,0.0952557150847234,0.658358868974204,405.8567592688216,0.8926764935231724,0.9176090733804616,0.206193664961037,0.814259983705605,0.9078270740723362,6.1676980229157055,4.349099914754943,2011.364464692483,16.18365665768469,0.2051619246989716
08762_01,0.2196883379615169,0.1110127136840583,388.785136213382,0.8985170862352589,0.9234922488161296,-0.3813013213342832,0.8100042707371657,0.9029525605082588,5.999523039069764,4.4586569999817485,3419.554481402589,12.830464879882244,-0.3829229790161856
08762_02,0.4010108137102877,-0.1485177332085899,387.2000291375292,0.8981256432837551,0.9228289583161527,-0.1902050189892296,0.8155643429529885,0.8753114343486924,5.765824462720579,5.354489255335444,1679.9474383459271,16.594715837052668,-0.192139674610983
08762_03,0.3218191013181436,-0.2399223504756989,357.5647901586468,0.8897495755778031,0.9251105860481288,-0.494164259715819,0.80719003591251,0.8988470503810394,5.805945656360932,6.234613784384761,3134.855695347462,14.370102395775705,-0.4956373329901071
08762_04,0.2434752124494704,-0.1797635986462415,390.76088746370846,0.8889898773830419,0.9225387821906595,-0.3803513136096341,0.8061858756220687,0.8903087289039986,5.864674215765222,6.111602060024657,2746.5773056494445,18.47328892520256,-0.3815761275092421
08762_05,0.2513499863051721,-0.5585625211432214,388.45596769711136,0.892931704454698,0.9237681382597532,-0.7422711882957185,0.8097122307276436,0.9012180843723292,5.947829112303882,6.215201951574081,3859.751920441144,12.522513671144347,-0.7457063084198556
08766_01,0.1164055839968227,0.6428647490769829,375.5123054270088,0.8786766678779252,0.9080110817906936,0.4431400106002331,0.8057586500396285,0.8749555365865059,6.030102444004806,5.498770733078889,3501.7180188679245,13.147859381453165,0.4444112159568524
08766_02,0.1649597035116843,0.0051862772978414,279.60285611373604,0.8317209327933818,0.9061607465435174,-0.2158898831122045,0.7750526431714546,0.8492086085056919,5.884402134696678,4.729538240743691,3637.211452494146,9.316897087689991,-0.2168142640598903
08766_05,0.2200186016128767,-0.1975817467014603,252.28547678929195,0.824835257554789,0.8989758206619025,-0.2272518781446644,0.7587236624775535,0.8237711935444011,5.698286406992051,4.483573221274228,3311.257453820802,7.731173615835201,-0.2285623239806198
08766_06,0.2598650829935613,-0.37939630957401,351.6701841444458,0.8667927329231625,0.910158827653552,-0.3851070063087131,0.7901325238298863,0.8693256118990738,5.784087191097618,8.895866222703003,4445.604909904462,14.971020062175278,-0.3890811711792156
08766_07,0.1749686864817738,-0.2018231510429721,291.39375247133256,0.8484742239105086,0.9105020830558342,-0.2606842850149245,0.7933127574218665,0.8751404595158961,5.9655754392801,5.991710473319326,2101.9129563812603,13.30208687648712,-0.2605793010703692
08768_01,0.2256698164453515,0.1930109689085389,462.6386366289249,0.886847267245488,0.8990914041390663,0.2582465090110167,0.8005073133052855,0.8316806144471632,5.717701891764798,7.339375173875527,2841.5088929610865,14.43966105975868,0.2605840074624387
08768_02,0.4104665662381296,-0.1907148427226065,527.2564528877865,0.8915982351223922,0.9029743615045864,0.0479069025452935,0.8082200558952664,0.8096405987261877,5.560681801944468,7.746861834364102,1969.7709709253777,21.077414624644717,0.0488432318905469
08768_03,0.3726187923835391,-0.3666752573244494,548.5826737451738,0.8881566193281302,0.8958722888096715,0.0231635896065463,0.8037743642588797,0.7860010338230993,5.546869300348946,9.024720582035467,2015.3138308327327,17.534290415457246,0.0245103579508849
08768_04,0.3116528196713548,-0.1306052155924358,458.549101201522,0.8896327140848368,0.902831258851142,-0.0328110800078433,0.8066394840324523,0.8291563378991351,5.646140971737276,6.473697782757766,2976.962386766444,13.683320603947273,-0.0337507335928752
08768_05,0.2246881535589861,-0.2771755387303354,405.12016653247184,0.8929332098832555,0.904455769801868,-0.1742338063531375,0.8068971864861839,0.8601546872931133,5.787535587780096,6.253245927181588,2943.672845471317,12.61399916367105,-0.172748590043164
08770_01,0.2738894417079197,-0.2125414693483013,627.7963834944694,0.8884644997196778,0.8941804724005255,0.0462812681995761,0.8056711836026639,0.831658473177568,5.798168899554869,8.219026787577103,7355.536566589684,10.997977383552875,0.0454553928731815
08772_01,0.0690474930437169,0.04569740154559,331.4634248805335,0.8495225214873291,0.908532623041424,-0.0660653688775209,0.7987827732419628,0.8747739829399263,6.121119757627387,3.8460821440702784,1879.510371650821,8.914266675521691,-0.0669571262963911
08772_02,0.1577595210804659,0.0906301180151843,421.5589399791105,0.871089368181089,0.9138184838644254,-0.0748759221706359,0.8019048194680392,0.886015532031448,6.0516611468276444,6.232379838904449,3599.742846956057,9.17404404921733,-0.0774055570020074
08772_03,0.2434576533767632,-0.0888476207678471,439.1300577293137,0.8840815362158884,0.9088728498155344,-0.0619418528220307,0.8018460334558132,0.8633531018067364,5.919314170169268,7.417062663554358,2572.2818119735944,14.920270901171971,-0.0617492901542222
08772_04,0.0893436850375994,0.4910584899843674,403.0779656877709,0.8704515582313586,0.9146136035346336,0.1246878321440681,0.8011455236658869,0.8931446066028859,6.172249295500461,4.841757800590845,2893.775085034013,10.702366886669576,0.1217309556768139
08772_05,0.1880267663367111,0.1019329615878572,334.6076048828399,0.8648653197833392,0.907808744544602,0.1012658420466499,0.7903449411943063,0.8530426813270955,5.967116450046446,5.223347745202391,3510.236060979235,10.79947915358407,0.0998434369709481
08772_06,0.1171424945831962,0.6315020343731477,326.2782936882356,0.8608171982985909,0.9105294813495474,0.1358436976172182,0.7944800381209656,0.8679921247444146,6.078247778051655,4.201268305096878,3661.923991241789,9.010621485874696,0.1384557039392978
08774_01,0.1075991655163079,-0.0465577646908951,509.9338448681912,0.8922104101780121,0.9001911311345553,0.2449198362147313,0.8012322402742318,0.8819669781993051,6.045443421049336,9.683814549846808,5857.701744820066,10.053565907198804,0.2460285330615549
08774_02,0.0996667768612644,-0.0528376939102875,807.2787064949301,0.8962310406499788,0.8934628856145689,0.4485837682900063,0.8077236112872631,0.8730815485434673,6.212481233173542,12.004374066161596,6601.056417304798,8.260442137926614,0.4506752359820964
08774_03,0.2880926832554403,-0.4187879315042443,596.0059820316669,0.8918633019738097,0.9066951468782828,-0.0467696115284592,0.8117456462309169,0.8575442081755493,5.813417079772986,11.426884368512177,6575.597256857855,11.68215108498845,-0.0459625964813936
08774_04,0.0637712186009916,0.8864634450945607,496.9880964921521,0.8657577954197381,0.904923274666042,0.6011036903746826,0.803612894078927,0.8870490109150844,6.363217870186182,5.80351155808674,3871.959188487851,6.876435818249936,0.6031266404605734
08774_05,0.0717622504877051,0.615185714717004,732.9455207945618,0.876988515941717,0.9024828376062096,0.4971664579066603,0.8052930945131245,0.8864717528562345,6.346122311250279,7.023501229538458,5068.317517674784,6.604683625575355,0.4984875630586093
08774_06,0.1227248790181663,0.2455650265942755,560.4917910159021,0.8718220269374836,0.9049717980745472,0.3262065927572186,0.7949404293596602,0.867624732553928,6.092701776130735,7.989835081842745,5895.841820099731,7.149679269621116,0.3286145512819531
08776_01,0.1101174037728677,0.1532093086056652,514.1930518984116,0.8810465825641197,0.8933926846884109,0.2885690247563244,0.7967005493964575,0.8823146197786524,6.179045665505962,7.73311316539205,5078.235742227713,7.942433385812862,0.2927024934486533
08776_02,0.1290103527198415,0.1695477882572869,478.787021013597,0.8909289820080808,0.8975194153305641,0.1878459604412979,0.8027599987901747,0.8797799100342711,6.038532702593841,7.447221796274225,3916.037286758733,9.887683022321454,0.1907101978960351
08776_03,0.1289944882488876,0.0181806442639468,371.6723146562271,0.8908305870425817,0.9121934680878058,-0.093381322151969,0.807333759261566,0.8938951878557092,6.063230106809069,6.085648651273124,2556.3816619230984,10.03123404174709,-0.0957821285674122
08776_04,0.2508076520300999,0.2054536586162116,446.0931432680513,0.8914418623961875,0.9053323180712066,0.212523279624599,0.807669219434819,0.8577236542366662,5.937788426533726,7.095136787253052,1702.7323478260869,14.41165385055774,0.2159866773551988
08776_05,0.267364539186566,-0.3515128325224053,645.9875962257777,0.8997996183268102,0.9042644817402308,-0.0571481585133232,0.8146179678678146,0.8657643146734838,5.974434144046267,10.50605111190686,2687.232223124831,15.776843320399848,-0.0580672083605848
08776_06,0.30487781480928,-0.2394437694273411,686.7146307687353,0.90827167007693,0.9079556145896356,0.093832641874886,0.8225624182107422,0.8623884007713137,5.91061811329096,10.850074862687604,2218.9823200992555,14.125403431554588,0.0938314691735234
08778_01,0.1933405920193171,-0.4184792163819723,409.2608174386921,0.8894236755884491,0.9036289320071432,-0.3079561616948154,0.807035096140265,0.8859844275872437,5.975944951305661,7.980265162257827,3996.766108292208,11.31950335108255,-0.3092932938905193
08778_02,0.5059208325534835,-0.7573023100920805,367.6148069617457,0.8935767853434228,0.9147222601121592,-0.5629266654772123,0.8177207287643321,0.8642768775243611,5.668740526053823,9.77814664648105,2357.3073944608764,18.569694410237943,-0.5650772575208666
08778_05,0.4091812019094707,-0.9894322751978628,358.7074518772632,0.8924456013930527,0.9080804168615813,-0.5178744066808915,0.8149765624860019,0.8737320760145826,5.698046655171838,10.77675947986724,2306.6675034230943,15.280243212656528,-0.5185111099908281
08778_06,0.2201460078244805,-0.7846994635468117,358.2388357381034,0.8936140576180137,0.909405699889034,-0.4495901823145076,0.8119768008849441,0.8708564614578023,5.750082685017279,9.918082156802276,1835.85277140274,11.998070764021712,-0.4500169308595677
08778_07,0.2029785422285312,-0.3802181412689941,417.2758100104517,0.8955904826393244,0.9106623398279748,-0.3811535649455583,0.8136004003398001,0.883746775163716,5.854526874916565,7.657341804633829,2548.730959867825,17.394934424389707,-0.3758160012058035
08778_08,0.2638095443372298,-0.4345764856513754,445.2013998833431,0.8892213148187019,0.9074239607395502,-0.3225275990402857,0.8108800845527521,0.8694672285477615,5.880077983290028,8.841090962517113,2675.0080032833985,13.949401265765063,-0.3254375987914961
08778_09,0.0889173136558828,-1.2173606808705866,299.7967163804988,0.8628478513275486,0.9013325739861152,-0.9949694128243164,0.8015161551482965,0.8772576801069719,5.9249263370485465,5.184153465003202,2210.3088095389103,7.693350196611913,-1.0127335303443652
08780_01,0.3191146486420311,-0.4624704088080288,585.1842481948406,0.908346232966864,0.9105570599324476,-0.1983409465775619,0.825512166544126,0.8847024485858729,5.895963676675327,9.73755137874402,5930.430335220258,11.466799523865092,-0.2002630176338413
08780_02,0.2195337292237091,-0.2536017385169022,594.880146644106,0.897247432696675,0.9036422070191432,0.0499912320667544,0.8096937005096011,0.8777588824917847,6.004685823430619,9.31474973497544,6320.536997337982,12.666636834153197,0.0500991041877609
08782_01,0.226299858465633,0.1498542024513889,458.054725963299,0.8881598050686579,0.9019686290835384,0.1267769424509786,0.8032871447693936,0.8707790833924994,5.946780266522075,6.386498807894016,4145.438759754622,15.42390909370873,0.1274063890692439
08782_02,0.2089825418299721,0.2031606986410999,353.4531106410911,0.8791109851909518,0.9011667936745124,0.0820529901090663,0.7981278064661755,0.8484000921351975,5.820719537140923,5.0805620065514505,5306.909512694158,10.506200116047708,0.0827868761597486
08784_01,0.2938449919653065,-0.4688956241655752,288.7542292937551,0.769972276745039,0.8788899816994866,-0.2688095854031582,0.6972077763054374,0.7400986616295107,5.81594428662931,4.642891752614867,6494.778865957715,6.388634468696088,-0.2754604084120399
08784_02,0.3362576914613677,-0.4145941443227575,643.5660831693119,0.8778809972850464,0.8987284263734607,0.0127490226467635,0.7996491595506878,0.8326218067668806,5.742862170417653,7.810939586608301,6779.819479805284,6.371477883078067,0.0111315364153563
08784_03,0.1473730833764248,0.1046820106610351,401.0114983351832,0.8895261647130271,0.9078303343339112,-0.2740372609609933,0.807724729121335,0.8838200391689286,6.033655678614228,5.32867618355278,3712.111923215935,10.114967542663678,-0.2762404260747515
08786_01,0.2238125224352479,-0.2352157097139806,414.8354229692783,0.8662952103179135,0.8989946710137845,-0.1292191493545502,0.7847541520794794,0.8853510009204159,6.106965316089783,5.260702492463321,5543.8376695574825,10.405775437313514,-0.1321407761516852
08786_02,0.2889667163528859,-0.0476271758820396,483.01812152387913,0.8755527864426124,0.9012653429270496,-0.0923051586305124,0.7938714570226735,0.8665632236193231,6.034250434274422,5.215763984912403,6352.083335363329,9.774604346368893,-0.0902354507865484
08786_03,0.2109744743821052,0.2722013221393242,468.9928663449151,0.8900078852673856,0.90868433192425,0.2379490558449061,0.8086943685196276,0.8831995556082446,6.194967418812389,4.8895078589169625,5491.758979471045,10.104427286935346,0.2358222718715412
08788_01,0.2141906444456944,0.0095164493229417,365.57564617385896,0.8987589498159458,0.9098026944083564,-0.0958822062841435,0.8127704192481648,0.8700523961243166,5.8783335206238885,5.2938161989710935,2769.2591588299774,11.494453453749,-0.0968401293824505
08788_03,0.4762298983320922,-0.4229228980652757,478.4513329717552,0.885363482879333,0.9058315869500028,-0.1804282563429912,0.8037630926739698,0.8468051703421223,5.754800112937588,7.735320701586771,4452.894839148606,15.881301034321169,-0.1821622833524628
08788_04,0.2851224667673805,-0.1428513276570107,380.342220854433,0.8957233314865065,0.9120992582581592,-0.1798321194803982,0.8093374824653262,0.8778094883360786,5.851803631029573,6.942292828991537,2519.634002998501,14.775381100971812,-0.1809597930687578
08790_01,0.2521740122372652,-2.083970406015483,545.9442267108833,0.7944171629291109,0.8739230641951047,-1.100717540430961,0.7320383950528128,0.7730016187976035,6.153331996884074,5.861258373435732,10085.113807154412,2.9482029829856944,-1.1698616272392863
08790_02,0.3786655198468969,-0.199073405010907,503.861514109232,0.8082148802186957,0.9007118219850445,0.0506119255538366,0.7247070468717931,0.7963179552489834,5.749925369940814,6.102998868602197,6653.207449810529,5.227458173573946,0.0511674954071788
08790_03,0.1111458987901314,0.9421267867794436,451.9601908208587,0.8455355342949565,0.9067151682624228,0.3846840734190924,0.7933852363523946,0.8515717706821979,6.132552800138832,4.767664905949221,4922.377920578969,8.49902221577743,0.3854335916017304
08790_04,0.2116581957445838,-0.3619914530106433,446.4929504758832,0.7972302902528724,0.8976719910786576,-0.7296869657363967,0.7506116842449072,0.8124400013853361,6.163787117039422,4.621255798252606,5754.948789881603,6.297606521155688,-0.7465643543979966
08792_01,0.0860650401913105,0.2973950681490847,353.4303931451613,0.8035399410127665,0.9177922048327716,-0.4671773055151379,0.759509762833854,0.8527865641815593,6.240328424447854,4.732381405464242,4064.885413858183,6.981201650218688,-0.4732677907303149
08792_02,0.1142718225787727,-0.1598026932556104,343.4551463420433,0.8291957421388801,0.912885709902029,-0.7355385967675625,0.780577242624637,0.878152281263518,6.226452712049099,4.859911235939292,3586.5856544425665,7.578478644664341,-0.7391041782075922
08792_03,0.0617591327866215,0.7916034448020685,455.68751910341314,0.8546166528148362,0.8921574151385195,0.924177072340566,0.7819866497704602,0.8634561520196188,6.359898951132458,6.349127607315056,4768.503711181046,6.522900333173674,0.9297731236122688
08792_04,0.1084540066672442,0.106943012032126,532.2795740358006,0.8665905004818903,0.9006385789356094,0.2881400112865538,0.7816934495062473,0.8697148860278644,6.2192416348501816,7.839646651700759,5405.392163855913,7.397518118426602,0.2929637367001939
08792_05,0.1692340537500063,-0.0795330329455255,515.1487599872606,0.8655795339518496,0.9015300754268272,0.0996620791242858,0.7791404425730941,0.8529896591792302,6.018090486814336,8.77570688210233,6457.114547388068,9.73508119115479,0.1009434214070351
08794_01,0.0880157527784096,0.7461600794826547,646.069680373774,0.8776165338861383,0.9041898999974082,0.7133757877719438,0.8024113994448019,0.8679916492628998,6.339708321635167,6.993411453249585,3204.302448569464,11.521968776807276,0.714183438639436
08794_02,0.1207528964172258,0.1427689403303008,672.3511063020037,0.8883711659902566,0.9083773973256593,0.1881487188573464,0.8035905680016462,0.8804706823431866,6.161812248312435,9.376942850781385,4717.803146865318,10.38001404822376,0.1895751149194325
08796_01,0.1247303798656123,-1.8878376385011,600.4878630524983,0.8456605107885572,0.8648507766056553,-1.5586823560002148,0.7768448907994772,0.8584004914734642,6.389397948594242,7.154287675325227,8211.739530656476,2.4454459740661183,-1.6424592878101374
08796_02,0.1367572688564816,-0.0189213276168372,660.9351160288919,0.8441792245815523,0.889770610042481,0.144455803118869,0.7694491878809632,0.8445090197739044,6.151185125070909,6.691283418129904,5908.404870731079,6.746591561912499,0.1413535930033088
08798_01,0.1439503466666248,0.3625560531994917,552.3092527940174,0.8557624218993445,0.9056755742845244,0.2402786489887122,0.777126749633954,0.8607202976826341,6.407689436934708,5.983516562938274,6084.275488475489,9.405160475394393,0.2404261671923146
08798_02,0.2005244865080713,-0.1792874317416975,463.8199086816106,0.7888453752045288,0.899151389382787,0.1130089237125768,0.7157144961734945,0.8102003154998462,6.091242185703848,4.637846873837525,6856.638467100506,8.879829406248989,0.113810623410538
08800_01,0.1109169330555391,0.5284141193998575,616.7633957122598,0.8726102930735813,0.8924351090486263,0.5654998969671056,0.7918580361195455,0.8599939527440597,6.298044924372218,7.765488784317661,4856.106860729358,5.54625677230677,0.5721649465046502
08800_02,0.1487607219608684,-0.0309029500713379,430.8791508000711,0.832149439943695,0.9065103515715152,-0.1047349485301711,0.7539730918474284,0.8552750360722633,6.149111595494312,6.825656641032845,4816.276493937252,8.333339169318062,-0.1069929951602041
08800_03,0.1375812013174872,0.1984917822742595,456.58629128780433,0.7934944631795292,0.8882515799677573,0.2251702060968944,0.7309925072902844,0.7810012276145261,6.102734637181824,4.222956021994662,6647.960884033402,4.62179990345798,0.2332011789890375
08802_01,0.1691299225855486,0.0355001585371603,672.7040043829066,0.8803431495076007,0.9058434745611238,0.2486284363416522,0.7933263862469772,0.8589370726057333,6.062547339343877,8.322534432052322,6419.087279276114,9.438148088274415,0.2508644355461017
08802_02,0.1433914748054456,0.1461183028954141,438.7026901467749,0.845171736413644,0.8945971894939345,0.3003352342832045,0.7648238981771756,0.8154049409441685,5.901874910556177,5.120417711352813,6870.455178127589,8.322795775482417,0.2997477574721887
08804_01,0.1174926962974444,1.019569056695228,463.5127449344679,0.7725794550057943,0.8996262841206016,0.6369280241301651,0.7328492230220085,0.801946467683479,6.2193449375357135,4.595703562957152,5821.828375172959,10.176891956879295,0.6415014266174599
08804_02,0.2580417726821514,-0.0097680330491618,772.3933137903075,0.8490234677739655,0.902950721255981,0.0749913993078897,0.7691221067116673,0.8244589809258358,5.850466620724199,5.291515111327708,7413.312305390432,8.856173993074503,0.0773109178236939
08804_03,0.1466855976057428,0.4062655751203941,457.8464805527876,0.7300218603154026,0.8989730225008852,0.2515014283865814,0.6662149299171815,0.7593287513691505,5.956462870695798,3.793614083210215,6768.960035689831,7.674822839377741,0.2545605271624416
08804_04,0.1438133817477435,1.475332515146008,476.5441820726764,0.7265259304574776,0.9022425377171138,0.9072097084895888,0.7171854986785499,0.7522408689916416,6.163837901379184,4.480671246824254,6487.4071403752605,7.339285974337491,0.9152938767657884
08806_01,0.2644295927467231,-0.2256422567689772,411.6883025799449,0.781707400114627,0.8991509301242032,-0.3106246989535176,0.7245784112948545,0.7967226836844001,6.095251094988077,4.380560089606548,6465.786507455196,6.946200124941985,-0.3183009768241346
08806_02,0.1893215548876624,0.3555804473407218,420.5604459982992,0.749936590987233,0.8987412129646419,0.1427353905117624,0.6974750060450978,0.7810185492719395,6.059718451568292,4.021829757563928,6441.268721204506,5.657404678114917,0.1437851434548056
08806_03,0.1414573335467965,0.4807814745627384,429.9636944254976,0.7778883901377587,0.9077087544551112,0.1656608808195596,0.716439692870321,0.8080601298147762,5.983697785634224,4.366493663466061,6184.428391677527,8.210008362205055,0.1676097010873916
08808_01,0.3016740570728872,-0.9730934920562692,448.6692036864451,0.8006002960960346,0.8979146466297371,-0.3279052219925993,0.7286421369503457,0.801133574890776,6.218036150405986,5.217880794388786,8206.233379842417,4.34413466024849,-0.3319889297877181
08808_02,0.2563024452916712,-0.6645746094888559,405.3091884849237,0.8064827691321352,0.8982213313976739,-0.3636155032137548,0.7368130656527369,0.8522846892903222,6.052776372071973,4.630739509164435,6712.550494468655,6.27184534269138,-0.368313649111483
08810_01,0.2162388735100982,-0.3143622537199835,319.39711946897177,0.8838008361443436,0.9011902474687734,-0.1642341725660262,0.8011307688323478,0.8710008279976409,5.781042084424157,6.679715994202228,6880.217547674808,10.091411274621478,-0.1679116806288296
08810_02,0.1764651811758253,-0.6013375191908485,424.3211803902904,0.8758609862179698,0.901207430416014,-0.3824819783143083,0.7899579709152437,0.8764624583742829,5.943491255390088,7.870486273194722,5675.283930992567,9.485426343049287,-0.3853111901720166
08812_01,0.3074651760535511,-0.3161654934497438,429.332332353501,0.8830567877819727,0.9012719937121892,-0.0421917704899747,0.8049768450632172,0.8111974395558056,5.572506531226539,5.063908491120293,7242.097304195247,9.406583413801576,-0.042987835797009
08812_02,0.3114638955009408,-0.2848769808336862,399.0268626145732,0.8890534835511172,0.8991826011940482,-0.0509430800195024,0.8069792951805046,0.8344205133427625,5.6231295312871,5.026752668961692,7195.190385472823,10.170692209636812,-0.0501177438599178
08814_01,0.4483536231203222,-0.628773920762489,440.27085590465873,0.8502565195246521,0.8912862902997654,-0.4148715624635247,0.7691481880749413,0.8060058903770208,5.67099654538346,7.451211109928451,6756.575363044567,4.854972687275477,-0.4220523368819705
08818_01,0.3300746739848433,-0.6663045096328521,537.6098984984482,0.882050211091632,0.9092203933924128,-0.4113295877270687,0.8053678415681866,0.8644151955994475,5.774137081660938,5.97637022508742,7093.492745535715,7.354091851726362,-0.4163175068265461
08818_02,0.1821216925187731,-0.2775650537332143,354.31640058055154,0.8051375069030505,0.8852795106882939,-0.4259814936200369,0.7380657310061861,0.7794098750997894,5.853184788101172,3.780830924635453,6550.8872585557,6.206558403907661,-0.4318513153333188
08818_03,0.2818522869463828,-0.839326374095651,452.41659049702565,0.8378036084835748,0.8896733826627831,-0.4032042323827984,0.7626259485282058,0.8212875101640881,5.967811526151324,6.3252178017827845,6887.962100226643,8.869521399444729,-0.4037159441285602
08818_04,0.2483198434031402,-5.645510271020004,386.1514938899608,0.7394803447152551,0.8547557358642347,-3.506528589228812,0.7202993206104922,0.7981882741584135,6.2712790399463545,4.480398494610403,12187.56851687389,2.680153724653348,-3.731715296940924
08820_01,0.2031853398909021,-4.123484887848265,456.0180100383821,0.663364738974096,0.8592891113838383,-2.7017078629714937,0.6509819097137209,0.6208671316884521,6.29646887226139,5.158174999068957,17732.266414273465,1.3962154866089995,-2.810410294808031
08820_02,0.1332845774058985,0.2385446894052437,532.5856215285927,0.8993253263306952,0.9049325700382808,0.3243799487484769,0.8153564179929126,0.8860984488950927,6.165653810158689,7.361155075064451,6203.191814722293,11.297643637852437,0.3259532505241253
08820_03,0.2988512961805869,-0.6829788031117254,312.00306105834466,0.8499659669070196,0.8962715642850171,-0.4692334356474149,0.7672542797897179,0.830529503151689,5.737654964567623,6.161680911022048,6500.01743689794,9.126616164969125,-0.4748169871401806
08820_04,0.083002355019145,-3.046758735747493,407.91398848225896,0.7334206971381628,0.8642293486098798,-1.7500792234731335,0.7263796044631756,0.8440177227592629,6.320590966254994,4.580601850823733,9121.221039519873,1.6193134283241757,-1.8173500479523783
08822_01,0.0990329168508537,0.5467066177759217,393.5020510483136,0.8737415158982169,0.9190938835910388,-0.2463521053175923,0.8115124098911055,0.9044784746567696,6.098592369720274,4.132186441495866,2203.179727484214,11.606799459697031,-0.2450597422647366
08822_02,0.2169822666937235,0.0505712896238753,373.2865822296515,0.8720673350057381,0.9148403342976128,0.0041085375471216,0.7883177748018562,0.8542728409456787,5.910485493337395,4.613270330358782,6911.743835477662,10.96619158512377,0.0048255636624935
08822_03,0.1384630443970249,0.8025914442397065,399.1590002015722,0.8870796031929282,0.9176579684467971,-0.2082199986972984,0.8123653926549048,0.8940968658805518,6.233541360087768,3.2452520024372844,4609.720654866187,11.328440797683502,-0.2108327297596607
08822_04,0.2586408300139181,0.0893525116256781,330.43411435009966,0.856314631475832,0.9236428857932332,-0.0462596292439043,0.775107609932174,0.8562502922569409,5.843772667177847,3.722129002306411,6815.620964083955,10.90607167197129,-0.0445752547316758
08824_01,0.1598340921086372,-0.3809720535455388,346.53488554610857,0.8321096853598005,0.9111434758652266,-0.2942781708148337,0.7726365636382097,0.8643891983598017,6.131664441417133,5.900991208285401,2813.3594795539034,10.946252401919905,-0.2957093404133075
08824_02,0.3152950885628,-1.8362817025373723,272.2386657720694,0.7813350453778848,0.89371586104863,-1.2362057702549936,0.7351384772932215,0.8521401204927673,5.922516179254624,6.211020743445786,3688.392582748453,7.274697513397101,-1.2607878550740863
08824_04,0.2267095224065409,-2.895548325128449,323.224215613992,0.7943568071692481,0.8801897124791905,-1.3003622049541226,0.746449798054891,0.8650685506555358,6.11843706501144,7.136825610905701,3168.6397221345123,4.724867869203978,-1.318696496621873
08824_05,0.2353359055125352,-1.8344870138949092,289.33908989775915,0.8045998746518901,0.8871172399110425,-0.9805566119677744,0.7520269285579863,0.8430377862801512,5.992867919057972,5.811837609658157,3984.0606138200974,5.5417679111393054,-0.9993148625039008
08824_06,0.1244338377033643,0.7327506787644533,657.9281745093402,0.8425989948561162,0.9041488207365472,0.8159773439698023,0.7889348272397465,0.8602680301096598,6.230568989492941,6.956752247774839,3477.671404639829,12.47849598402872,0.8230853151819302
08824_07,0.1606286443819924,-0.6189233866936128,545.7321737546672,0.8390956542511544,0.9051668473225054,-0.945696972288972,0.7850754485731422,0.8657945618823993,6.047551479959532,6.313230423528311,1710.442206276476,11.850914525301572,-0.9598374776062268
08824_08,0.0886751537878594,1.084512912618038,464.7120610687023,0.8357978427454466,0.9030377878747922,0.7523156519211455,0.7896962997056693,0.8656189916981085,6.203389982782833,5.180949602992601,4254.785733048145,9.612979861601092,0.7558140699557654
08824_09,0.1518547145490614,-2.07934419293696,321.2467573268704,0.7762553337615076,0.8865915111225173,-1.374371483559912,0.7326584334978082,0.8468029437525072,6.2391397597777445,4.340686550308506,5888.916771947918,6.234411458905882,-1.4077207107913656
08826_01,0.3641704857213616,-0.8728081226158085,380.8190155683902,0.8300096289567694,0.8892292019083129,-0.5134551374800168,0.7578254345707703,0.8360029691788764,6.028299378322807,6.548848613867943,6451.084893329494,4.636197457742784,-0.5237826064593886
08826_02,0.2240392057342703,0.1919722277294769,419.2203346313492,0.8584792977100385,0.9061526307319774,0.1543511919733087,0.7840249352629947,0.8451396590701766,5.981956659795044,6.903896628404547,3511.864258524338,9.33091556751424,0.1560103316556788
08826_03,0.1701803197209677,0.3518400655305848,643.4221218961625,0.884045479620019,0.9093497770456168,0.2155946067690648,0.8123528089350924,0.8825356655371599,6.087452043354287,6.651267796722944,3218.625132994444,10.61291238981875,0.2131401807493682
08826_04,0.1088699575780752,0.4398913055469037,520.1560757359616,0.8855243495296163,0.9095479874217705,0.1985709886955554,0.8045506468952017,0.8861413551627519,6.16699560511311,6.229425541757988,2655.061920984998,10.422072417459244,0.2011955927319301
08828_01,0.2797449237431382,-0.2939877016102252,563.6679979904546,0.8567044473173903,0.9036620623891248,-0.1963829324039371,0.7735444913495801,0.8378297111776908,5.938525076245934,4.342621294773036,6714.291820281165,8.200531930446246,-0.1985996529309597
08828_02,0.31807031346441,-0.0513492459283,362.1752295308766,0.7564364536844274,0.905794445639346,-0.2086063190807875,0.6886868902426863,0.7687385321205625,5.799139518617704,4.191896433059739,6698.923972038605,8.851560678310687,-0.20713876835578
08828_03,0.3010135258158103,-0.5375417188369217,384.7720331459012,0.7670372430842252,0.8848065971689048,-0.0966883209762426,0.6795385810816521,0.7484578269001435,5.716795579991202,4.034555433469,6828.861423982434,6.4126281015871935,-0.1017895709172286
08830_01,0.252309809503791,-0.1930612096600591,664.8629135419967,0.8621074167986065,0.9034352443327426,-0.0108083116044544,0.7806588086645626,0.8068867748079557,5.7337499012575135,6.094464005180182,6984.345755161484,11.61315608563316,-0.0096410526359261
08832_01,0.1984957093693395,0.5178071709317508,399.963478058588,0.8768088751617751,0.9110820856983658,0.0893461442621176,0.8031607435091738,0.8568324788296775,6.034182278922805,4.070044804142601,5795.160900738802,9.880083457195846,0.0883665443149303
08832_02,0.4311173087286208,-0.5888629545697985,398.7886583755228,0.838922876307439,0.8936413947464582,-0.2228785771114218,0.7578448294386796,0.8191953838830898,5.823299109272898,4.995788913412395,6609.801598571834,7.472923666625119,-0.2233187251176375
08834_01,0.2476492627110321,0.0395958978470546,404.1307354094832,0.8171065035810484,0.8997551400727147,0.1001179806584373,0.7397440997288274,0.7790894507425126,5.8564528973942105,4.063879334788675,7222.16128768857,8.298627936512974,0.1003837668721799
08834_02,0.1844553242039695,0.3250880725418904,321.8313221746464,0.7962891223015235,0.9033110434003062,0.1415294278185561,0.7322245878294337,0.7976973773614234,5.865537651126604,3.53102527317507,6733.821007457137,8.550810742268215,0.1410095653765903
08834_03,0.2614932071613405,-1.2834673833519483,409.091382953745,0.7358313969640945,0.8813119993128932,-2.260824740879924,0.6734174941239033,0.7003137755290135,6.0963220534635125,3.0053231191645526,13081.395285769631,2.884538092281772,-2.348267720042827
08836_01,0.1128339041232306,0.7105222694084852,358.9616751990899,0.869274924773565,0.9080576744704952,0.3543134570842791,0.8028040814467284,0.864229187352581,6.118555604294201,5.39238673255781,5298.59954195062,8.02651694490169,0.3568462826013909
08836_02,0.1534851541607528,-10.42003706682052,392.9996071653048,0.7123162744045984,0.8667061644303052,-10.578044417645671,0.7514856582652059,0.678035613852041,6.265284337347883,5.370712146427833,22713.440968559957,1.995102723745852,-11.808666520718294
08838_01,0.0872927649682949,0.8545278064710216,446.3230209689731,0.8580559378649383,0.9138512982716868,0.2197568115971321,0.786069663677372,0.8871152548839752,6.252765350753037,3.191289360013132,5993.700270685493,6.466276676326562,0.2196384522264933
08838_02,0.2112452951284066,0.1085742848242341,337.391897484196,0.8394652355380557,0.9139046566410166,-0.0122823172997063,0.7609569874623392,0.8407574469621732,5.921181084399349,4.42713964898654,6401.5193793499775,8.764752243113882,-0.0132527925352199
08838_03,0.1638866217621245,-0.2506393456769315,308.3208320201702,0.8528063050665293,0.9080308429237464,-0.1670937921855912,0.7737483818331347,0.8473422674534397,5.963946473512653,5.145174117567789,6149.51301506546,8.0784099422826,-0.1658846181150293
08840_01,0.0669414618236791,0.8562158886070127,354.8539590781167,0.8554132242507313,0.9122362120978929,0.532210939453185,0.7828290862364554,0.8734189516680394,6.113705927674651,3.6626022553992543,5601.575849434589,5.677423767971596,0.5370413668656249
08840_02,0.2373149386865963,0.0987477476157391,366.6618340300632,0.8779741349945727,0.9129908226423076,0.0588587168598704,0.7947669371735846,0.879163734968571,5.885355442701152,6.514046605878778,3581.2234712588693,11.200936685443182,0.0623158181588755
08840_03,0.0729384901822074,0.4897122953675017,361.99261796973775,0.8765318288454603,0.9143633391710798,0.1120406165395526,0.7983483141403988,0.8991663819674085,6.189936611909227,5.488242993209586,4746.369569882584,7.769146608814527,0.1148193766314965
08842_01,0.1420918182253715,0.0235529709674028,491.63495665656495,0.8652369209452717,0.9061982204679156,0.0711474537105464,0.7784604125938764,0.865997292535688,6.021265441904381,6.612007422828935,5797.440991279967,7.035694689971349,0.0677981782996152
08842_02,0.0406609085702971,1.716368752841714,396.7305953640473,0.8250851268389667,0.9094393543230992,1.060280117095926,0.7944032206192804,0.8735125487220322,6.361807579529083,3.196114610994277,3976.338865613922,11.257297608170816,1.0639166589096225
08842_03,0.0403911993556004,1.8112773518655985,316.77279491614047,0.7716958305523417,0.9128024487062634,0.8373773695660729,0.785248396417014,0.8376465177737165,6.247294589888695,2.745631988347755,2877.594979176308,10.488085261381904,0.8457925675689727
08842_04,0.0801817245654953,1.6199392944261914,310.20893552431863,0.8373805683047595,0.9098172499653936,1.111117288744814,0.7957035578020861,0.8617343462537324,6.14805212148026,3.6546424973883695,3020.1577889447235,8.342380200718253,1.1163811180976717
08842_05,0.0354313548259806,1.7879659570229618,416.7974947807933,0.8174568631184821,0.910984820865436,1.0731865634955764,0.7920297444333236,0.8676284781756899,6.3946534702286,3.128302422397697,4207.244044997799,13.740108481326333,1.079382688214735
08844_01,0.1425476894111198,-0.6424967456979601,362.7336005623207,0.7724597181029393,0.8876561524607088,-0.5061077474298078,0.7230764043080932,0.841353325232113,6.128495660245799,4.388897366011599,5929.501165232239,6.644692842812326,-0.5152445118169098
08844_03,0.1753814516622854,-0.1079109656661233,422.92631175794713,0.8346363486869599,0.9046279035535384,-0.0565408411519995,0.7476077751201915,0.847606408269731,5.951096097394201,4.252947627821202,6321.930249792929,8.23992855241005,-0.0555840256172903
08844_04,0.1271015345258214,0.3050922382965131,504.1980531703207,0.7610624231063736,0.9208205472432194,-0.2855605999355841,0.7172987191223869,0.8365536909415107,6.126269564792437,5.49873626308206,5253.040799481163,9.69511661908052,-0.2869993255850946
08844_05,0.1054226753096093,0.0540511394299717,296.70122579499025,0.8731842013590831,0.912286550009522,-0.2824466897087549,0.7944381916767688,0.9010952100166398,6.108896351641323,4.381131218260321,5581.635055461177,5.151941074000186,-0.2817042960490962
08844_06,0.0886136073140622,1.0510142065407506,356.461201135984,0.8775403466898314,0.9052663027055,0.569020383447912,0.7976128980249202,0.8738373750041798,6.1996909520870025,4.140110435875339,6496.394959559255,8.943624359202957,0.5698801408782415
08846_01,0.1274006563878902,0.3003858300457634,368.82589126437415,0.8582687958902069,0.8945927961582416,0.2906184329154214,0.7767297259033896,0.8514166328857202,5.943660834374806,5.88503890973277,5759.959847036329,7.432593200974191,0.2920074548291491
08846_02,0.1044095610743792,0.6303386534915897,326.95092737656034,0.8557554145214733,0.9055309199733677,0.3383713846573266,0.7806116263832295,0.8715978957883221,6.035967841180474,3.964861765803183,6517.975976182297,7.927359486313932,0.3419473357165269
08846_03,0.3516223747783448,-1.0795568064422505,376.7793113825698,0.8509068711505896,0.8975890143865398,-0.7511069098452817,0.7692585461616763,0.8560295614629355,5.769786109879797,4.932214759694915,7401.540399975233,4.767170057230255,-0.7728948147499256
08846_04,0.1505528469087832,0.0844514236239669,401.5754813637167,0.8676476912801769,0.9074901306777065,-0.0293668740595074,0.785895080906635,0.8832334906710649,6.036139058265798,5.5872625560948,5309.45906418053,6.821820261204881,-0.0293348056888842
08848_01,0.3153034330240002,-0.361813363332104,499.2431636603245,0.8717488465052725,0.908685267400547,-0.3604914879981749,0.7891094243581308,0.8538812181502112,5.681410485053201,5.642317880218581,6636.74888309378,7.038542605415396,-0.3639752738621392
08848_02,0.2004263660451901,-0.0946582269419212,417.85963756177927,0.8198214029266615,0.8911243449370942,0.1684848139329304,0.7496468401820487,0.8457117577824146,6.0763669070594375,5.914321710980511,5671.710570005535,5.490629712006033,0.1715568029590977
08848_03,0.0948809566802576,0.87921503926161,361.521819851066,0.8315236901798084,0.9092028518694532,0.5232451217564498,0.7755361694005825,0.8608077731518714,6.210050893908133,4.553291608199811,4457.721395252102,6.602264423702044,0.5253162030455606
08848_04,0.1641783589533362,-1.0002116532655776,348.3000385891796,0.8060166994726297,0.900291147515046,-0.941427292843664,0.7609476026862299,0.8483232094929523,6.127659828108102,5.209126871460182,5351.206652302053,8.738177119343892,-0.9591938568032184
08848_05,0.1738540924414705,0.0262833837189678,443.1327527990048,0.8379556268748752,0.8926286384111696,0.049916345598871,0.7605857872433562,0.8306234995100524,5.95539232467902,5.957903707657619,5903.033946251768,6.355503457239912,0.0510355063289237
08850_03,0.0735602415644829,0.7205110077008188,325.99073341094294,0.8346796783529498,0.9053879480882236,0.4013637648501853,0.7772367127843955,0.8715061133715781,6.140297341187511,5.145603764052177,3848.668538690588,7.771207091101906,0.4009940704556317
08852_01,0.1157148423642812,0.421493095211335,453.9599452821199,0.8730716452184041,0.9060164135146388,0.4291683411198041,0.7881375868455227,0.8822720850012044,6.121525339070418,6.490123613284917,5548.028948912184,6.524271279872956,0.4308369903455066
08852_02,0.3399614897644764,-0.5259957970395873,348.94542341931066,0.8526164321245824,0.9016826561808208,-0.4395642821395485,0.7734357412327021,0.8456249173737443,5.704978976081846,5.410777942706204,6574.710744473342,5.538953263520584,-0.4421954955550623
08852_03,0.2621064310363931,-1.3334349608456482,331.7328574370238,0.8431043107250207,0.8836472583383832,-0.6512915449685823,0.7657776249159585,0.8653145867026407,5.921727038042451,5.998302038483795,6539.967237079714,4.969132277595261,-0.6671944815166294
08854_01,0.1863170485281035,0.1034223865848038,357.85244675759753,0.8589216568319403,0.8924822086417655,0.0780773098343476,0.7817138135108376,0.8539495021027582,5.941075429281565,4.617699488572947,6234.417707404104,8.142370543239508,0.0795366131243167
08854_02,0.1115909287642749,-0.0071744398472301,520.0296056152799,0.8500865913445803,0.9010897366882924,0.1102157722926511,0.7657407526041422,0.8749741879565739,6.183098856302708,8.197447787675488,5252.456327180986,7.99737799353664,0.1117664689236177
08856_01,0.1274254374446102,-0.4136075477724903,562.6075083418264,0.8291383236992574,0.8852729342263493,-0.1351513617720481,0.753670026706144,0.8597791817427748,6.154688127488259,7.432390102608764,5630.886134110787,5.371908033768467,-0.1433326326037134
08856_02,0.1572035564870235,-0.1530459858194059,378.0456594077756,0.8449662756853081,0.88620980895738,-0.5397629089987761,0.7646272506696107,0.8492921686856705,6.007281324532896,6.019753410064238,6074.423252346285,5.400547866266312,-0.5579333740620667
08856_03,0.2197268364004069,-0.6911844451084425,472.10422802998426,0.8785421585015732,0.8997277302609449,-0.7256007050729023,0.7915246737630325,0.8864780439758264,6.093223733608612,7.386240461880975,5642.006146251754,8.648072562421463,-0.7467220519819382
08858_01,0.1258967742272355,0.4207774863249857,548.0729663105998,0.8729819135597122,0.9073938474507466,0.3057349854899289,0.7874767840148617,0.8824747458273628,6.205598510080821,5.420403465795316,5198.486675807055,6.930462057422904,0.3059707348861854
08858_02,0.2010243181277285,-0.0762197505671006,355.75780054708144,0.8767429594761708,0.9108112889198562,-0.228228971301665,0.7918812910197662,0.8823902506775527,5.956266266821372,4.975221639870973,5850.38574791157,8.46301255820832,-0.2304844862862559
08858_03,0.2245270538464533,-0.0105409158559287,370.7695201554636,0.8563699192673921,0.9036716601478046,-0.0646924552348753,0.7752101567968195,0.8470201027927213,5.840113995119106,4.487763581854717,6461.950733886407,7.964282881380909,-0.0636688084784687
08858_04,0.2641659707809983,-3.772842524366467,383.60639013452914,0.7307636983074922,0.8563554539396481,-1.701965530024404,0.6841587475103023,0.8139743179878197,6.098129061067891,6.027898202066655,9654.32521544488,2.265342701608276,-1.784709610114945
08862_01,0.178923684998307,0.503532302136865,287.96266744510393,0.8233109633284659,0.9085240229972807,0.2153892486188666,0.7490409696238862,0.8431388038064903,5.773140007972626,3.4934634881130284,6908.9123548262,6.429271124618442,0.2172439480995414
08862_02,0.0337150168776548,3.198013999741832,292.4015444015444,0.7358135777284812,0.9093520966579202,1.698586205667608,0.768169697952007,0.8203670193473105,6.201279309042334,1.3656345894250204,6233.629461039136,8.667911060907826,1.7003301501585888
08862_03,0.0524219994167412,2.774004151440865,341.13553217035104,0.7769578104428272,0.9044907214428468,1.6326328346552827,0.762732207634543,0.8300996599506575,6.167025256924373,1.9182123223394725,6826.909746061337,8.623235942134224,1.6449710826459378
08864_02,0.0567097073166116,0.8166865588937715,412.0095454280892,0.8868790880846094,0.9141653381684736,0.282990623154025,0.8018074156899433,0.90769062317752,6.253669337219243,5.105694652437679,4821.248904952982,6.986567806309571,0.2851701728812008
08866_01,0.1899327420324571,-0.4587798788862772,512.4937711803733,0.8974725029090999,0.9169983268216908,-0.3077701390940812,0.8057561903387156,0.9060078395317226,5.96282558508482,7.326587157745062,5066.433814620355,9.587507861243772,-0.3099240952720358
08868_01,0.2481048314493865,-4.241254224607109,370.9853613906679,0.8487220149596032,0.8979616425283101,-4.4304536238010535,0.7969768979370124,0.8517242027788131,6.285459721522568,4.063857175033858,11603.022967880854,2.800118009055764,-4.62646833649286
08868_02,0.2123324184919445,-0.3903260051248884,508.0431810819566,0.8752816737742909,0.8937832431629167,-0.048887634984757,0.7883502937383213,0.8873900914669959,6.112931179555284,6.738451021162874,5317.04881485582,9.474248888390177,-0.051793125023122
08870_01,0.1484973233625624,0.8670948910842665,545.1468013468013,0.8467475590287953,0.9168283918364748,0.4797585760654377,0.7788438807402899,0.8755380850952508,6.182167462045522,4.775328309088184,5779.566986240127,11.542679336971702,0.4811841141713422
08870_02,0.3455546464114243,0.0324447256182579,501.4153476145198,0.8269969165715352,0.9083976017211548,0.1755420573296359,0.7491030319759802,0.8462985856701042,5.898942415316342,6.2807353715025735,6062.8674002036,8.923498655450365,0.1766691532676863
08880_03,0.1119462063587671,-2.1198783917071315,247.4340457584032,0.8962020697939671,0.9305357027471068,-1.921621379912901,0.8324994008597486,0.9222286925260444,5.706331446595457,7.037455579573951,5280.795721367075,25.869281337302372,-1.9394487573709536
08880_04,0.2462295122657246,-1.8423527843195224,227.22868568381764,0.911653849975698,0.9330131017491894,-1.9085219116938728,0.8391619328591864,0.9325314268308932,5.525076343223228,8.143213047833916,1497.056904541242,37.60993327976568,-1.917538551298479
08880_05,0.2201717353469895,-1.656156808496575,233.4328862946749,0.9218509930912908,0.9302085931208324,-1.6846600179837832,0.8500659908581596,0.9312389577568017,5.577613853163609,8.49607206468121,4103.693153809366,33.14458854937444,-1.690211830632008
08882_01,0.1701217338296377,-2.1761083625767217,262.88532126828915,0.905094257613992,0.9258269854877812,-2.031987406561256,0.8499117223652835,0.909846253239718,5.7803779992877375,8.099420510542409,3769.679156458664,25.84354598523355,-2.047975832617502
08882_02,0.1132381751616968,-2.153111529386164,281.0505814996656,0.8970706706213039,0.9279023255599964,-2.0420209780518843,0.8431749621682948,0.9387663157099913,5.711160255038047,7.925258290752728,7798.093578425444,27.6270856091506,-2.041825451844228
08882_03,0.0750778782075456,-2.172713102060281,283.53294316843346,0.8875987902839197,0.9268475446648832,-2.16317647695165,0.8450605822767348,0.9073432216136972,5.747231499914872,7.210696951311939,8238.59262065902,24.873057158126382,-2.161000143755366
08882_04,0.2209738374836983,-2.580268418102899,259.598611283323,0.8950993331100835,0.9264603841603042,-2.406515114547802,0.852480500577997,0.9131289003931582,5.683414485571235,8.23304329787491,4448.240167158308,27.09232127270279,-2.4323865860760057
08884_01,0.1474487564157832,-1.7260380837401503,330.8764749979176,0.8979581448718252,0.9236175999464308,-1.642556621441531,0.8370620145122323,0.9168641613409356,5.758390897174339,9.962517372902605,5084.13932680017,33.42261644579531,-1.6524573878319022
08884_02,0.2526962421945135,-1.9124089820317076,242.49470628042525,0.875070642804283,0.91829670811898,-1.663093667673198,0.8122183086364622,0.8021233098376496,5.724520896748094,8.1821560300812,5699.67133149044,15.393074688729444,-1.674745566847377
08886_01,0.1097532907565684,-3.814982702920133,247.9826476896081,0.7482053508700598,0.8928849527669777,-2.2506774739351485,0.7224919614910847,0.87787845694568,5.775472382502877,5.752684371909846,3564.4685299049747,8.701424327366983,-2.2926252389906736
08886_02,0.1152980822128811,-2.1035423032339504,253.7369315767106,0.8338848991015938,0.9279589117781528,-1.8991842979550788,0.7922498043813212,0.8874825965010155,5.835886206231586,6.171556636637948,1936.9443961772367,26.89211200532023,-1.9156193541562627
08886_03,0.1831450281896697,-1.75839709288194,248.9209398690964,0.8550413866617786,0.9287265839635228,-1.662308046948392,0.7947148757679939,0.8908193155859093,5.773824670349836,7.433827753299592,1592.009904400999,24.858106163085758,-1.6675926818570532
08886_05,0.1524589721902066,-2.090877642773043,270.1298986264098,0.8476455680184174,0.9250491888166982,-1.9040093532098743,0.7947435672456743,0.8888048738001006,5.725782251609837,7.976986813129772,1951.9962746141564,30.230754863499,-1.921434201965878
08888_01,0.1858805061160806,-1.875396244012052,307.87040135695787,0.9243856806207312,0.9173441805605396,-1.5028888295633036,0.8557948753920988,0.9126417339832836,5.630779092662983,10.073459055072872,3334.8364321823324,24.586228078509944,-1.5158813485160567
08888_02,0.2276194011241117,-2.370641579188446,359.4741223847812,0.9178943844660428,0.9233838499521853,-2.1038485540339584,0.8622183306694794,0.9265954544223862,5.916885343562861,9.236159871308503,5388.696196660482,24.03908165519568,-2.1268047923620093
08890_01,0.2170333287656743,-0.6105524174331203,283.7987739872068,0.8606280245362371,0.9218407834245812,-0.9885974663060584,0.7920024412436397,0.8940075895449696,5.983591431384592,6.097320594541536,4441.87041731947,12.39575366775574,-0.9972448811432556
08890_02,0.1253957659111384,-1.3312540163905928,266.5846296011089,0.8119381389439729,0.9166193522022044,-0.990369139377292,0.7781025570712505,0.869596947054184,6.075689336833588,4.2577580341101005,3837.933338687656,9.55050069912296,-0.997502451392339
08890_03,0.1745635561291228,-1.8443494682907908,279.7821458474543,0.8527165944342808,0.919564482497124,-1.897644468747148,0.7946454974958135,0.8876694103887859,6.125114679999896,5.39373741842973,5345.825555835826,8.415350142330155,-1.918088882575896
08890_04,0.288422409288357,-1.10906752547827,257.29722541528616,0.8517257480041526,0.9227350554334804,-1.1503636954948424,0.7948397349605953,0.8948016011262452,5.971607968365447,6.799254224451602,3794.139686942738,15.536287678052842,-1.15660179627266
08892_01,0.1031527600993476,-1.159574652156572,302.37546289809234,0.7105291442496935,0.9228694022692728,-1.4298360361253768,0.6280246069312381,0.8313368724784579,5.96383497634826,3.891650931192201,7882.935605151588,12.434525931349524,-1.4395138819622757
08892_02,0.098158606124171,-0.8657949005215525,259.49828257384934,0.685892162143245,0.9291841712360948,-1.3832574522601575,0.6072540538902013,0.7943965197724706,5.909277710493981,3.0626925834914465,5140.44508011987,15.975412907215542,-1.3948568106450616
08892_03,0.089145266584797,-1.78311364849771,343.3747244511066,0.8995745830333969,0.931069883421036,-1.7052749751062806,0.8524693315653139,0.9376012997877824,6.087810212829679,5.426521565146937,9403.23675669055,19.23751060799032,-1.7324520803458805
08894_01,0.1251504947767665,-0.5279707799917157,299.0690522369361,0.8716374627112885,0.9190171491750287,-0.7636077264452426,0.7838169656489983,0.900938829749028,5.692259971313129,5.348891864416368,6322.397759885204,17.684427924706895,-0.7718078227739116
08896_01,0.105893281259972,-1.908004791287716,390.9267464048029,0.8958195693799316,0.9208138525754912,-1.9368935093595727,0.8350662157390493,0.9053405443108382,6.048507416167045,6.4010620364309325,3816.1239238410594,17.049205105087257,-1.9745395872229248
08896_02,0.1388891417554,-2.6991603824084627,256.5084840314258,0.866718547774949,0.9240768522966056,-2.3856440236705114,0.8287260260049071,0.9010840205163212,5.799807768464914,6.924980010298757,2010.0739610237144,18.37502148779753,-2.4002645220441874
08896_03,0.1494293481412503,-1.315674767635461,493.3440914682684,0.9214536393505685,0.9193791398808074,-1.1547038170668185,0.8455109979032748,0.9282362402994656,6.028180620202351,7.294529428560022,1497.3756851021426,20.74508931175253,-1.164539800002281
08896_04,0.1523488858288329,-2.130357160355004,394.178417838723,0.9110710858001378,0.923767833736747,-1.8470381103497973,0.857001743052204,0.9279098632165278,5.960022537133707,8.247299672935673,4568.267003014022,19.59999096721819,-1.859850972853922
08896_05,0.1381988516084704,-1.9815378004486848,467.2918446559837,0.9123427534373992,0.920957627529404,-2.211605541722345,0.8525486578022697,0.9314698794207242,5.972097982491651,7.338538612457778,3524.6433402590515,22.40091902563083,-2.217307656961745
08896_07,0.216207386107227,-1.337568441039119,422.7034431887036,0.9308328801559476,0.9255500015550698,-1.305894281967857,0.8541366383617234,0.9467341130586584,5.917163737774136,10.212357932088004,6909.961582615826,35.89164998272349,-1.3159942152130253
08896_08,0.1699848580199237,-1.7615135786666851,295.9083515522519,0.8917616225640048,0.9222525186167236,-1.6557178536420365,0.8318613191835953,0.9146493667959292,5.7121740597249415,8.477489067532865,3758.9897413024087,25.837458234435093,-1.6659548688171788
08896_09,0.1197390109571865,-1.640829620227671,342.45278418451403,0.8966454825842572,0.9271450418901864,-1.684248100839831,0.8292794497687371,0.9181778500909642,5.935914470763065,7.055824557635448,2145.627314814815,19.82134722764536,-1.7094987025566808
08896_10,0.1060295597146625,-0.0890250389684378,312.39936250747064,0.7785719811438968,0.9186158801951776,-0.6572054666515674,0.7812029899292967,0.8378763192983106,6.134018407664404,2.69138093694246,1575.536115569823,8.218852234443132,-0.6586612838999141
08898_01,0.1203692432076372,-1.7435994019705146,305.56905843812746,0.9004720049718997,0.9201550873790844,-1.6463040254779913,0.8301174289458106,0.937150697587366,5.70627885819689,8.084760304348855,4809.579831932773,17.04241728987541,-1.6658011041262604
08898_02,0.0734638656443451,-2.2229130268728,294.84066798987067,0.8966574942744017,0.9299361513080644,-2.294414824347879,0.8433323741232914,0.9256447559068351,5.72257006400907,7.976692071336916,4679.537944529522,28.87724714964624,-2.3282672833263294
08898_03,0.0917029030692679,-2.115301800084017,338.18509530533004,0.8783806017932689,0.9229029184292572,-2.311855984628094,0.8339202856525068,0.9209446610098592,5.931424176909438,6.481778784729958,4482.861394728061,21.24434258514516,-2.36389740824599
08898_04,0.1044026696882578,-2.015913923226644,350.0639601161253,0.8998301736048905,0.9307517980079132,-2.1075314197110924,0.8462122619375335,0.9269256406274828,5.905800593242366,5.616930793758084,6928.578187650361,16.093493402107732,-2.122018644536752
08898_05,0.0748342913162527,-1.9926799693840296,285.26440238960606,0.8683216032966393,0.9235485372862816,-1.6708678261129146,0.8217842825104386,0.8973484452885043,5.760399567482971,6.042503027730302,3805.87806024153,15.441108439051938,-1.689282107297407
08898_06,0.0791839680361475,-2.4836945389401914,308.8915303786646,0.8859621551835127,0.9269591902390172,-2.3482456575492443,0.8488866015987309,0.8956301721537144,5.719971734039228,5.303868039445364,7739.737092845863,23.589294696931415,-2.393782402062776
08898_07,0.0309932126272219,-1.7255246738709145,333.54770587056703,0.8604487601319694,0.9175545135757228,-2.011178827704852,0.8326115905790047,0.8988844349438848,6.249466458286973,2.455245545499466,8755.949100780455,11.137312612806396,-2.127334463145943
08900_01,0.0816462673271711,-1.7717456013963642,289.29549471334224,0.8808789571748731,0.9285238466519088,-1.7089521787548934,0.8333357118918078,0.9318474180412823,5.946090647958066,5.34515266196751,8306.081091204194,19.66923099231284,-1.7276533904742737
08900_02,0.1126947914186847,-1.6795731569442789,314.7784416826004,0.8869121845355152,0.9307352042241116,-1.6540933240697793,0.8294936419290244,0.9283939227585728,6.056494340542087,4.517323179583515,4017.446521025382,19.898259633022388,-1.6632895978867512
08902_01,0.0871433638709979,-1.5295887856478123,283.47570946188665,0.9114674384059276,0.929980381764769,-1.653243529692536,0.852086709613693,0.9236557134843564,5.781313836628248,6.358779072802865,9064.591227309336,25.9694054481234,-1.679031548648264
08902_02,0.0820944386590992,-1.2939267001776718,382.9665651504732,0.9162981146906292,0.9199907842835052,-1.2072616748824807,0.8484412018876873,0.9272581860036468,6.02236562084278,7.559581484216729,6184.787206537547,17.62446544808497,-1.2084334814310254
08904_01,0.0955319718910165,-1.6989264659575103,342.64059843590616,0.9095355770229672,0.9217409983950744,-1.6950891334074445,0.8416227778808429,0.9364803795497976,5.931925386718198,7.454328367960946,5399.42821080026,17.164287289537917,-1.7088544866619837
08904_02,0.1496135984229391,-1.9715149036975104,271.1647682945857,0.9090481384640696,0.9267887934939322,-2.080807104407417,0.8510928568802467,0.9257863582683704,5.706365689147551,7.615474397440032,2643.6525518163585,23.69508760237023,-2.1058461798263712
08904_03,0.0975796890002795,-1.9182298349243905,280.4293869977878,0.8843734054396242,0.9254137952793128,-1.814170821786992,0.8171359699492962,0.9246031008211784,5.584976788263892,7.920968830190545,3709.472826086957,21.509160946887118,-1.8353800895113617
08904_04,0.1266363465595653,-1.4424023029111537,310.1160941078493,0.9173087229495516,0.9216926278913704,-1.5482573668560462,0.8419572058619081,0.9247486785587484,5.833467471451423,9.203045097983257,1822.610391429172,20.1192470590554,-1.5628039415969757
08904_05,0.091308406767383,-1.556276605131183,362.174421732114,0.8942497949843298,0.9183526391784854,-1.777593015162729,0.8318269752099544,0.9230526648296972,5.752472245854964,7.23797828722221,2738.07233032748,23.425371875998135,-1.7911052712295188
08904_06,0.133375930479875,-0.5569169379979798,260.4286294449228,0.8437720432660483,0.9177437470511132,-1.0220009950702342,0.7727293805896185,0.8900823364218419,5.9690232943356,4.429747485704537,5463.080316441958,10.132379246054846,-1.0246857589603902
08906_01,0.0567892626882104,-2.058662799431819,337.7114127702363,0.8813933462380005,0.9297439502161856,-2.440568949006622,0.8492325061124212,0.9375165685347744,6.044319285936221,3.558732219630372,13638.769169392805,26.405151977167392,-2.4782489184001
08906_02,0.0855056846306697,-1.985650925497368,368.3460565334494,0.8670730639894405,0.9203527126272024,-1.7378075945397056,0.8255151450681237,0.8770516717007057,5.985314134753755,7.15481845913288,11339.327766226215,13.488192127412328,-1.7742859327955067
08906_03,0.1483834984251797,-1.797749405585643,393.5761375015432,0.9330062431381992,0.9299096853435544,-1.7511422051135808,0.866681904117031,0.9454878260032132,5.978063050967746,8.28016668140624,5787.650363480864,24.313807842592183,-1.763321446365616
08908_01,0.0408948635608481,-1.5568375614517491,339.00885397509325,0.8898673530498717,0.926868136596407,-1.9196315413354068,0.83490871968384,0.9414278001543714,6.058830149778339,4.982645349551916,12105.890819946586,24.81984821543555,-1.910087852385264
08908_02,0.1196785413084552,-1.7843596708689975,380.32010825590805,0.9084555629226048,0.9280981154764848,-1.8694116963508096,0.8489714891967981,0.935155078686427,6.094277857875535,6.428782904569054,5574.461458333333,21.697922767087856,-1.8883799059472703
08910_01,0.1727086242161509,-1.35643994988336,354.1216001962141,0.9322692022884472,0.9329512745213002,-1.4444423578868313,0.8636958712957451,0.9447915636832922,5.879049075608776,8.146300626845383,6975.001599104501,39.64389321855934,-1.4495282557016973
08912_01,0.0858997178385357,-2.4051766802958,305.78456521057416,0.8404411066001282,0.9275793306870078,-2.6700089715587536,0.8219292591756295,0.8796086881038281,5.981992302881927,4.476635150328724,3567.79682379632,13.942673780645844,-2.685026805106311
08912_02,0.0861076671211848,-1.828888704662782,284.4447361355568,0.9044571735683892,0.9308989156611768,-1.708532404709952,0.840361061184412,0.9389298184967452,5.703539696797003,7.924738472778413,2593.9594601609137,27.011457125663437,-1.7183837455809796
08912_03,0.1117798057239816,-1.6728406120004722,276.3249612403101,0.9095605587566968,0.932387539973965,-1.931070817553368,0.8351432311863138,0.934602745031352,5.712268420055061,7.669116859134841,2647.677770946286,20.387948058202177,-1.933464712449576
08912_04,0.0866975561104321,-1.5374916819978033,277.8501116245262,0.9132798556615318,0.9284696754264404,-1.474632212733766,0.8375785859397024,0.9374372254609264,5.668432468848471,7.474980217144955,3152.1759235560107,27.838577808718902,-1.488877606975928
08912_05,0.1345758131174748,-1.408901355678874,352.86912575178945,0.8974962712737877,0.9277883184880342,-1.5085003879515486,0.8248029013838981,0.9236077989572138,5.776973081361676,8.349361108822638,2860.2314107018765,26.41544267658564,-1.517009794064025
08912_06,0.1167368643899763,-2.073870177375898,306.9015996632288,0.8780952742473497,0.9225288665958704,-1.9842384221617717,0.8264526914662883,0.9195852668267048,5.756024321189049,7.078356502486384,1823.240234066108,31.29054385996126,-2.002072796787249
08914_01,0.1124297813028508,-1.585580233195422,382.5783884186198,0.9171094144211412,0.9275219324576628,-1.6129321308875806,0.8486071333466584,0.925799201062201,5.793667185637414,7.956531063933774,6926.651300032099,20.76074046381041,-1.6316939202623344
08916_01,0.0822725323791376,-3.0867254626188307,364.6990700377797,0.811303353013644,0.9273381766794484,-3.807331288624214,0.808495191113504,0.8386630370673911,5.7688806232419,3.6930430938887246,3101.42654167277,14.15465391005069,-3.8792525759444594
08916_02,0.0670592342303757,-2.162449744718378,314.27873779113446,0.8893833396377082,0.9302582426659554,-2.703022427571439,0.8380056883096562,0.920021149468758,5.812171869699289,5.503583328729079,5105.966406084935,23.381220777095677,-2.7378975122260143
08916_03,0.1169202419662864,-1.7895739824621155,308.1269312503589,0.906614135318726,0.9291851080295856,-1.8433927242205836,0.8421832085642555,0.931807040662588,5.828843108750897,7.123915815930335,1829.242440087146,24.78200211212382,-1.878215379868472
08916_04,0.0959857892435798,-3.043345302136924,275.6769970244908,0.8332533127774151,0.917907731363834,-2.4347699309443445,0.8201354634214049,0.8836597711321317,5.826814182673704,5.357129517915693,2322.9169013203177,9.287455440562674,-2.468138446767935
08916_05,0.1881302868070277,-2.2125088929064405,321.17744140382274,0.9056166097943285,0.9283128242705158,-1.8695014031519188,0.854373557815013,0.9326908109848028,5.8716430158369946,7.763632996186136,2683.877595868586,23.846900794695024,-1.8806109474513264
08916_06,0.1576075258214146,-2.2095298182015406,307.46896873541766,0.9074278390133116,0.9260297296758996,-2.129336868932858,0.8512481520283964,0.9376477235357944,5.867340230843086,6.675577613495608,5122.11877593361,12.162320559938331,-2.1556354298471634
08916_07,0.0632548261244615,-1.7252099915578636,289.9968996368146,0.9221020273661548,0.9267826214154796,-1.7912877194942696,0.859055761413365,0.929495850964616,5.626360495811876,7.440606810922556,7277.412345679012,19.470838318929715,-1.8236864263660697
08916_08,0.1190441123932438,-1.9474598271606265,277.46490048413125,0.9063066506847663,0.9287215058636408,-1.8850298281459967,0.8439386725642446,0.9253296969330598,5.617650737426066,7.406341174766995,3123.2725412631294,25.546044769253182,-1.9005005822800385
08918_01,0.155309666067245,-1.4985717901622968,249.43602078558624,0.8810213938011846,0.9316765305413156,-1.5497786161619385,0.817052023248658,0.8822714976576518,5.839937375267992,5.477779350088376,6279.616677296803,18.557667325686214,-1.5603603982610537
08918_02,0.2392143998183983,-1.415201852957155,215.50262069863592,0.8931705457124329,0.9327603650829572,-1.521073465029307,0.8269936133146616,0.9175248923575255,5.638671817832884,6.248492812379222,6346.425610295201,20.2631222581838,-1.5312477773528448
08918_03,0.1522661923630204,-1.2591089252664591,326.4493013690344,0.9011676165275808,0.9342283267695844,-1.5188026366846974,0.8312241834479134,0.9151407930662238,5.951266903116282,5.377791888156631,3517.031778449473,20.82464459259975,-1.531308395770102
08920_08,0.0851952016158923,-1.484831643802896,272.10428712201264,0.8797354430378106,0.9336240990021424,-1.5867621732442612,0.820293217579279,0.930597875043688,5.916510613105548,4.78516325584541,13329.55155627978,8.31842929327249,-1.600084798925891
08922_01,0.1245759507128537,-1.2055565345184331,371.95413954200814,0.9083486758036232,0.9385898273305292,-1.7842083198758256,0.839560114733181,0.9353618070345632,6.078835558104774,5.437475559978887,5331.088071485403,17.16920951307809,-1.7859166466196827
08922_02,0.0994421441110078,-1.4563292071147358,288.3625611223471,0.893936443110958,0.9336414815132746,-1.9488568289986103,0.8238631359499232,0.9088933469361712,5.881360643636109,5.032386714919802,3842.248446875166,10.83101497096888,-1.961445259883458
08922_03,0.1973038560211275,-1.5227954207710952,295.1864388612588,0.8977439938586438,0.9332437981188918,-1.6876153059713923,0.8390109063219462,0.9309007078017656,5.93195401460513,5.7876202698348855,9317.699535593869,13.931351675860633,-1.7080837125202162
08924_01,0.1667776485165767,-1.5028990704773793,326.70939995904155,0.9155680114096943,0.9269766347659488,-1.5232725098043076,0.8428972553971599,0.9223191411476044,5.913326368185548,7.568642162057789,1373.8399819900949,20.953912692685016,-1.5331624522956682
08924_02,0.1517610792575584,-1.717113160567441,270.6727315040092,0.9006298660442721,0.9246786158491844,-1.736807940320189,0.8385595850957543,0.9112447441263946,5.778670268508123,7.001408958941927,4115.019411469008,20.43594636289761,-1.7422946603869738
08924_03,0.1699422160088797,-1.4233464107961535,282.39791518856083,0.8902893139819487,0.9222551177346096,-1.359948886218185,0.822647224079003,0.8976528674700027,5.925798951947715,4.486741201416297,3321.3844771828963,13.30143063585375,-1.365731657104827
08924_04,0.2135536162014133,-1.192216071495653,349.4715293068369,0.9157414273115448,0.9254818928119009,-1.3432153361401886,0.8428635706955925,0.9193997559349498,5.806879297388617,5.221899055549812,4769.20747146101,13.651997965834028,-1.3508362280186663
08924_05,0.3212086920768864,-1.433656590682572,331.9503475670308,0.9085384848315328,0.929532057436248,-1.441471000441514,0.8430004817746407,0.914580786626474,5.825390745930345,7.423088359031167,3167.135252842971,22.366511313677083,-1.453563724272224
08926_01,0.2011682067757159,-2.127886079802843,375.0329510411975,0.9004305720275264,0.922079461670248,-2.087954692815865,0.8411711791775668,0.913856315843068,5.943911322007965,7.177049573930529,1809.2916697684807,24.361888104452248,-2.1007454187592685
08926_02,0.085593665374424,-2.1000235483015794,268.2990271377368,0.8769850316176188,0.9173943585217664,-1.9276803112167045,0.827887371019147,0.8946563843147372,5.674274267203535,7.598224333165029,1857.147128245476,20.100112666075137,-1.9518190529728976
08926_03,0.2128935734675348,-1.6650011667673508,328.0317237507019,0.9129232235646102,0.9190574829631144,-1.5665267861998329,0.8399493432333619,0.9211549008015456,5.863085862714262,9.066321196963257,1747.0531762000576,21.316778686061408,-1.574732847547306
08926_04,0.2236618079409285,-1.4147864115726958,405.0796873999103,0.930560067852206,0.9200085381454288,-1.2581015066573709,0.8490973926109174,0.9288347190769038,5.9412408074939735,9.837217042836198,1806.4112674003352,25.368522037489377,-1.2649544835989426
08926_05,0.158934086084538,-1.69441806101904,403.1400911161731,0.9012989655368314,0.9182830817917098,-1.6156323557810577,0.8306260118001908,0.9191921362551908,5.930333761543987,9.394747545334852,2687.1161748443046,22.823317179520245,-1.6225111273705397
08926_06,0.2132978880248914,-1.276071672305787,424.74210905596925,0.9282412514650944,0.9193527235824832,-1.326353934581015,0.8413749327899932,0.9290254771058116,6.029876879773279,8.698388009992915,2288.4756907260657,23.92690329941785,-1.3427624903708602
08926_07,0.2320058900317864,-1.7120669876240426,355.0738681493249,0.9110973985409088,0.9086246768055752,-1.2197303701714055,0.8426205324048913,0.9097454572344718,5.772128305461716,9.279053796100568,1991.810963215527,20.63811289802046,-1.2321534929106672
08926_08,0.1753656051599414,-2.2506128458485355,247.24733247019955,0.909494315682154,0.919380618208273,-1.869125194102449,0.8559887459433746,0.9072903562904856,5.648665472319028,7.728152400404945,5005.271060015055,19.890721261358248,-1.8783859583832705
08928_01,0.3245404679716379,-1.4178744900716702,345.6514796768546,0.9236457681927924,0.9198772870998124,-1.1150426100628308,0.8495407592693214,0.912768671354622,5.7690486662041645,8.296589360171051,5894.995008572235,21.00266913125033,-1.1230345943119484
08930_01,0.1431646900243565,-1.7288423855810306,254.3809924778264,0.8979610656068585,0.931162771484226,-1.7291871615377803,0.8364836744353477,0.9297554210685812,5.630760576611552,8.237888551582428,3616.30544730951,25.73249408696719,-1.7529497757812869
08930_02,0.2373805573731643,-1.840222752120008,223.45640650703712,0.9135702329511948,0.9343434415270876,-1.7942351400015293,0.8451843334211079,0.9026227514736064,5.693021546929507,6.205986634723216,2259.92082151995,23.02211708732952,-1.810275991963264
08930_03,0.1071640453218936,-1.862798630331691,267.02178785318,0.8777218695437908,0.9294253803920016,-1.808852519312569,0.817230603072628,0.9196133959010628,5.750324015819878,6.755587319273917,3754.1035119335415,20.100737341439974,-1.8371406671343973
08930_04,0.1455043525769408,-1.5168594882689996,240.7740733700817,0.8792212813574344,0.9261308526895914,-1.472089120530875,0.8079702744655218,0.910654112769508,5.779667934314603,5.552409649386736,2414.3483932171234,20.90580538506011,-1.4794400520386355
08930_05,0.1657601401921694,-1.8941718820533848,260.2329823147075,0.8880765189001042,0.9318445467160376,-2.0087097720165983,0.8299357419417321,0.91730247773534,5.835639402740458,6.8101139430762405,3594.301475151573,25.759577734531263,-2.0228086576724404
08930_07,0.0969883992347394,-2.1942147312466544,254.31438462239228,0.8764852180960814,0.9263697568684548,-2.2249747250261955,0.8261031242938751,0.9212689790883766,5.933060642304303,6.630049323721798,3626.7209711084256,19.82665657747385,-2.2415552552982074
08930_08,0.1470870496855504,-2.279722019251248,252.70965838305685,0.864808230935988,0.9275325054132374,-2.127044606527197,0.8099838379786298,0.907213519954677,5.852456896024256,6.090372529171948,5600.9284154160505,20.344999785363253,-2.148652074982861
08932_01,0.2099488820229066,-2.1776267579795285,264.58008119766555,0.9092674944607606,0.925702230860584,-1.883516106155396,0.8642558603907795,0.9311258175286922,5.739992744982578,8.265237466281118,7908.04828516811,22.306670692897946,-1.89414121148729
08932_02,0.1694825981943553,-2.429685249334481,314.9654652105849,0.8999928826601954,0.9247734594162048,-2.1565474931691204,0.8543465444031334,0.9221690195937676,5.852502468017304,7.431695075974788,4384.30879360734,25.73076636335812,-2.17365245174895
08932_03,0.0504070403013129,-5.104273400877808,295.7515547591441,0.7284991689650909,0.8981123170626908,-4.540119079827271,0.7554360391430628,0.8371669023867006,5.902687576829846,3.409116224706067,8203.533831853352,13.854603850278512,-4.511371913732673
08935_01,0.2004101965918147,-1.3830845593001926,391.54550095132026,0.9208248350991778,0.9161623871182556,-1.1478006738033713,0.8471368201821644,0.9341796140345916,5.860940212636423,9.540392442747956,7513.85196349326,17.383032791935737,-1.1584276342491306
08937_01,0.0663660312309983,-1.7087825125932266,349.5475941173671,0.9135675319176212,0.9243843120592004,-1.725015118653698,0.8490767305589081,0.9416028561423212,5.803272230013121,8.660925396965885,9810.466350319786,28.91524395173534,-1.718776229638553
08940_01,0.0966939050917934,-1.8487466283509133,294.26181071750693,0.8229737164121743,0.926632042275764,-2.351905089353385,0.7737319362558349,0.879148703126008,5.90463542209761,5.119244544907333,4439.452608129124,19.361861705441363,-2.3825790538245366
08940_02,0.1286852213396512,-1.741126484434544,266.33269694219274,0.8645313055268274,0.9285656052296464,-1.8901444506902263,0.8047481846086619,0.9133060769295256,5.7329697482892685,6.755261369370289,2370.6149061168067,25.20442871315808,-1.901478725530943
08940_03,0.1043254803020415,-1.5624898354260166,335.46424472279057,0.7466111963229861,0.916959058052178,-2.1724106352743893,0.7210285961325323,0.8229774506034648,6.106324557197697,3.317341012960417,1785.1070897372335,12.08247776983918,-2.2178917879198274
08940_04,0.0926819679296577,-2.0577316721274843,293.50189953566905,0.8048978909069752,0.9260707025058116,-2.619805613104583,0.757516689399222,0.8728202842721015,6.052858392374373,4.513421447365688,4423.59671615865,20.19792597824158,-2.657242491254134
08940_05,0.0766595906428873,-1.822929879769296,302.0166410418739,0.8289811734109909,0.9278517804239363,-2.3580168230882843,0.7798828984604481,0.8854359335039524,5.906648618264976,5.559912376703347,4796.932707713436,19.395895312190557,-2.414656845690179
08940_06,0.098348234776969,-3.256390420492025,277.8595022521497,0.8070854368998515,0.9096264639940578,-2.4082096483320123,0.8187623426541991,0.8659508909623318,5.765768875048115,4.133103041479928,3334.132877752468,11.435143205622428,-2.432704064195188
08940_07,0.1704782547972062,-2.107720666738783,257.1237985259654,0.8977506693436185,0.9204751071476532,-1.7967433375372133,0.8441739575836377,0.9130661585592176,5.783269812085464,7.72522275011593,2047.4791181873848,15.354102383537008,-1.8133947966472703
08940_08,0.1434249659534677,-2.262267058247999,347.2881946605265,0.8983015605594138,0.923728033174018,-2.345046821722208,0.8485549826855379,0.9288970283263746,6.024169323778416,6.2825150658800055,3438.642644431209,14.451673133686365,-2.3582894964874965
08940_09,0.0659571360973629,-1.212595785335712,302.6192015209125,0.907283793143401,0.9234451143159654,-1.5764722102688695,0.8260013445001302,0.9228646649290098,5.798015820769364,7.372401372073142,1534.508711374096,17.60240379125997,-1.578303419385468
08940_10,0.0867775906691958,-1.985598093115856,264.2350314354545,0.9008209523516651,0.9229267129026824,-2.015130442548572,0.8425262951434204,0.911956255088723,5.733755973231247,8.300789760804374,2126.927641810592,24.51524265294702,-2.036227260457409
08940_11,0.1450315310589472,-2.374250159096429,266.691687718032,0.8871407294640847,0.9243599675357952,-2.157421518890743,0.8334803751921513,0.9149272169195848,5.67803023658656,8.93178530769173,1354.4849690130422,23.716008159244943,-2.167599691363383
08940_12,0.0984539844998005,-2.061385798240643,291.6759625022109,0.880244608097059,0.9237606890570672,-2.186500624398712,0.8350845282605768,0.9126989241019496,5.8231846452045,7.536602150795488,1452.1861676930364,23.444002296854165,-2.193135347448032
08942_01,0.0809511846327045,-2.3349064895753235,327.929821412546,0.8963231473090012,0.9306887817652588,-2.3839835440382604,0.8563988193630988,0.9305782768154196,5.832143671005843,6.466658384424196,6392.8176885174325,24.48990971911365,-2.3811954628752874
08942_02,0.1716749736334093,-1.8456045801660244,248.3275438057178,0.8993219997273602,0.9257912609808538,-1.710648476887921,0.8328961647171652,0.9288717534847974,5.790838739946464,7.746148771779316,4377.523118046525,22.85747154533287,-1.7236367606768483
08942_03,0.1444301769732913,-1.7967862769028569,299.90752613460506,0.8987843456016448,0.9267266435181608,-1.8495396344153987,0.8286833121165236,0.920956030460274,5.877928427978839,7.233001392080347,2678.1492830712305,27.041571502432763,-1.8557837564447617
08942_04,0.0557829094636625,-2.708889149737936,277.37135450421255,0.8952320503534893,0.935234680644567,-2.651423474175414,0.8408492921817904,0.8948707737045968,5.732815759383106,6.202744172524732,4212.246192427671,16.57593237551253,-2.7153396071170595
08942_05,0.125043513872008,-2.736141511979828,271.86190036399194,0.876302809059159,0.9082993613310094,-1.7320019761280985,0.809247948395248,0.929764313313436,5.807726452502815,8.588214390812109,2558.523390759028,14.644479265076926,-1.7548244157900446
08942_06,0.050752125757976,-2.1381059903236803,310.8786545924968,0.8183891817596982,0.9112164111679274,-1.706833578970757,0.7794265525929159,0.839830248599916,5.872167579252176,3.717856874457589,2453.434108527132,16.581655435411797,-1.7064976509981842
08942_07,0.1170415115702831,-2.670138563434182,295.1935483870968,0.8912198327438281,0.9250230204324196,-2.354022336511944,0.8438486236381871,0.8911875672272123,5.822709779967108,6.998096239941756,5037.253943144279,21.09612040536268,-2.3646458987452914
08944_05,0.2480657128536253,-1.240250523095722,378.8671085031697,0.9088748432097928,0.929064187111925,-1.274851701700947,0.838117920938803,0.9185698307656668,5.875034375806674,7.1317737027807375,4711.241906345884,16.945718642572068,-1.2874175544068174
08944_06,0.2923697060069741,-0.900920621078346,360.4156839089127,0.8889761223876401,0.9234738022257208,-1.002164058984517,0.8118657051899213,0.8988464085805655,5.876272689694264,7.64963369457514,1961.8772812278328,20.97025975499547,-1.0106615305006938
08944_07,0.3161950207675075,-1.648969266407922,264.4361467383809,0.8395993956614906,0.9189884938736425,-1.4466630953748416,0.787827547961217,0.8805941572728019,5.755599966819816,7.835516946673017,4834.259743087307,13.1037699470828,-1.4610865452578123
08944_08,0.4037978746908672,-1.08968733087499,395.92494932051954,0.8956460210766124,0.9199888184712638,-1.0794359087565306,0.8225925649815448,0.8907047899188164,5.839313780351209,7.2433909681044355,3700.8630991578,14.857616160534356,-1.0862916457720198
08946_01,0.1358079215528896,-1.5582584449716184,356.70626828009404,0.9110897628320006,0.9157259724544858,-1.4328932880045702,0.8464755621310803,0.9335568028650928,5.816854271397507,9.12256556846161,8317.946180668356,15.777846179880177,-1.4420053173839111
08948_01,0.2234072410427652,-1.3298086659338613,302.90744218805025,0.9175763760469652,0.920770949869202,-1.2126565251975294,0.8378828146376639,0.91553383900066,5.781298016748255,8.357126345744653,5226.797111969512,17.102945448311136,-1.2197852990608666
08948_02,0.1572124999199348,-1.2429459993422365,277.6375931398321,0.8952863083897807,0.9222110808337912,-1.2652739806026174,0.8178745571226937,0.9072574386118328,5.865402617516271,7.374207384099527,4859.073353293413,13.894209251495209,-1.2766226405983945
08948_03,0.0956281592258247,-1.1749554593858431,339.7862549056251,0.8983180587915918,0.91765128685961,-1.151148295473472,0.8251303444678216,0.9156493467838356,5.861446611078662,7.77986621921522,3104.7962000649563,20.39250791674233,-1.1564946351185903
08950_01,0.1653426453948541,-1.0636941561330682,404.6359908794661,0.8983749865317859,0.9151456826981004,-1.0362704937470997,0.8236060169011818,0.9071006817685268,5.842310014370401,6.398510036047989,6790.555991255944,13.332504378223032,-1.0490433095597136
08950_02,0.3693217833420709,-1.5540624520360484,304.83575281385777,0.9142309245054904,0.9236652338637292,-1.3224644432171655,0.8517049678665328,0.9265241641448568,5.674416598777043,7.796357803858115,5723.657555680513,17.59790647177976,-1.3323541699236507
08952_01,0.1255602050411966,-1.7905696684907633,352.0265090139406,0.912729741067349,0.9223394390305876,-1.8601912128170932,0.8464845678486759,0.9410133350301229,5.985684546703399,7.569509434461064,6108.0291421087095,20.3734586888088,-1.8650562258530627
08952_02,0.1650734943242084,-1.691151181597402,338.1127846874495,0.9295546678645438,0.9278797636703447,-1.7850681812007607,0.8594769700457437,0.9468798033797255,5.896367814445542,8.677245880069254,8185.100510750993,22.59637529268192,-1.803271143840192
08955_01,0.0995073648412971,-2.490846319656764,320.42304671087487,0.9056507679844896,0.9249143512414266,-2.7554888215489868,0.8496863871783034,0.9279813310000145,5.936166849538568,6.578634684157182,6826.419197911723,21.665417907982064,-2.77402261521535
08955_02,0.0595579400945827,-1.664074353892108,384.84419464997154,0.9002488486592874,0.9201971619939766,-2.016599755059924,0.8425493179342768,0.9208299455952778,5.841249208004586,6.098291940290871,12062.68277111734,24.75548621555296,-2.070096196906704
08957_01,0.105283185446663,-2.1120619924860007,356.981021857394,0.901369805065068,0.9298342386835924,-2.2366637807175875,0.8468088170954481,0.9318832716530584,5.973144171577151,6.209681381640718,10056.003531192198,21.626950320003367,-2.277110645199221
08959_01,0.0432366435617771,-1.0325175249198857,372.65918741555686,0.8411253392023262,0.9325340129419046,-1.236888539299095,0.7773333332457855,0.9086752748956842,6.171438518175866,2.783066641651213,11800.305285395409,14.797764650354068,-1.29807043262137
08959_02,0.0724665713179036,-1.3474392886187183,267.0401862643217,0.846246424224601,0.9324889604794684,-1.7632491212393149,0.7920567487712069,0.9145322548203948,6.076170810873019,3.3667452790484287,11002.202144042882,18.037411373521103,-1.8079685343346723
08959_03,0.0940220402673902,-0.8997312385039897,293.4436025797141,0.8389804601109304,0.9347467023509692,-1.6204764604630346,0.7925720189604514,0.8808684251052987,6.147949175573335,2.9410176234463257,4986.941035709903,15.535258772200848,-1.6350395311808334
08961_01,0.0455842782876423,-1.8724560093030809,396.3996555641054,0.8441860949449449,0.9231059725073052,-2.560802241733907,0.8145548707218742,0.8764529267045819,6.132773689413243,2.4982180642677387,11916.435288630726,18.404132966857677,-2.6109635284354926
08961_02,0.0923151955638454,-1.6379258982193323,355.1300903715274,0.8784364139525567,0.9288845668929828,-2.211942951919658,0.8287261026643018,0.9040934133436036,5.796555219257891,5.594102225292908,4547.858126874792,17.118070860248583,-2.2365059925169146
08961_03,0.0816315173905637,-2.198577971547453,370.95091717457234,0.8403555609434754,0.9293088026552284,-2.343731328751042,0.8196227498329205,0.8605549051299397,5.807198920692736,4.305675303469966,6626.889816841378,16.865861067262898,-2.3684795982890208
08963_01,0.1582933558874018,-2.1775232476974797,280.2506677913679,0.8723665041461836,0.9221623181966138,-1.8187235812308893,0.8298123138435447,0.9189293558993752,5.697757116215828,8.07810102279231,4965.809398240052,21.358486539907105,-1.833177596452576
08963_02,0.2026171582946267,-2.2811750792638983,254.5948929459574,0.8581393698426044,0.9235476043011248,-1.979204197915674,0.8122940875170468,0.911555839227944,5.541464224158363,8.959154845741978,2894.000686530276,24.02469776598056,-1.993742920856673
08963_03,0.1072354488222133,-1.5634052906982303,326.204113967274,0.87727022825874,0.917107342825348,-1.4991016248474134,0.8101274877166101,0.9014025615784212,5.861549741813453,9.003133464734145,2761.815452685665,27.97866096193763,-1.5132358846193517
08963_04,0.0616352980982359,-2.8330055647367223,432.7682440008971,0.812654453302328,0.9190434854642854,-2.7121281822874588,0.7948550307615442,0.8716244269363377,5.951283617697681,3.881141495787462,5599.076097397987,19.49045502212381,-2.716803272343532
08963_05,0.1692412215198721,-1.4753820763999117,344.41376849517104,0.8689117783939492,0.91748091856216,-1.5478597421159972,0.8016227403640933,0.8950925546141186,5.933614887153608,7.400179553116641,2433.3853823961126,18.87752619834734,-1.5624034526272208
08963_06,0.1131544443686072,-1.732749374574872,339.6500317783145,0.9035687907485632,0.9204220139867976,-1.4208251125350757,0.8435216156948142,0.9230931959140556,5.848856380203575,8.882291244950693,3296.107970926219,24.94603355076554,-1.438147764066232
08963_07,0.0429148494678032,-3.1267677601978803,500.34577991912585,0.8253852648516404,0.9096907654134542,-2.459177759271708,0.8002033318359374,0.868015754950125,5.925534564811831,3.993214281774002,7217.245146092177,14.348745996239328,-2.4589185975709285
08963_08,0.0343385405546832,-2.0230084231364702,329.63857310858486,0.8673422645104408,0.921026830946264,-1.9210254490106464,0.8096282753699896,0.8783364540214811,5.776340029641983,4.197047187257144,2262.6957016545566,21.36974794303577,-1.9394603921083176
08963_09,0.0436194306811723,-3.220495219764895,390.3365349764408,0.8022066954619382,0.9163780811132516,-2.355947780346617,0.7852154313959087,0.8478868941209943,5.854881644059252,4.475636889775797,2744.2640266777826,14.340717346931504,-2.3795521282887937
08963_10,0.1547793716092387,-1.859097115410824,390.2044969914494,0.8914224140394941,0.9245346579395132,-1.548576953379027,0.8405567732950013,0.9259841138416048,5.98997110044028,8.323838367733948,3485.068440502587,22.580583709273284,-1.5630763077399388
08963_11,0.116146231955487,-2.161198894043906,312.74736367733215,0.7960347102678529,0.9128575926942084,-1.7569038201913312,0.770820447233813,0.8722140887051686,5.854947321628898,6.197691878107386,2515.984030602951,18.090043736584438,-1.7644239524511067
08963_12,0.1152756743001676,-2.8500225554504826,342.07468194084925,0.782649468088928,0.9182767799159272,-2.609427967074735,0.7735761974868937,0.8477488773398975,5.899065827229109,4.2754740251380206,2885.8029640002333,17.954539877431145,-2.6560325982543684
08963_13,0.1787531612008879,-2.101608324061535,294.22462862696096,0.8478351674985418,0.9219206568143224,-1.5719913961317178,0.8057131835820777,0.862253439255938,6.121696777336839,5.277741013969029,4053.806924556529,9.308410699662767,-1.5866641701979045
08963_15,0.1047258922825204,-1.8309265349816253,326.6840555555556,0.9204859469968212,0.927459157081868,-1.7816485862877054,0.8576732987597521,0.9416200666704144,5.966551011524466,6.355908053478445,6375.710663241784,22.99617792990599,-1.80245360962176
08963_16,0.1311894760498313,-1.7010171707928348,426.5652747252747,0.90366417418835,0.9264103548443282,-1.798324809803927,0.8407612092090622,0.9344299728851488,6.096087425992098,6.423780779601189,2258.5825672454885,17.891499749822035,-1.8041586949653816
08965_01,0.0589001266641659,-2.061397103953922,343.2919758235647,0.8985454910760355,0.9301373945437892,-2.2330006193192804,0.8577046333172632,0.9459062843186244,5.987684065545049,6.038306141022695,10392.199148652033,27.741123812034488,-2.226305583082603
08965_02,0.1185196498577346,-2.2606204920478183,284.6592453562876,0.8957039747231516,0.9291220367487488,-2.1834581047237926,0.8445442640681943,0.9245411096266308,5.808757430665062,6.851502038130673,4018.279149734292,16.825963774651022,-2.2183330157701158
08965_03,0.1370246565935841,-2.1719461099430304,356.10897404684226,0.9080526028011384,0.929320480223444,-2.145144428627995,0.8524189213876503,0.9296624906226624,5.942222500186554,7.382960482873091,5511.463812377549,23.984734258739287,-2.155665093138865
08967_01,0.0793424362113201,-1.5454205393146332,317.6248461256945,0.9274467531511652,0.927620498759561,-1.6479219889153098,0.8580797977637624,0.9486199514204454,5.775108351978547,8.024387134207698,8874.69439235376,30.54472556587552,-1.6673683242833026
08969_01,0.1877367257699994,0.8789435615442772,381.6004500414512,0.8356952264115409,0.9114668108314362,0.3104244993105634,0.7861091426955071,0.8153358656671037,6.17452537441564,3.813863288247603,6069.802033944891,8.951675105513978,0.3090528742983071
08969_02,0.1186361788431703,1.0282347451413083,391.1156465286188,0.8317347304046134,0.9088623325189956,0.6117679479891441,0.7816347149792652,0.8478953163104769,6.290410458464082,2.9231322079423503,5384.539319983312,6.08660135622713,0.6161616470667196
08971_01,0.1311591070822337,-1.2628057559617445,295.72564065278914,0.8538286810191454,0.9090973706101124,-1.4749168121188885,0.7862437945786183,0.8897071207646711,5.9858788854099645,6.54688965244282,7910.422408918329,13.820448894975044,-1.4792479799531248
08971_02,0.2786322516400286,-1.5984738436158554,335.55623723770896,0.8833072163036816,0.9185249157131766,-1.3090928634213483,0.8298270262501347,0.9032580519348896,5.819133466076452,7.777140345727694,6508.826187328171,17.27285584667505,-1.318263730532019
08971_03,0.2665515137999862,-0.7782230200818874,306.5835951215005,0.9043804949350686,0.9298049005403988,-0.938608908990154,0.8296704496535515,0.9165328499841864,5.792504299410255,5.811872164871197,5180.634500879879,14.312213224248543,-0.9410933353780436
08973_01,0.0597442140216577,-1.643740496097858,400.9077519954531,0.90593196041382,0.91603903132091,-1.637268416914902,0.8409380885720078,0.932173459147024,6.008430138767694,8.312204687175432,9993.107226578288,31.547994433090224,-1.6538899608870357
08975_01,0.0541907964229938,-1.6069697868933202,327.0112763749568,0.9313181619466462,0.9270480930994484,-1.763989098485479,0.8553396344520456,0.9479205285113588,5.732011371881615,8.274283524713729,9962.8622616105,34.931511187367065,-1.7690500556894675
08977_01,0.065126609583461,-1.68955964719399,365.763242835385,0.9083267070274988,0.9264652126864986,-1.7334485028251874,0.8487711287365797,0.931136369593001,5.864192428571812,7.628420079676029,11226.7853525203,29.62783090358916,-1.7397129498036925
08977_02,0.1248596141912653,-1.7365237867172574,359.39563941405413,0.9113758100853322,0.9274608964571796,-1.8962500979884176,0.8462084532267382,0.9314819829510644,5.937862031792228,7.858887068878177,7702.215489106466,20.532749594217695,-1.9221576792407575
08979_01,0.1758715441343526,-1.827996111660892,354.3217613948522,0.922311966952563,0.9160598908854138,-1.5572124997323225,0.8516389706587114,0.9358617584779962,5.825607022112554,10.92735124623345,7669.647454537563,27.2516008555828,-1.5718249727990294
08982_01,0.2081845680320911,-1.5584900030769326,350.5832870847538,0.8953401856958326,0.9182703730255904,-1.4403405960473348,0.8242846009392792,0.9140393417559588,5.854889986675362,8.894328516463993,1648.8910708806382,20.809772991941216,-1.4481502465477245
08982_02,0.1714913990027,-2.493439115662148,250.72827282728272,0.8624651060052961,0.9194699139246189,-2.152585224193434,0.8266463449592002,0.899667843911308,5.8060146054245285,7.134087066231086,3019.058411214953,18.19677611315328,-2.171124478315748
08982_03,0.2319030728438776,-2.114367423089848,265.88278789538543,0.8887580714050342,0.923410192606754,-1.9154593257939068,0.8336405261712883,0.9158688373211744,5.866385749906844,7.565683291515846,2698.2574373140674,23.462625079034524,-1.9253737377058344
08982_04,0.1153809923044893,-2.3054612625134028,281.18633696864987,0.8778886519646834,0.9255329019612868,-1.848152313039907,0.8364994833839187,0.9194191146857196,5.988793699670395,5.805875925572336,2488.060196765049,19.472412917286185,-1.8659828312408508
08982_05,0.1068160098781376,-2.1238947140644244,271.569322522281,0.8522780547259231,0.925189333712198,-1.9288597145440889,0.805030891265667,0.9077997051830714,5.860379888173495,5.573560814659134,3273.2632061068703,22.395736752082644,-1.934414127563534
08982_06,0.0827056462662892,-2.6237674305661605,334.96136637411803,0.8738634995312856,0.9248293517175722,-2.2562782518027635,0.8323974925981358,0.9132807625792612,5.857505818953454,5.897306918627279,3874.2895726495726,24.229046964060156,-2.289393208554676
08982_07,0.0888487096757117,-2.366989389208318,355.6695869837297,0.8607134187696724,0.924100810460988,-2.3334664625484187,0.8276829354687384,0.9167827011186976,5.910676468502365,5.065520910461998,6123.179391199944,22.00063486482223,-2.341457460623025
08984_01,0.2426383394740867,-1.2643151646968054,285.7554967563429,0.8667225884561833,0.914231208928392,-1.2000488896071664,0.8010434653893648,0.8933420735376248,5.9117354578263095,5.528635887893408,5502.678894325074,10.797183787019428,-1.206796661561163
08984_02,0.1650650613538845,-1.7951361637701069,244.2956170415598,0.8641051866492224,0.916406172183658,-1.4485183985403578,0.8099988794061812,0.8979216627428253,5.846081886730323,6.359816023920864,2963.6308431982548,12.329200241414831,-1.4599730592176727
08984_03,0.1516722863071571,-1.3647123916463109,402.06736147631113,0.8879428203467221,0.915573743969786,-1.172940976891977,0.8228289750603284,0.917291830324094,6.067335592142306,7.824138550098119,2665.192411795432,12.80242024221776,-1.187769322754166
08986_01,0.1588203391559483,-1.7523430348782263,262.9763339964961,0.9229339636060514,0.9278279969909377,-1.7956595391684014,0.8493772655495267,0.9302660121947184,5.6031786356870015,8.23563717207085,3309.5780039212027,38.794838617612086,-1.8077152963676189
08986_02,0.1048033648550143,-1.6243392423324885,362.8173903959327,0.9243969281057522,0.929062093107043,-1.6116090207337517,0.8548814475453196,0.9422300393384454,5.856613883322624,7.713322166939355,4623.033225427768,27.903994948474352,-1.6234804149041986
08986_03,0.1518481463569773,-1.890299653568108,275.54452884321427,0.9161057160881082,0.9298535715432532,-1.908920062930708,0.8540663367503548,0.9386035849463892,5.689977982678333,8.64649443205176,3370.663531353135,25.07065839461328,-1.9279573425214165
08988_01,0.0476533189758601,-2.269461106401116,365.0671253071253,0.8855512471865975,0.926228111149172,-2.162160701640317,0.8286190164631541,0.9245893555935404,5.891677887926782,6.877782862032322,2906.844162436548,19.664374058396028,-2.147408747781342
08988_02,0.2377783300546636,-1.7843313650068486,263.28800112008213,0.8991111032377046,0.9233595251589688,-1.3665433890197858,0.8433164003135728,0.9120358495422396,5.779053138848656,8.018153663536113,1836.2338556157565,25.83996021801231,-1.373857565002442
08988_03,0.1521294640117582,-2.361286076647896,226.15883726966,0.8764457157072365,0.9228589203609802,-1.9841093798285592,0.8305498193781357,0.8862880587635036,5.765262531596834,6.404630551901343,2045.4241245136184,13.478602011053049,-2.003798060655817
08990_01,0.2602957234197423,-0.937453973253204,317.63559473464767,0.8958030691872616,0.928131030089796,-1.1842844082546946,0.8274665545515254,0.914755631997704,6.011118825522971,5.668285826552415,3474.813898530389,18.2386658676887,-1.194273017873596
08994_01,0.1386969442415711,-1.406769609486434,253.63138995484456,0.8733503884018924,0.9256567471168906,-1.483806752117493,0.8113073832031765,0.9086206858026792,5.68187778646537,7.171628303607038,7099.871935627654,21.789811514995723,-1.5061998926399478
08994_02,0.0623241379983154,-2.0154438965139683,263.6066367585274,0.8455579929882191,0.9279704335043868,-2.256783577951349,0.803181338995987,0.9093678622681092,6.062706385692237,3.473507213333137,11751.056619597,12.509278970455297,-2.2717844921712627
08994_03,0.2015659030694612,-1.5890662945121612,251.34576138147565,0.89427337912381,0.9295834472705438,-1.7930444930175875,0.8330508537117836,0.9068003356623972,5.812227333800957,6.189514779972631,3393.730471029596,15.46038945699279,-1.8152561897613253
08994_04,0.2188541939713409,-1.2621268123721154,380.1774898785425,0.9244802714442204,0.9302525467983724,-1.509437661619631,0.8462174037493007,0.9235642052319272,5.958152527250864,6.8974181555200325,2911.216920488373,21.03270256232669,-1.5196924956893645
08994_05,0.1045700065818088,-1.527801983201119,339.8334362039654,0.8930597822301318,0.9196439324828112,-1.3858694367681108,0.8314482745501722,0.9261450727700312,5.931286790584144,7.193910490659119,9193.75499775502,11.539441026409014,-1.3998807300042952
08994_06,0.2111802129292344,-1.6405370841118656,259.2441342673368,0.8894416307114262,0.925727393970583,-1.5010153761766425,0.8361270568163777,0.9178408619864872,5.707784130807407,7.834343472424607,6431.85541074429,20.40463785900362,-1.5188278065516865
08994_07,0.1473022756319453,-1.79010162647148,278.0887631143015,0.8751605362303388,0.9189345583048762,-1.660130826066579,0.8164913901355331,0.9213471325937412,5.762443915684172,8.921597817702038,5470.007844228095,15.213082225323058,-1.6698047651706764
08996_01,0.0889320363606248,-1.9605449297573767,287.00124945675793,0.8975979438893513,0.9190695687999872,-1.6767104448941177,0.8392058316243635,0.9028788868937716,5.782676134435018,8.306462649662311,4983.1329400610975,23.410103115884105,-1.6904008475476535
08996_02,0.2664507404265425,-1.7875254353452623,319.92481925605574,0.9074845557365986,0.92584217585306,-1.665220485754633,0.84551892048604,0.9235244680862286,5.77287282652286,9.410730732998868,2511.87863177416,34.56384387355378,-1.6777416881394476
08996_03,0.1051118178496817,-1.4113116754393251,335.5237924865832,0.911272894946176,0.9219394623818192,-1.4198903846859032,0.8341780172742616,0.9264631302498004,5.894865765003826,6.825019791563842,2686.7612649755056,17.89607891367315,-1.4285924320755656
08996_04,0.1349003216355755,-1.585186625905369,267.216060371517,0.9014323736876588,0.9237699921231018,-1.575889132292375,0.8306166521292954,0.9254150958000472,5.871852755517369,6.499580941245471,4795.855341138003,21.464797095930656,-1.588021760726024
08996_05,0.1798576019207602,-1.3287617006754386,282.20052779986986,0.9074483874890662,0.9222165044087952,-1.4289592694652475,0.8266808943923326,0.9279922711915052,5.86067941315936,7.462940238693466,4171.089405538229,16.42927199063771,-1.4370814400843568
08998_01,0.1285710752219342,-1.9357702901157785,283.8289529840986,0.8428656466214302,0.9256496385647632,-2.0443661014343637,0.7959140120231903,0.9031563762560446,6.0532226871598285,5.729953912785406,7037.670038891938,13.676186174374276,-2.073071920802078
08998_02,0.1652759989276761,-1.7996714070796151,286.9521545160688,0.8539119254379375,0.9203080078641755,-1.5810792948318908,0.8007837815686734,0.8670113946753834,5.898204509007376,6.792590181692766,4548.089037027259,14.506919846619567,-1.5858321698173254
08998_03,0.1356820205344092,-1.9233761326199912,287.6930295866466,0.8281803872544443,0.9214848880779336,-1.742114494895208,0.7872257782197074,0.8402181423447189,6.007341102207572,5.2663467697093385,4495.980063120622,11.893593335609284,-1.765428357941098
08998_05,0.0922590872423136,-1.1749251233893878,283.1023726764395,0.8103451418890464,0.9242747409372748,-1.6638356448868832,0.771732873308563,0.8255820224248156,6.077813650746031,3.054106611812627,5893.156070593238,11.368653438366255,-1.6809632643233532
08998_06,0.311231146835083,-0.9971448489596592,395.3094725007027,0.9103005620092468,0.923549009477149,-1.0105828287888918,0.8329633925866687,0.9052375335954772,5.91371889215627,7.385745562537982,1904.5385547032704,21.53941506457115,-1.0182533041569848
08998_07,0.1445500781132953,-1.548419297153224,289.99038176096894,0.9022026459023738,0.926624035442511,-1.6885788544348228,0.8418277520845703,0.9284959165350596,5.897993736013283,5.982810892270429,7801.034960367126,15.00954464337822,-1.6985010799982665
08998_08,0.1931064801432958,-1.3157395749220455,291.88335949281384,0.890320919640507,0.9200788998909996,-1.3938920011193574,0.825670523376144,0.894048755554863,5.829976948723605,6.344719330171878,2220.306631648063,20.04109659437133,-1.4103923271794343
08998_09,0.0803171805377982,-0.3405760899800054,255.65642085611412,0.6805425153468435,0.8922497976264792,-0.7192389838445593,0.6459293278124643,0.7620839216401518,6.049673451823504,2.165321679337575,7848.608873168708,6.978547939918662,-0.7268409220614269
08998_10,0.1183433465713186,-1.550785633313802,266.1635763105399,0.8921978150585438,0.9235518206254896,-1.4185678106262198,0.8308604378613846,0.8866669637004109,5.842177913787764,5.912750714192895,2241.201260147825,26.39077494712093,-1.4350996108646
08998_11,0.2006604471994751,-1.8396895848450563,279.71363912089964,0.8853257547372461,0.9287005121986068,-1.8603970072145573,0.8338541294726557,0.9198007381864218,5.892691177770928,6.068683222540068,6846.439627102011,17.782172363681077,-1.8862265780023184
08998_12,0.2720219267131019,-1.225958969772275,320.29135553313154,0.8773492497461682,0.9234533019494808,-1.4321360766107385,0.8104682318963308,0.9054072622542698,5.897933812091627,5.768227755761547,1760.4762113251606,13.676710261077291,-1.4469889503453943
08998_13,0.157926836758372,-1.224701772339922,282.83177724726403,0.8907432487950351,0.9203631116174148,-1.0862602211776289,0.8222756455181742,0.9037897824954526,5.915389234443584,6.195031801867225,3447.081178570073,15.600656682902258,-1.0961917179681846
09000_01,0.1779141964641599,-1.8599881658957904,332.5649719316152,0.8951282794841267,0.9228362949694924,-1.8928514808163035,0.8286478458095835,0.9278262057661376,5.9042676324180325,8.525255863417021,4641.804199189206,27.71006054047127,-1.914457939356622
09000_02,0.1723625739416916,-1.724166574853212,287.85131767109294,0.8977332039155592,0.9213679210102592,-1.548490401144044,0.8308844477132529,0.9158195900501758,5.8648345299163855,8.191788147160105,4277.166896932855,20.827911396976404,-1.559238749257291
09000_03,0.1571072527093704,-1.843120837947775,284.1956225282967,0.8955426222473776,0.9227814702469344,-1.7277813754147462,0.8331608017701744,0.9179196469922808,5.833936097224641,7.8296377239003485,4944.160492330079,18.05306298487357,-1.744139732032333
09000_04,0.1777450136412316,-1.8331527454954348,317.02070753843304,0.905430444157187,0.9200219350560408,-1.5996461519267526,0.837960712837058,0.917883194306432,5.756201863439723,9.700355552458106,4242.45424205739,22.8967698459326,-1.61368686011433
09000_05,0.0972595023327137,-1.6174330817177438,253.7943648443128,0.9114686008417154,0.9231611439733672,-1.7163698419944655,0.8370502017961743,0.9212332916236392,5.590484538049945,8.340255638640844,7330.628951270911,28.173606156696085,-1.732549458491906
09000_06,0.0644989776731105,-1.934949973246989,285.53531348461786,0.8856961405014869,0.9256722594386034,-2.385411468668993,0.828098270482697,0.9003736477898459,5.713876270897105,5.954569297576172,3491.947482683759,20.623165553129624,-2.4046171513099828
09000_07,0.1395207331829419,-1.286861043296354,285.42750161394446,0.9114712012501356,0.9222283382223831,-1.4858278790708497,0.8341129733301623,0.9361261854963449,5.7182646872416445,8.62525863583321,2911.5114231632697,28.325439851707607,-1.4888997487227205
09000_08,0.1091188611283566,-1.852034018532303,299.082372137512,0.8888727355763318,0.918770733381073,-1.7544111257389137,0.8252333970022134,0.9292692418036004,5.742302476480853,7.787152869518732,4324.73999329534,23.70784017028135,-1.752649587232305
09002_01,0.0518282354112508,-2.6273966052155573,497.19523330940416,0.820873436246604,0.9284225275338218,-2.694264194213293,0.8047344296076349,0.9114231765138918,5.993816466820248,2.5253182158902776,18503.65963807398,21.97201454005683,-2.6974965511929256
09002_02,0.0692690318403757,-2.301936170676024,340.6122448979592,0.9046156704804704,0.9284223894428284,-2.1870601099645195,0.8501795808232927,0.945670681665489,5.893840418568055,6.53051347146763,13868.271511568648,21.191715758157528,-2.2257818393181186
09002_03,0.1672328517296092,-1.8699568623492269,293.71460694573784,0.9265101816157232,0.9304196651410992,-1.8338755674525624,0.8564027026067033,0.9486673981977028,5.709853052849498,8.81410941604491,8266.975589910497,31.07814513261761,-1.8512095183670207
09002_04,0.1755510948850274,-1.8064625962792384,336.78174281076065,0.8822303515081666,0.9309699247612444,-2.1146774410574323,0.8236559931738431,0.9172541798496084,5.993953939930657,6.637325097156734,5709.34816617417,24.946608351537144,-2.1516044136011563
09004_01,0.0833253515633995,-1.7666971669398732,327.96295099623046,0.9037396063233004,0.9254861209631832,-2.0657146548052503,0.8476390446980127,0.9330340104888218,5.752151944557268,8.36776005665402,9716.681418510649,30.32973688973277,-2.0801198534112064
09004_02,0.1458428646201288,-1.7732801537275815,280.5089374152355,0.9002543274247755,0.9285686663584836,-1.822825857190133,0.8378198922266118,0.9333255480168012,5.811317614314451,7.477220891325608,6114.877904067482,24.55782640858632,-1.8438940653049471
09004_03,0.1134823325652677,-2.4248735402862147,300.0540315876974,0.8638286486655569,0.9256909906116482,-2.3672371569565995,0.8351941034297979,0.9037746544129626,5.788782543724609,6.757240454891677,5301.86820580475,26.306981028734548,-2.411474888833062
09006_01,0.3282693826546686,-1.7245972808416234,342.8237577067623,0.9295921783674416,0.931462174213788,-1.9972917207684215,0.8570583503472567,0.9333473097138484,5.807175397385713,7.99730030263825,2306.512810132439,26.62289277419749,-2.006373097887892
09006_02,0.1405666600561168,-2.619325364605797,260.4235154996199,0.898411132969783,0.9230414060244752,-2.224581658027293,0.8384727931871402,0.9230167207675012,5.771327104211687,8.30092655890616,3783.0920396757465,21.331659939833877,-2.2563876946483603
09006_03,0.0842848815047247,-1.744732981709595,283.63763192462744,0.9245692303750226,0.9245259189227688,-1.661259433151815,0.8461727548027814,0.9448839651076428,5.778764012160637,8.002060409109541,1959.9300351288057,18.19786539598041,-1.6824095717326897
09006_04,0.1042733385888625,-2.2429441283455827,248.7882891125343,0.8970988762302339,0.9220179904840358,-1.96034580758271,0.8335643432100618,0.906905356794946,5.7477837725862,7.973982373560399,2951.169909121508,22.88547773153416,-1.9869603875375568
09006_05,0.0411552160292161,-2.424869676103929,322.88056546439424,0.8828804290113194,0.9214632582725688,-2.102461694750191,0.8330913641454298,0.9228465157162417,5.700284198324425,8.015877098091899,2750.826140136292,22.695794062676317,-2.1480275090941854
09006_06,0.0998792102292859,-1.6986863796403424,272.63304347826084,0.9059416007274056,0.920314419767355,-1.7325361472847574,0.8316766043758473,0.9262473026018913,5.666323888287262,8.63311218551302,1898.3057442865968,17.976956416302542,-1.7589824987346068
09006_07,0.1560001898104133,-2.444892195293959,242.46706510681588,0.8975446736679136,0.9206555092044092,-1.8812433874562704,0.8417877740087251,0.923389958503822,5.794499211030295,9.102926387477035,2041.6303835065955,18.226791401436493,-1.8887108182048744
09006_08,0.1384546917068916,-2.3060476374419623,258.76877398136304,0.9056754758759904,0.92798233314999,-2.357037997029076,0.8462726998858254,0.90745415035877,5.678822005743671,7.809001516925026,2439.7513819603614,28.57914618383417,-2.3775368569805835
09008_01,0.3087598816636945,-1.4166844616838856,344.5667157803045,0.916215539974764,0.9149282483768156,-1.1655447668293664,0.8406970931175737,0.9237527302675428,5.7320396981126525,10.19602191072414,6060.687560352782,23.312389417036087,-1.173732613409899
09008_02,0.2718357785537434,-1.2471042162837904,358.8262523779328,0.912838388616951,0.9137519224457916,-1.0501363305186526,0.8357585352369228,0.914283811927878,5.812188151585966,7.383041160162717,2512.831905835212,17.07713311779066,-1.0555294715327137
09008_03,0.2137159944997751,-2.066452240798794,303.383375546857,0.9038983195942778,0.9186095304077052,-1.8172863250841575,0.8466190368990235,0.9222654702843832,5.775479719721975,10.21174114654006,2571.0614602098126,23.221557048415157,-1.8253174561881795
09008_04,0.2194207047237998,-1.9822495312662407,430.8797829757365,0.9050898899059968,0.9154879746053616,-1.6685950299696817,0.8395801997706435,0.9253014699316248,5.9289021061552045,10.015289763633136,2790.9004296407848,26.321185654720697,-1.6770488616734271
09008_05,0.2653482505116046,-1.369411969970761,319.4623428891895,0.9202164665112617,0.9237726899413424,-1.30867776464193,0.8395337587396982,0.9285244457682172,5.812709595855046,8.741776801939348,1925.0607115235885,21.912869489479544,-1.3131192918571772
09008_06,0.1853136795921672,-1.5606152791891783,305.3812491399139,0.9060859075915298,0.924358505844594,-1.3909100945259545,0.8361904639298161,0.9324258716599618,5.752946947687017,9.39406121952711,4040.00864684961,32.76145154596258,-1.4056248044514197
09008_07,0.2985111188581767,-1.244465275118669,359.2422711058264,0.9139763462014756,0.9230887668121156,-1.192305870503646,0.8310477544588424,0.9240314009875152,5.892640097188231,8.860656699293475,2547.543171272948,20.83708980341074,-1.1943361322794523
09012_01,0.265936955591278,-2.219493908886068,261.346311821302,0.9071707604298648,0.9188710520092138,-1.9263264444911656,0.8530006712729413,0.9295921397030412,5.868996532924557,8.363671078714344,7426.416493165565,16.36263583532594,-1.9517883213126064
09012_02,0.1087413667956464,-1.881537361750902,334.6246978659314,0.8967587198577679,0.9162223334755024,-1.784480439050306,0.8391346835537765,0.9325207710981586,5.975337332973523,8.59029607376346,9546.229110179936,18.70299496866048,-1.7947109779049435
09014_01,0.0459100529458734,-1.0616189557043083,366.839268340144,0.9025914200594202,0.9249202602239034,-1.387156175525985,0.8286785072803691,0.92941631368468,5.671718629935988,8.22128097742641,11746.234576536175,35.17024993286734,-1.4035746298611829
09016_01,0.1902421052866517,-1.566589695154903,283.73496141568785,0.9144283388016629,0.922874005333101,-1.5142451072173433,0.8340258102599268,0.92990336281681,5.711339157101473,8.029718046782417,2971.5148479266813,25.02540611112745,-1.525849830351011
09016_02,0.1724064805744694,-2.049529813034148,235.62038124491824,0.8884339676880887,0.9246360970533056,-1.9553404585883372,0.8190022442545841,0.9330485622950864,5.586717727375248,9.400087884728327,3003.703484399909,27.655289363505496,-1.964154406687928
09016_03,0.2593858341690942,-1.511447723494155,329.9006638297872,0.9106569003334596,0.9199868933463832,-1.548844609337022,0.8362709455081776,0.9321780912099282,5.695449992713535,8.917430661682058,1662.3662186705412,25.08805402926341,-1.5572258880293703
09016_04,0.1502415481497785,-2.246965613278727,256.00357332560725,0.8681482590998074,0.9209470495970146,-1.9653226419645249,0.8058804877684786,0.9069712295471388,5.769761582524275,7.744320759456862,3087.3066218253507,17.991736554137766,-1.969803626663511
09016_05,0.1160860594451196,-1.7956291451456652,287.022785836301,0.8840822144389556,0.9141662095874072,-1.6596399145941083,0.8176218579643275,0.9149942307318084,5.749813182511985,8.234871219125079,4225.196775986659,23.011335685189405,-1.689989182392786
09018_01,0.1370123330316362,-1.6482069241181865,377.4530631260191,0.924803931185132,0.9130716065830304,-1.3608203063154962,0.8477628927091811,0.9344273403760128,5.81094162605761,10.069170001046974,8253.347097668351,24.29004308189885,-1.3668663084523405
09020_01,0.1546799534281768,-1.861646590929277,342.6362666550553,0.9168964318280264,0.9196083607934812,-1.7899745379240282,0.8500347346786576,0.9398912924237024,5.91389441066282,9.45339799453195,8311.900742574257,27.358176390247227,-1.8070563089013691
09022_01,0.1937572770524427,-1.8877978341137116,227.2178888499234,0.8509584434067037,0.9245021689176642,-1.827296775263191,0.8079510786720796,0.8968604705860772,5.79423717590507,6.418070024887545,5905.575108482352,16.848767923672696,-1.845229822865052
09022_02,0.370870583743921,-1.71824590660494,253.9700605854412,0.8886080091609483,0.9281524655048004,-1.6555438726633014,0.8304040347827656,0.9097119394001156,5.613498295961829,8.232882293121058,4766.648374771582,21.745351243313703,-1.666380279828718
09026_01,0.1035771069975144,0.4678414765273886,479.8217877094972,0.8509460074909906,0.9055910993556404,0.3311362968621581,0.7763542742857493,0.8672126434680172,6.355339726792427,6.083232188517636,5020.974841800527,7.94817470351788,0.3329021039846824
09026_02,0.0602127193894988,0.3907890983003418,554.6337642418931,0.8905603878015224,0.9045530908050268,0.3455142166027834,0.8069250874834756,0.88622817748615,6.281342351793561,7.6906509985589855,4781.840034315127,6.844045232304605,0.3483083721870158
09026_03,0.057808511195681,0.6285761605020405,572.3471983305603,0.8715614921181137,0.8975178850832988,0.7103133817996105,0.7953878877699581,0.8704377406422142,6.396337413430299,7.557648705801429,2902.979436239272,7.184512234968892,0.7190850811332857
09026_04,0.0181642486714454,1.9310962969500625,431.3494703542156,0.7724545036961455,0.905402625371584,1.38874193006607,0.7811899750697121,0.833020840283513,6.5049257239625184,2.8553364909689694,2567.823866138265,6.363663232969858,1.3982045843261095
09028_01,0.1099153049565362,-0.1817833083630303,755.9434740709511,0.9163662412031924,0.914090080391622,0.0364522660437747,0.8169743126432576,0.9005480610229306,6.230971483742603,10.139778287563264,7241.357623272127,10.46679672395636,0.0370511556660106
09028_02,0.0632489234135013,0.5254005940526101,825.0007940136186,0.8794323007320931,0.9255422604125996,0.0314371027174002,0.8180232184834342,0.9088431060326309,6.286965470726043,6.0115127436859135,5021.792154707519,6.622037470211543,0.0322629166380665
09030_01,0.0496760787050536,0.3716943122562079,583.4178507863332,0.8973263112382909,0.9103294910647628,0.3717273611239133,0.8112035192043716,0.8907308406167421,6.199258955616256,8.01393644307824,2819.565315800819,9.786795262907908,0.3731221911537363
09030_04,0.1664432992461601,0.090944859187963,816.2530470457881,0.9176763996400544,0.911123261560924,0.3259049961043199,0.8301768223416653,0.8819500164541596,6.007069828024533,8.074027145596892,2515.1745345345344,16.8176427304407,0.3262658415698853
09030_05,0.0742018462419731,0.4966658650505328,881.3827930738279,0.8963870953241709,0.9031926751640896,0.4719855163627882,0.8109286041850678,0.8800249325095756,6.329223016554783,9.38369715974192,4681.364589445683,10.806420766054533,0.4735283812399415
09030_06,0.1842662130684791,-0.1259458392549182,698.8676282773646,0.9235239651634384,0.9192199089332012,0.0886287639375194,0.8336842009669151,0.899483998551322,5.854811447883077,8.936012484216391,2040.2205820328973,14.402993948363216,0.0907897235826469
09030_08,0.1869560261614136,-0.2108608996241462,624.3505944666704,0.9141132022150676,0.9180669510547964,-0.1143374667612726,0.8248411246286739,0.9113016773508285,6.081013177577255,9.16966144121773,2886.9892167318403,14.992457134652138,-0.1140800269739805
09030_09,0.1270317034066125,-0.0359742419584382,636.9405434330222,0.911809093730004,0.9182089922946808,-0.1200273830903153,0.8211410415101866,0.9071455887481076,6.112841502544354,9.652014202732744,2784.96435499515,14.582387983905535,-0.1226562067833478
09030_10,0.1662622561044962,0.2126353258907204,746.479459348761,0.9172674096794884,0.9120453081479394,0.3620751497956529,0.8243078279716016,0.893314046826776,6.190577248909989,8.680135802745554,1953.6807980049875,14.09427977994394,0.3620084984720024
09030_12,0.0783327308188639,0.5335611168230054,730.1209411117226,0.8990036757088549,0.9093612631459426,0.4295651813261535,0.8099590234622809,0.8928737428108867,6.505235649613902,7.437095762056995,2994.4538036184035,12.977742390846451,0.4311470789030668
09032_01,0.1561003750019888,0.7581387393449799,858.4987008769081,0.8626153212578597,0.9199787065738964,0.3133143872889256,0.8015926456412541,0.8766823633443491,6.336313084437336,5.700872505824028,5244.942226289898,16.063480796543082,0.3114765971333859
09032_02,0.2664758692952867,0.4499873828805817,647.6274340361792,0.8658861323648939,0.9231074978773648,0.1392423735216381,0.800155348024244,0.8737938525689869,6.017936816308981,6.173751847183811,2650.5022250476795,14.743275911055914,0.1397584700646773
09032_03,0.175172792086836,0.685966468912101,528.9123002749333,0.857406301497226,0.9240171358031044,0.158564772422797,0.7934811723253088,0.8701483885532314,6.095970399332942,4.833951438475093,4938.420368171021,13.346560221026994,0.1602414357022349
09032_04,0.1445390147478847,0.3242866807553764,580.8864005118947,0.8229554002236036,0.9103140524720806,0.23744312114758,0.7730020841635648,0.8051355628996866,6.291308624147791,3.467942688121055,6006.864408341975,6.594838871964253,0.2382063802973493
09032_05,0.1273160684330678,1.136254096160163,463.46705253784506,0.8137068194556293,0.9130295444321984,0.6511940785463225,0.7661401518453498,0.853462200029881,6.221195285339155,3.4970605746984145,4634.731126678016,10.040936267318958,0.6530095175087622
09032_06,0.0991040154796066,0.7496499145756168,535.5865344524409,0.8765785239095752,0.914265024493704,0.3816388333207258,0.8032438271260396,0.8685098214463158,6.179390257234428,5.867085826404908,5041.281690934182,16.283258853719094,0.3831869808100818
09032_07,0.1000262612758486,-0.0303250049239603,1099.3202221693934,0.8662882036463196,0.8993248083688267,0.4397339062388474,0.7815895462414485,0.8583543502901834,6.29655865332989,7.673662375419398,5795.541858998613,13.12158236631006,0.4413306076631869
09032_08,0.1285924925299036,0.6348301606540036,590.5427422539763,0.8719525655749292,0.905989473804382,0.6523990400992068,0.7938481060566984,0.8580796977326167,6.1035656159869545,4.773669030460867,5125.1000207619645,11.48830956731387,0.6562428944854474
09034_03,0.162417532125854,-0.1621132791710723,859.6055810163967,0.91514606701451,0.9115837245201596,0.0779233093997521,0.8242218752843159,0.8956698914487029,6.0658735255428375,9.930996257592655,2842.5295948640637,15.041817691520226,0.0773882620121791
09034_04,0.2346057843849217,-0.1924841161773486,616.1045257964305,0.9108078980841108,0.9130630532028388,-0.0992482302163897,0.820781171348314,0.8997194356727092,6.02060902166519,9.70942212296614,2131.2653717963453,12.416814078037309,-0.1008574287418288
09034_05,0.2463079824582481,-0.2725333138050958,847.7669263207216,0.9153240322598328,0.9139097277228828,-0.2365430781453888,0.8243209900152298,0.9059655532988072,6.147736773372461,11.386510881589686,3870.4397344713134,9.113297800570685,-0.239071728351778
09034_06,0.1159318785335267,0.0757480431382998,791.3219924237077,0.9167348721776192,0.9093241832134242,0.2690302565659301,0.8222918457096055,0.9076915413322972,6.340245919538274,9.916642502417112,3641.4003614613366,14.48499469740533,0.2704692449958935
09034_07,0.2616776587186813,-0.0562273782208051,695.8031878031878,0.9110284085765776,0.9043965865287964,0.1592128128295561,0.8199472173222286,0.8747412336984295,5.995237696423868,10.702634430361798,2743.370489477418,11.898345996582623,0.160978395819096
09036_01,0.0924832246224064,-0.0936261469857047,508.2902615708525,0.8965453079781889,0.9083337245907622,-0.0981374657375396,0.8110018144474084,0.8882830287897756,6.10212100043193,9.246753178188058,2174.557495527728,13.90292684704952,-0.0960110029846921
09036_02,0.1315999176317864,-0.2455373062493111,791.8609612454183,0.9060311208287516,0.9105650898151886,0.0697851271489713,0.8190877105042591,0.887330016566228,5.955531136253397,11.93788123403289,3856.8826566951566,12.75857302474224,0.0716782161836848
09036_03,0.2020623399575946,-0.2770821222035365,761.9905816031899,0.9043871165453736,0.911686563200136,0.0133653539853064,0.8192324941413248,0.8766856204341312,5.909228533753905,12.335918012553936,2484.198125,16.822369017608438,0.013043322914372
09036_04,0.1512684814366758,-0.0351791747356153,663.923225256738,0.9030186896006984,0.9095782015443196,0.2001011281317733,0.8181029918249081,0.8729093237457093,5.951702160102926,10.261084655478452,1855.7487025948103,13.954273353244568,0.2035545922989262
09036_05,0.0965310922249356,-0.0013630395557547,544.5553982564637,0.8890727370675109,0.9103308867306736,0.1024875075201317,0.806399654976419,0.8903115774317912,6.053947979176144,8.217415088220456,3219.397559886921,12.923873339889216,0.1053985129440043
09036_06,0.0854524610419246,-0.1278774748530686,698.590950033573,0.903069625901879,0.9013719337998566,0.2865319755260934,0.8106983461142417,0.8870892675040704,6.143219216776077,11.20567691290629,5311.219941348973,13.387410124722226,0.2886580397332553
09036_07,0.0946245522003365,-0.0577034224489892,533.6203844980165,0.9157318412073744,0.9079284116161696,0.2293533156840866,0.8177237199622563,0.9027604994355491,6.0022930775994485,8.986042467053753,1739.8190550111574,14.57636996434044,0.229523806517449
09036_08,0.3318083857339058,-0.3811720268922631,661.5368506658534,0.9195771789535696,0.9054204442998416,-0.0467660897491741,0.8338034051559952,0.888733418496494,5.968353632860297,10.388032847210251,2511.3028585510106,14.087431204630782,-0.0481949873253379
09036_09,0.158285728608653,-0.1984879467426519,585.154774757091,0.9152879006039448,0.9055557143479036,0.0166537904072887,0.824161066219117,0.8984178363935659,6.112141386940338,10.404160502398344,2755.200098640175,13.251668148420425,0.0190536127627721
09036_10,0.4036205327954897,-0.4929752687067436,667.5537975530747,0.9134900435716904,0.9044410968512282,-0.1413667192059516,0.8308406387357321,0.8615483532225292,5.819348049655484,11.72422440321183,4478.014101370228,17.203853262125133,-0.1424835795889168
09036_11,0.099648458785183,0.0298963532293364,1035.3353996169249,0.9104687002880304,0.9018021096390864,0.3601809697899333,0.8207626579814167,0.8748332366875472,6.156128904594974,12.287362062685323,2634.597857981221,17.953406565333744,0.3623621133020891
09036_12,0.0528625019349431,0.2781352693265677,1045.8043103849554,0.9015291420632574,0.8904636723704021,0.7836001937414782,0.8139081858621288,0.8639932420933175,6.308071435277137,11.02452511321876,1859.6338126972992,11.89169954497737,0.7828362405875932
09036_13,0.0482097080224782,0.3622701232891966,550.2723231149208,0.8992812197224868,0.9068858910974832,0.4090203669797769,0.8098621691942819,0.8817442807017944,6.170738383953736,8.568111241639967,2849.195980173212,13.24049955547704,0.4103136066960994
09036_15,0.1547836937090753,-0.3252292216636309,843.4989970858721,0.9069424595542368,0.9029705565577536,0.0306150265679101,0.8176234373494128,0.8970958627702144,6.003918138866634,12.89219673871733,2346.423076923077,14.765539143117788,0.0261726711419122
09036_16,0.1329375771150027,-0.113215123072482,725.4842126789366,0.9034370220529973,0.901563180585379,0.1650661570058122,0.8197166385894674,0.8885340701101055,6.10663465253743,10.80697214283614,3738.146107479413,10.571130225259637,0.1680311495908456
09036_17,0.0979671306517722,0.2118573748900545,528.2906034450266,0.8999888735283792,0.9084360350279624,0.057733480587439,0.8136380055957159,0.9034250319206956,6.197954769722714,7.592561200688843,2288.6489851150204,8.98104594713476,0.0583400491400092
09038_01,0.1110554153573159,0.1314440413775368,629.6521883083291,0.9051120026548658,0.9109928260425638,0.21748975970783,0.817828051311582,0.8957605286678374,6.179157630179402,9.01232919289282,4490.187268509097,13.298129525066148,0.2189292685993321
09038_02,0.1616223310508631,-0.1857057634232903,757.0573920856576,0.9209768439584316,0.91406465028258,0.0234301955410609,0.8349033794130503,0.9020416100778365,6.0237722585493465,10.962300441989148,2175.7908348075143,12.876302038381375,0.0200769284806018
09038_03,0.1999608301346083,-0.1946792138449819,610.6891269915214,0.912628777820198,0.9197540340171334,-0.1473827623687449,0.8288036412642481,0.906704462522471,6.036130697106738,9.73453570082225,4351.227285226068,14.758798569525446,-0.1481491392535169
09038_04,0.1174059186098998,0.1329323994866502,818.7474527833002,0.912603419322874,0.905707015761014,0.2272614157619324,0.8269639078508689,0.8950195392498449,6.253240840126309,10.204840735158005,6015.795749446827,9.7046366080581,0.2309277620535239
09038_05,0.0742430544021217,0.6216151099660226,795.9746891899425,0.9054457720018192,0.9039772928251528,0.6831172930489068,0.8186692345660634,0.8939409781961487,6.444668728167994,9.469199061129618,4876.522182802385,11.369649417725674,0.6860202539675837
09038_06,0.2702956155632719,-0.2698992392769725,775.4134375795967,0.9092346799515194,0.909589103367605,-0.0421742672694695,0.8253891845333993,0.8745271288817347,5.866155462058925,10.684908386084444,5517.999446250151,10.488956159718452,-0.0430981424569257
09038_07,0.1890670785275897,-0.2138021527019814,560.2195340761106,0.9113682428771284,0.9136560862288552,-0.0446029261605043,0.8196204685384674,0.9046849792471128,6.076925244499816,9.275839143723053,2545.2434626942013,18.377860608673128,-0.0452043550367
09040_01,0.2307861126337198,0.3298561697520482,538.337927779089,0.8943349465101506,0.9100563279067776,0.119506501316753,0.8113272419875955,0.8656959707865235,6.006590926831482,7.256561097788762,3195.7169811320755,14.10019243890499,0.1210096287721994
09040_02,0.1964298797259345,0.2902455676571855,510.8138080495356,0.8836150312708586,0.902714070884142,0.2413776792756387,0.8026517170126536,0.8435621859360998,5.835443016791338,6.515141592874744,2159.006468147425,16.917652233494884,0.2437458746893111
09040_03,0.1731640239825841,0.4970524945897219,516.4281015433921,0.8964281809681264,0.9101747358176958,0.1940075367349298,0.811427185557955,0.8735079024502987,5.975932937047487,6.028681176293357,1889.1007133864875,24.41011992704688,0.1939906586123046
09040_04,0.1827672969822377,0.5313773424302413,775.4991286482124,0.8640501237118162,0.9085402159894288,0.2873705160056017,0.7941456160271907,0.8419608563393011,6.195119522754622,5.3574216209134295,5104.9433754662805,13.594378918969149,0.2882790287618382
09040_05,0.2669857471242307,0.3320614647296078,464.5239288809764,0.8810601906329475,0.9194986024554346,-0.0409129996478023,0.8062741974389417,0.8483166512596438,5.832678857135737,5.760212605342753,2900.6369897150107,18.439862560418156,-0.0419918818806607
09040_06,0.3268908992450221,0.3379074457143908,497.6191468890314,0.884124429161454,0.9152252538682556,0.1765991666697798,0.8141192292966692,0.864797297468538,5.956802392886156,5.335015032151562,1720.6108569212872,17.41670823291874,0.1737433482160851
09040_07,0.2544921049273059,0.6963960496250758,570.909330153378,0.8806001907141191,0.9165390353381448,0.0644045480745658,0.8119048449159121,0.8538691435378196,6.199118519853176,4.229337500888508,2216.1953194255657,13.4403423999091,0.0672509597164122
09040_08,0.2860716741359108,-0.1459011783188417,1139.2959687295129,0.8935112038984405,0.9105487930411976,-0.0242378542243839,0.8170286018372722,0.8411129124129784,5.817052280268221,7.748077427724956,5518.174828534066,13.274955794647225,-0.0229694046380068
09040_09,0.2237238954428502,0.5950613972638236,607.9537489227233,0.8677040526092846,0.9129730142770964,0.519645886399333,0.8004611332230279,0.8485318904691913,5.970323916883731,6.266076630521193,1994.0263683304647,16.036227284266307,0.5231710177997814
09040_10,0.1231039776013936,0.9501528191564028,705.6401236449127,0.8854391874672,0.9205364992556466,0.4549007128966384,0.8115457198478705,0.8849110582628018,6.402192094523096,5.443372595162815,2622.8500782096016,18.43716238885245,0.4585311214970969
09040_11,0.4496665228297052,-0.1791972155348742,816.7028869187267,0.9004425175819387,0.9142321072500122,-0.0121820400406491,0.8224197874339821,0.8543548841518517,5.758068810500576,8.363274322018102,2583.5016109886383,14.588763962868809,-0.0143097463170611
09040_12,0.2194773706938115,0.4650546126475018,568.4861193560778,0.8798771304076152,0.9156623594970598,0.1842491443490858,0.8035487732085862,0.864191080246601,5.958133335604438,6.489801879128104,4519.340464013971,15.747180054650896,0.1830786651451084
09042_01,0.1340587564314245,0.1023391483256105,698.5254832742146,0.840324811530212,0.9055599302687948,0.4124529290759771,0.7637200369308396,0.7877616065095107,5.778120650138328,4.13429094051088,7047.192665351637,4.770630868772071,0.4137565375021544
09042_02,0.2785736601920848,-0.2584871975910937,371.7187827015483,0.8231118676837984,0.9080447396703712,-0.1038381375185121,0.739738551850104,0.8033230910419377,5.890117609603701,4.112727145911696,6904.274406012607,7.546324355140677,-0.1046723677531562
09044_01,0.1855778919533775,-1.6297721331140718,369.3448973839965,0.8528796147838457,0.8882426320714512,-1.2419043802910952,0.7813595441567094,0.8224698829725655,5.9071813056479785,10.33931216629763,5545.745045265476,3.3408134402171257,-1.283778693450328
09044_02,0.156602230394833,-1.6839522973349137,698.2104492902092,0.8637868330770025,0.8788819757413082,-2.4206733697260283,0.7852946199931714,0.791365452555369,6.146268758879034,9.125356043622936,3989.6590249702735,4.1002141789076765,-2.474416486817389
09044_03,0.0907110390455714,0.3067260208451058,653.927047407494,0.8887604798345825,0.893153567395848,0.5658113387085485,0.8066978428730084,0.8468637363607585,6.126174114387953,7.556620469552824,2881.2866523143166,11.282933428599897,0.5681764664233018
09044_04,0.1518180097107637,-0.2096736508310058,585.0357457151239,0.8905229775267557,0.9013410539684008,0.0939244933437116,0.8054529112873579,0.8616238506326581,5.974071492771358,9.885055624404316,4950.089976928993,9.568229373396733,0.0948422825178413
09044_05,0.1057727273311111,0.2170702613380058,734.4121588286782,0.8925064675588562,0.9055106016938804,0.4264988220678877,0.8129348594480281,0.8706688128524317,6.159292373661852,8.57868726677274,5016.551381086142,8.945058800577733,0.4290663225092773
09044_06,0.1270462698397579,0.1596576277866813,586.1613503707209,0.8705124712301024,0.9059907139118965,0.4289723088428206,0.7927897415055035,0.8433641807358341,6.070357969606414,8.46948280167413,5604.67563300062,8.340167380344225,0.4311234723329201
09044_07,0.1016388370766133,0.2910143370709219,769.5051484853007,0.8984598245713117,0.9051413261391414,0.5496332552201583,0.8040597480772584,0.8977001781233933,6.356772987448985,9.44601821238805,5306.212126729789,12.850071785609474,0.5528498627326967
09044_08,0.1009440259295184,0.1738999957019808,473.76335697026167,0.8936706655235904,0.9076081329899192,0.4410581539870178,0.8027196829090509,0.8924862658157673,6.059668377638577,8.388127978687132,5222.926301163666,14.999978268081668,0.4430779379526435
09046_01,0.111310489292623,0.6087343740973911,474.9754427878983,0.8868717112714517,0.9132641557544302,0.3061864440214083,0.8116647637500614,0.8826895113301878,6.066691651649366,7.2599680162984015,5255.330166862347,13.889565920288591,0.3088236154693071
09046_02,0.3448493073912598,-0.1404806007593233,603.8380982603929,0.9030638199295584,0.9045241391682726,0.0610216276329385,0.8199724174020416,0.8530707726232614,5.791031619024622,10.52482715887018,2353.9728192880702,12.767400445547256,0.0570818755630322
09046_03,0.2672494522523932,-0.3212156010847371,565.4855288603363,0.891139577970867,0.9025186934061322,0.0906431163295244,0.8101945724715812,0.8789792377811518,5.791669488282655,9.83237353425342,2079.926305162965,10.084552025915048,0.0913719984013227
09046_05,0.0917470057114439,0.2133676761742602,700.2913118726203,0.913814339608153,0.9072348149987692,0.3764938705120294,0.8214549418717804,0.8936018567531601,6.167681744042406,10.38870846742083,4312.668818837828,16.265869768295186,0.3795148730388119
09048_01,0.0638017538467576,0.967864088204844,491.38746720870034,0.8544387441833622,0.8981178797604322,1.0604243500621402,0.779497816955824,0.8645687934596841,6.295244443449851,5.594957195500415,5264.213114754099,11.436167100475798,1.0664248455832075
09048_02,0.0887786281135284,0.3729621845257282,851.3219540113794,0.904417266862241,0.9064456927851544,0.403038164297712,0.8235319023669463,0.8999388665461623,6.33225451523785,8.59152224570224,6567.435255071999,9.208744036085449,0.4045096487647179
09048_03,0.0932236397449557,1.722527694741502,311.2869913828856,0.6379944646554998,0.8934905707832161,0.897573508722974,0.6605762352978733,0.7247124907010651,6.189275530888421,2.1509191969820467,6067.742403177756,3.906878627937557,0.9072185153410884
09048_04,0.2238684023778506,-1.9117203784750207,569.2282392404344,0.8267145266653202,0.8753620503666538,-2.0376593693952545,0.7503809935048483,0.7824690254444007,6.021482179235143,6.808474699977139,8654.015451374808,4.431037305279175,-2.140616992069221
09048_05,0.2898570474201981,-1.0675215777907636,509.92317169327816,0.8168522383827458,0.8906583125807849,-0.4822861466870148,0.7399037060882693,0.8080043079175923,5.858569889083127,7.2109204739768575,7060.080049186607,5.095449043407443,-0.4858935594822696
09050_01,0.0852802780046393,1.3124678792892392,387.4566402474386,0.7898374965619168,0.904372831150582,0.9625000590597532,0.7579293991563254,0.8320493245063024,6.248670589018674,4.308354132575255,6071.242872545824,9.320804118008455,0.9692154096302034
09050_02,0.1769394945055368,-0.1768129862207151,662.4836745310444,0.8887765082699465,0.8996278758349946,0.1229003163660795,0.8054495260789253,0.873422832558247,5.900441766717995,10.115793750588397,7158.64762782128,7.671829412365856,0.1227883141983825
09050_03,0.1473305811909509,-0.0298852086887074,614.8007973129925,0.8820064685956021,0.887283630923093,-0.010293154622839,0.8013007202346889,0.8591564667395599,6.066544983859581,8.767745895300116,7040.663719013399,4.274671979187701,-0.0174564790206413
09050_04,0.3007562627989461,-0.2503381254497167,855.3930921298023,0.8761231995850655,0.8893097184847744,0.1675012744653406,0.7984016815858676,0.8088840263714226,5.930116971082222,10.510913847872388,7687.359215561224,9.075212761764329,0.1694996082881796
09052_01,0.0963075812770704,0.1051437386595249,511.1214358385725,0.906429201125159,0.9100238954657716,0.2841414959354745,0.8194529997945751,0.8945532665204574,6.097286760016658,9.29957059460931,3412.360055360374,13.23289887448235,0.2821850143380111
09052_02,0.1429941515706207,0.2316893531579451,626.5068489656404,0.8919668443134383,0.8974949795897671,0.3011513365505079,0.8065608399231434,0.8642115799123788,6.071587733953481,8.981234901622548,3243.2718465994208,13.625377164606896,0.3026309444057268
09052_03,0.142947898415683,0.1277013100241334,872.1414531980023,0.911887048765192,0.9101072339043952,0.222159533647741,0.8271525896546214,0.9024981235972728,6.20271533686152,11.46251153015502,2833.1134680557298,15.26426476081721,0.2255756700496237
09052_05,0.0639166473306314,0.4318905375301098,670.5506759396734,0.9097443704798084,0.9169425429890892,0.2303898186370639,0.8200068144394227,0.9018503043958666,6.234925512310428,8.315341180113478,2473.997798326728,15.381628123390527,0.2316869147004301
09052_06,0.1032738624587244,-0.0092910650230851,571.835632161162,0.91376592487814,0.9142796018442734,0.1783898700674717,0.8176286210339381,0.9069896559154984,6.125084152609043,9.669235265374788,4426.7117913191005,13.940382129467034,0.17980998508513
09054_01,0.0907670412873094,0.2336074989223344,474.0600593564511,0.9017952127734428,0.9159789013126736,0.1303102364603233,0.8123130013968539,0.8824655965056043,6.030571957892488,8.021684234847868,2179.053032085981,15.409891094324006,0.1324453790432227
09054_02,0.140987989628559,0.1612385126434127,773.824,0.898775664305434,0.911694638223327,0.2762348874165149,0.8178010173726044,0.8809322027880573,6.008926247598446,9.47346883165121,5326.473887347726,15.261924703834254,0.2782128870731002
09054_03,0.1296090239563884,0.3354027255254393,696.1267767960046,0.8856272994216401,0.9074811676255504,0.2153465658014386,0.8105383581479708,0.8849341365756982,6.275520803901838,8.36678943045386,3918.407835364568,10.929282533524772,0.2154030266199177
09054_04,0.1459604699351707,0.3305052705461955,498.6620346800036,0.88379629667481,0.9013299373151892,0.5118586984776112,0.7989103870826731,0.8435832291125014,5.907742071309864,7.463571699063639,2202.2353554304773,10.835082606508967,0.5150028646901252
09054_05,0.1381468897078931,0.2966444967924249,679.2371488498436,0.8935594130222138,0.90493354118473,0.4657884256342187,0.8096451573813248,0.8629505368025554,6.065221094953915,9.794470482256596,2858.6756149166886,14.61241900925905,0.4666082592323752
09054_06,0.2105062718884924,-0.4813517309534462,618.4252421775866,0.8928480375808316,0.9058466460851404,-0.8498316999243603,0.8147116780143988,0.8603926058525954,6.088285682884012,7.307104389399956,2378.1587454764776,7.629610398818448,-0.861404376752079
09054_07,0.2465732714797192,-0.1449050759878899,692.860058707079,0.8943397455863711,0.9080952119132232,0.0945049443397021,0.8123999612660076,0.8610952609225403,5.8962673988296,7.074967945727155,1921.8189989039092,8.6382766938199,0.0912850703528986
09054_08,0.1152767215046029,0.2430384795230765,584.8450179345041,0.884633625614704,0.9074696113307456,0.2235782107854204,0.8028582836682755,0.8892978864113206,6.152070342145967,8.297791028125886,3795.142356548401,13.426763722127554,0.2245865918158588
09054_09,0.0627729996427775,0.7132893133923291,422.6674847342741,0.8376181119003115,0.914869054566076,-1.137312892373257,0.8041744533375144,0.870600495360485,6.377524859961507,3.0704875048666294,4072.458156470268,8.037893286656963,-1.159851050079975
09054_10,0.0865595098434341,1.4894334419665898,515.850459796036,0.8186149044072655,0.9085486265876772,0.563622664698854,0.7993015910406943,0.8538674686702292,6.258111022472416,3.4856444104659325,4627.781946442986,8.420671045762267,0.5611371622047184
09054_11,0.1147828331596388,-0.6869853139177411,318.3242876065618,0.8313572890843626,0.903084137945612,-1.405090522164434,0.7901608546607125,0.8687242666548163,6.20102473286117,4.009342559677613,2858.72453129126,4.689409720536431,-1.422354277208851
09054_12,0.0637578611780568,1.2078157207317417,418.7552586352964,0.8132723413169154,0.9004484559441658,0.8130079841713547,0.775452604060026,0.8492346854392318,6.355644243446553,3.678248048323237,4591.072131147541,8.68975658999931,0.822429167990267
09056_01,0.0795877123744753,0.3587474557884742,677.0298129812982,0.88691666261796,0.9122576336777556,0.1908803071478608,0.8075553688605022,0.8860865733154818,6.259190766192697,8.28749968460782,5270.499277076761,10.517146910058532,0.1912643930284346
09056_02,0.1360087264415435,0.1407183486255964,501.11724314411225,0.8888430818162733,0.9060956994770014,0.2929675181075936,0.8081753224608297,0.870367073704121,5.906826877562622,8.958556949343759,4881.424115176965,11.310191528089014,0.2970350227319363
09056_03,0.2673265108183142,-0.1769630701255071,739.2691647150664,0.8991406013497981,0.9043766876100172,-0.1272507659468419,0.8181291789493463,0.8589297271007987,5.853543494837102,10.34539326639355,3683.4993315219735,11.39501539053263,-0.1324785885067486
09056_04,0.1216988498623359,-1.3645353497969108,516.0402535167723,0.8043480982260324,0.895866155217114,-0.6081033140059906,0.7496849945708284,0.8287661094476275,6.074922445859325,8.922584465147056,5171.20409591045,2.902150479907159,-0.6205793800313228
09056_05,0.1097438055250468,-1.0289677157351378,514.373599819794,0.884999536521049,0.900226514517377,-0.975574015632045,0.8056486063667845,0.8803061890345188,6.198422292807394,6.938027541255521,4301.740896639273,6.781854655401148,-0.9762689505843912
09056_06,0.3064246286822752,-0.2328511120272827,545.1559375461754,0.8869904553315466,0.9101183229344368,-0.1715128745626521,0.807802098662265,0.8435383337904676,5.802094433162699,7.065320801708786,2693.5362078496405,10.718045638644558,-0.1713667315817041
09056_07,0.1606295363334676,0.253827542241653,686.3533892794104,0.8991784378462976,0.906822396226597,0.2925708844182431,0.8152836887261572,0.8829627063520109,6.184512148739064,7.82007900301151,2843.116673192013,8.33358390802185,0.2980060394353702
09056_08,0.2724516454069574,-0.1237638810380341,565.253450268543,0.901024000831645,0.907417971707122,0.0961968633676723,0.8168807138821068,0.864667239258456,5.985768944604065,9.040623117969051,2139.343585051728,13.493087570902624,0.0999739296814384
09056_09,0.1260761217811585,-0.3977560684768154,520.0895689173508,0.874516284852033,0.9013336667766046,-0.3929684709653787,0.7858997291415988,0.8787847789595236,6.046936823705962,7.977029304250061,5202.471682274861,7.255495440476995,-0.4014745025239195
09058_01,0.4587133770039943,-1.1606645725678315,504.1145945945946,0.8104787139438012,0.9061750495193788,-0.7816778170028903,0.7301811361300613,0.8260764155342336,5.972590575111076,4.487943517692944,6920.4289929032775,7.579191002888948,-0.7914916933987696
09058_04,0.2067808637736085,-0.2845683141913955,690.176857259,0.9031109705984924,0.9089218956533728,0.0417774456346263,0.8195935590785113,0.8731909735521225,5.905386364205848,10.800434247916847,6510.922614766237,13.57996812971664,0.0424127101258794
09058_05,0.1764039056577002,-0.4052367877628207,770.9111731914194,0.8907150469567895,0.9031294732023526,-0.0015392247028858,0.804705742111086,0.8704729049414778,5.954678070096653,10.237074276475068,7494.665186086604,10.104123198333838,0.000250627024425
09058_06,0.3521126122435952,-0.6663369327678803,680.5493099643388,0.8795269775941403,0.8853460368879933,-0.1870653387939706,0.80297102300511,0.8284311226179508,5.762053379605924,8.929754274941207,8538.4352577906,5.4280519495917545,-0.1898659141179813
09060_01,0.1868331802042001,-0.4791194437915407,802.2439362886698,0.8801917225162916,0.8928400939918354,-0.1451620111886729,0.7913984325088158,0.8636226109244513,6.226125457646395,9.043548079288742,7029.629620582967,7.398400367097608,-0.1482019186304085
09060_02,0.0617518501247737,0.4723812406613932,1065.423551301479,0.9033400237974712,0.9087421231729288,0.3603006068440421,0.8195663676643467,0.8975539474243468,6.556536045853972,9.512639586516867,6235.98467715745,7.6709227089434595,0.3625877247129766
09060_03,0.1923332332190615,-0.4943376513181717,649.4879899047703,0.8680790092611173,0.8982430631331042,-0.0571924775764812,0.7800715382049845,0.8708859350711694,6.045139983363836,8.266018174447217,6107.978642767968,7.565992770779994,-0.0599779215360568
09060_06,0.0840881623443133,-0.0130143671826859,703.6186683049806,0.8904727904919115,0.9086058108655032,-0.1947848631316529,0.8057859946697544,0.8978328848008813,6.303790432463914,8.980297793668552,3189.324984875983,8.92132991326461,-0.2001780023522967
09060_07,0.0652828966793834,0.5842146433415597,819.3070235593408,0.8901438926883809,0.9165589254208528,0.285120729727248,0.8126575590855849,0.8964720824174431,6.475918795864689,7.364949312302759,5295.4973126983095,9.683948656814536,0.2884509510591583
09062_02,0.1794104193177843,-0.6563468593368912,498.3682589169729,0.8757770899828365,0.90255182163875,-0.3412633974954016,0.7982269256509441,0.8893696827451166,6.081754791973206,7.031352867209987,2470.295326784396,6.807625526017338,-0.3442304125679661
09062_04,0.1441200660801322,-0.2506453968360999,427.2578313253012,0.8699579601263928,0.9155173877612894,-0.2973875676776817,0.793918156764765,0.8818878607109001,6.057983961441923,7.756824056281854,1584.9803096600472,8.602291944611869,-0.3021897114532854
09062_05,0.108159253044395,0.3075295064964772,622.0568517487906,0.8646977480802012,0.910825591114942,0.1049956718516698,0.7944063906523158,0.8717610320719804,6.297394611941856,7.383907715488313,1981.2540473225404,10.721282170024413,0.1087753572686817
09062_06,0.1111757040654681,0.0606540174684809,860.3105069241519,0.8869799192663189,0.917185779260755,-0.0008379498764361,0.8061622957594259,0.8874561978348584,6.20106067135301,9.436825746775668,2242.952946962866,12.614210497806756,0.0027908763280605
09062_07,0.0528247596360486,0.5713170151990632,514.824852417427,0.8483083711956727,0.9090695165328302,0.3732184210925032,0.7853618296006203,0.865534877311578,6.1945588361149015,6.115419825626953,3540.0854725909794,8.974367972444007,0.3756122850990677
09062_08,0.0388880945024599,0.4158257450169831,446.3590574741304,0.8469785414467511,0.9116511852708554,0.1731910894201901,0.7932152173076918,0.8708957965487923,6.179409969354258,6.492232068018607,2102.2944440388405,10.402805846848349,0.171700534911437
09062_09,0.0870982118217421,0.1573800388183857,784.1605871398839,0.8724985205680992,0.9095162983041444,-0.041965793756093,0.7962684890755697,0.8703162668853176,6.286864317543928,8.003870655674138,2218.4853279065187,13.576539018511616,-0.0437458055428143
09062_10,0.1227367083459576,-0.1366254540353092,580.4176353327983,0.8842348612302775,0.9162505315884868,-0.0748069436140886,0.8008413597962449,0.8888668506780003,6.0655857431892,8.09706058040874,2857.017545608613,10.139543141410812,-0.073840809018454
09062_11,0.1327174669801742,0.0875146915612857,525.8222926442805,0.8435492535778236,0.9060788771375868,0.1323770292839036,0.7823191905133975,0.8852346771131241,6.276524471949476,5.910749571021897,3673.380631154532,7.2557754154299055,0.1332958417577739
09064_01,0.1383948669443387,-0.0783540056961874,861.8403287279657,0.9014062170789932,0.909539348437108,0.1588120257561122,0.8129646365093863,0.88281409282314,6.164975148006996,10.389863598752047,6246.722951172295,11.763164278070365,0.1604405223948662
09064_02,0.1717388828061268,-0.1080700998689755,888.5554531263443,0.895753391595801,0.907894412300258,0.0698515235308643,0.8120450856884238,0.8647868828511242,5.9835143069122765,9.193007917419289,6485.475522734816,9.322686132779422,0.068042223003238
09064_03,0.3809655891438585,-0.310126608062317,1168.9237764353222,0.9068460518969402,0.921519376917434,-0.0517503671485519,0.8345648274458034,0.8632816257423221,5.8685764426978,8.917890099931647,6718.786026636848,11.22715553006872,-0.0515733140583383
09064_04,0.0889817472386269,0.5471592957352371,711.0189474513511,0.8601286626571755,0.8997790113345393,0.673239534353629,0.775264796979198,0.8809864516859082,6.492859472477956,7.867932433078021,4782.715373106906,6.481308654393216,0.6807698498004743
09064_05,0.0901763304869761,0.3031025212035436,792.033275317856,0.8826398562823058,0.9018070857108362,0.4939784021975004,0.7907404002291533,0.8891359058451475,6.423163441214723,8.15435218748408,5541.638818671005,9.33169277539256,0.495622443982372
09066_01,0.0655712358826464,0.3030951676228907,865.7256246937776,0.8970359479508943,0.9103734470787008,0.2851743291791015,0.8080650364556053,0.89111257897292,6.382859952465672,9.55466959829773,5008.418395088127,8.586997173524914,0.2882443252724771
09066_02,0.2050924679465514,-0.6137337523786907,891.0920100788426,0.8959313840687584,0.905006811305972,-0.342024390872455,0.8120128362674848,0.8749644625901122,6.17401944962057,9.961184036574457,3718.431333567224,7.132631185676954,-0.342835921447563
09066_03,0.1931814907030853,-0.299790568155252,422.9582252205501,0.8611975598989006,0.912041026652436,-0.1784029019800296,0.7831105772339934,0.8735272538328778,6.124987315702632,8.278650648228833,2611.61203960811,9.875741561399185,-0.1802931242616323
09066_04,0.1075392307703051,0.014177879779262,701.4893975213124,0.90836185566127,0.9170593109139904,-0.0635417299974154,0.815424288688582,0.90643429767088,6.281495403981965,7.743682990620967,4732.425298390452,12.445658989624604,-0.0635647111425633
09066_05,0.1134295933274163,0.2931686139702234,638.1500780405811,0.858444626027736,0.9111311694858772,0.1945991789029982,0.7877578038190508,0.8829930773307544,6.339786536849077,7.889007491625404,3188.443169858977,9.552135001515255,0.1980688581344589
09066_06,0.1136346094903545,0.1727139296302291,731.2704563509577,0.8762511599940463,0.9122714281751492,0.1531117423783502,0.7979390452764066,0.8788124496859478,6.217902125341432,9.192369583426316,2123.389493369602,9.981891801122549,0.1535577440525516
09066_07,0.0914917490901147,0.4412554039048911,593.5937800920146,0.8588659073115907,0.9124629212845624,0.1801356809627841,0.7900520449980533,0.8757294581895689,6.310515366060954,6.730047452331956,2358.156000251715,9.195894940416052,0.1771729452542255
09068_01,0.050975030813403,0.2278197564487457,1215.0916542823622,0.9131158783653476,0.9053590821814624,0.267145782546928,0.8141233227243901,0.9259157687982276,6.572883314924509,12.977141725051457,5460.142638154365,8.61627075678772,0.2691473360894483
09068_02,0.0501704157466866,1.2344759555206273,1213.8560162478664,0.8692063304480511,0.9059507704584916,0.805712271563318,0.8108011051324688,0.8888519956824692,6.509786838811527,5.707813573848877,6616.46441895038,6.434904496382179,0.8060409455702431
09068_03,0.0721937950241896,-0.107226771157245,803.2697250047853,0.9037364726391128,0.9090761390904026,0.1683721143028002,0.8086409119377523,0.9136174174374064,6.2499514268888126,11.791044567761311,5409.325218521996,10.67664003337854,0.169434290220122
09068_04,0.0486650218811434,0.2550716536923004,773.2823910336239,0.8917430921358727,0.907066499398977,0.4800846525087738,0.8048531449403672,0.9072604741134738,6.5655786182347295,9.576337664800675,5696.137146029983,9.003645695905472,0.4815728697759147
09068_05,0.1109467324721954,-0.1086561388055727,824.8460791281686,0.90539327009704,0.9069438057830528,0.1356772921682189,0.8197230370523662,0.8901562211024654,6.15069151511873,11.28622519537556,7032.3344202242215,13.79604245853644,0.1390769252663012
09070_01,0.0624113399345153,0.1878617040406817,976.0849007182088,0.8834936900585477,0.9116720935467044,0.3789304812353941,0.7867901316555471,0.9140260478925804,6.487658570799316,10.315318082729457,5355.359457443576,8.433072310770223,0.379879629989982
09070_02,0.0721928541711988,0.3345795926079515,604.1153647536751,0.9076582161822636,0.8992944295885538,0.3204206862829099,0.8177635353101284,0.8971050494622165,6.307328421422542,7.867104998252065,4180.718039029034,6.018218718370645,0.3189792382361116
09070_03,0.134491608531852,-0.336061823232729,470.1967232683757,0.8951267311856036,0.910790570813995,-0.357205277331547,0.8141479906450539,0.8989253935267658,6.07518031194214,8.735256649424983,2125.1015391958,11.053350505273578,-0.3666384468636758
09070_04,0.1020556214823031,-0.0207595203633538,690.2430037591741,0.904365939297974,0.9009354057343466,0.150031435704581,0.8139971624780481,0.8890320223238033,6.257394482448236,10.953989362839842,5120.842086125396,7.795160208119203,0.1543566839682404
09070_05,0.1218769845231168,-0.0211287979345406,632.838536421618,0.9059885948512592,0.9121427944012056,0.0575062330369199,0.8157929341864341,0.913196348346254,6.203230311672226,9.16652239057566,3476.5746654772524,11.836277115507906,0.0580755772591368
09070_06,0.1461435053215788,-0.299656037660888,732.4894355336212,0.9081883964851968,0.9110207671433844,-0.0353769023052811,0.8184608183245531,0.912168746923853,6.227784783618753,12.597750514596491,3417.704215373716,14.91465085180914,-0.0325505265499218
09070_07,0.0578757692697511,-0.0375260115030516,615.2262781108498,0.8970247151542526,0.907348329077508,0.1902072984265434,0.8064070921356045,0.9059180288401704,6.392171901004125,8.346682525998295,3370.9699117146365,9.618118289747413,0.188514069374466
09072_07,0.1992054807282594,0.0884601502887053,1130.1199506532123,0.9158610190913422,0.9100716278561084,0.2169172355263849,0.8312302409994712,0.8882984926457466,6.216511751149711,8.467726460572857,2880.747056027882,10.986327711335692,0.2151597701803858
09072_09,0.0488591119219436,0.2584780929374501,559.1876206763392,0.8926016152663273,0.912243507130298,0.1911872109729063,0.8045874967471552,0.8961973292394306,6.2643861248941946,7.318352109006962,3279.745360379801,7.048947606031295,0.1945842096158084
09072_10,0.0501739594531389,0.2141028356524081,549.1516258439059,0.8881573432595796,0.9146205078617264,0.1831897980452256,0.8047029860338601,0.9074606893854492,6.276419642471164,7.820663518578641,2691.875288429843,10.267668222575518,0.1833664234614376
09074_01,0.0818921667084381,0.1816684174998309,945.1421368338696,0.9000731205341147,0.902319441652353,0.4773584766261873,0.8120205889336497,0.8816797092954097,6.351125388147177,11.109622895630965,5322.691335008511,6.6695113867120375,0.4805994484658851
09074_02,0.1093524500594966,-0.3255615147289636,917.3358385378074,0.8622528830409792,0.8915922437331464,-0.3939325858979776,0.7798234424109971,0.8652150897189758,6.273421716647457,10.554383831212196,6864.438635569532,4.967672761532314,-0.4106077866963791
09074_03,0.120473393584306,-0.2194395319407189,880.2074997606968,0.910621736338156,0.9139453920843048,-0.0870773314813601,0.8260580350259971,0.9021404271002852,6.170177483412107,11.718831211222277,7194.131891043605,5.162553369549946,-0.0871013863030543
09074_04,0.1015036161021536,0.2351864783732594,668.2021580712858,0.8634922583867558,0.9139587232193124,0.2603664289163284,0.784654818667867,0.8809446142151709,6.218310519880029,8.935344649548341,5213.908987720565,7.228671972640049,0.2587174841311219
09074_05,0.2315266424513607,-0.4591599746284317,1085.6212031953248,0.8872099206561452,0.8984978023740661,-0.1297185521171573,0.8049268212230755,0.872042743964694,6.08958109677441,11.18285065028255,7031.00514087194,6.422487371646545,-0.1309779465997881
09076_01,0.0590393433058891,0.232133178155439,741.6085931776921,0.8849399392657473,0.9009749866570328,0.4787991953221406,0.7973040479830159,0.8803347023585544,6.372364183535119,10.156629756457091,5714.481271071703,9.853020883440548,0.4822610446776108
09076_02,0.1187314595958477,0.013531605538662,871.3389012303486,0.8907725625957863,0.8979918709692299,0.3835566517978295,0.8049953665150892,0.873708520350952,6.315560376997254,10.913649930281885,4735.323551669049,6.193878248137072,0.3848747466272264
09076_03,0.1324432105231533,-0.1989540850082098,620.9361240940189,0.8990811373432034,0.9073230340766508,-0.1216800175633257,0.8170287357048894,0.8970351384601576,6.132478476997578,9.843940027831906,5990.371200660157,8.142267582303795,-0.1240098391712477
09076_04,0.0759689863684627,0.1090076396413427,586.9337210042657,0.8784778141567017,0.9083605934535712,0.2232199848355914,0.7991545135510568,0.8893828233324096,6.202696641704968,9.196896344348277,3818.692170246221,8.965054121315266,0.2234216903565519
09076_05,0.1575219886117875,-0.1766879700294626,696.7448196627139,0.9160591588930794,0.9108180218173888,-0.0773577586849975,0.8307978311493002,0.9079590905080236,6.3242591936952754,9.900356194531764,6254.066763903265,10.07739858439894,-0.0744761117750273
09076_06,0.2216076443515805,-0.3891691400015539,500.79976178575606,0.8716692400436071,0.901693248249178,-0.0569745996099341,0.7883016346734183,0.8525328582479912,5.8738262218489385,9.29545707843467,6623.051815161336,9.680338135579628,-0.0578169464818368
09078_01,0.0457820149442626,0.3001609064788184,704.9470639110077,0.8863834952229529,0.9058644366702906,0.4111935701024053,0.8036647592156652,0.8910038977992923,6.408678328129598,9.034032229121175,3011.426436335404,7.772523719001747,0.4150945365049433
09078_02,0.0653707917337253,-0.0744220353546755,773.5666996466431,0.9080774945959136,0.9139742766616756,0.0032731924228904,0.8175678036971217,0.9154691887054288,6.356787753413976,9.66133430639197,3011.5115917375456,9.766917942619228,0.0023825521659031
09078_06,0.0446888797614994,0.4410304193298575,644.5067185687016,0.8805675948038683,0.907114630161584,0.4167073316500208,0.8077866067087575,0.889219973779891,6.434623444394116,7.182096465432599,2652.399546647578,8.76870854221561,0.4161602910482683
09078_07,0.0980935899010265,-0.0520385644828386,683.9106218085684,0.900736693298263,0.9112626583788944,0.032655561004824,0.8153847644569472,0.900084783548289,6.237176069534896,9.907216224281676,4662.81915186562,9.95907905172797,0.0335509743143588
09078_08,0.08257169306828,0.1383836717953602,677.912575766979,0.9024116459909808,0.913958048367138,0.1218624307300843,0.817611039793469,0.9021592306380164,6.326281970738902,9.248319176392746,4075.008752576947,11.148716663647686,0.1203262183634853
09078_09,0.1037444667898889,0.217270960413427,923.6830646849488,0.9110544794883416,0.910565067708376,0.3841524752923481,0.8238193934375062,0.9010304177570708,6.363165380659771,8.961888645230676,1919.08169126446,10.542375168348908,0.3901398580601755
09080_01,0.1377887781289748,-0.0772105716919116,502.38416250955015,0.9004263965273954,0.9060046726003111,0.1575817323065206,0.8099920645288488,0.8868032087572455,6.047587955062073,8.467675781244305,5438.846030392698,8.972416854851495,0.1613759528640363
09080_03,0.1112366080294427,-0.0406937488449165,585.0754515185148,0.9071426982388744,0.91100863145032,0.1530838803142104,0.8158247684698484,0.90714426380959,6.210935327947023,9.414126313867436,3809.3095377642326,13.225837117423971,0.153734656635319
09080_04,0.0968098498503947,0.3123859051036183,539.3753338979739,0.9058598945060948,0.908186688063827,0.4115187340746194,0.8096921919606601,0.9035132243582474,6.347054233507551,7.522414132920774,4689.888482736957,11.123869352341712,0.4139948044883558
09080_05,0.0594088818922893,0.4367344760631354,1095.9081213657785,0.8928290617951172,0.8998167090527034,0.6880345929300691,0.8072340845061227,0.8838172016939458,6.489159938035963,11.287172639989311,4155.070942016946,11.042457562661722,0.6889635351511912
09080_06,0.0916743125565546,0.0968336920106835,861.2367069564766,0.8964417305869121,0.9037672646153668,0.3852988537822575,0.8120164530591643,0.8789131001350114,6.272839080866468,11.628008296647575,3522.020197324242,11.985207442785445,0.3851752852950147
09080_07,0.0793097132594362,0.2357392358362504,1160.790742328133,0.9061370124033808,0.9062156369015524,0.4564924382558409,0.8215298580314507,0.885052220286847,6.331881735131319,12.032841384965934,3161.440986994044,8.365954172590925,0.4606866084335803
09080_08,0.1029021973489143,0.361075526577535,651.9057284115833,0.868828765151652,0.9066944223535134,0.342348067082983,0.7997679494354876,0.8802626632311459,6.295947992057425,7.97579504830915,2321.428606208156,8.89842343831874,0.3400192919463992
09082_01,0.0939837921452937,-0.1907999440922527,873.1133914280633,0.9135414476724072,0.9166953610472084,-0.0401259546855971,0.822179783036839,0.9068510006422008,6.152185813081805,11.344200817608993,4898.455369185544,12.37014538998761,-0.0415585305306559
09082_02,0.1306032404439492,0.0204778402087054,1266.6798678079963,0.9163705563382804,0.905761089256186,0.3059132138921104,0.8271671725226446,0.8890058849175542,6.169042694405765,10.51734149144971,3706.78899578424,13.22081309609365,0.3068068887917149
09082_03,0.1447527822641266,-0.1736416176223116,1103.2659365636946,0.9241091881293614,0.9115295830513346,-0.0068324052127127,0.8355189524619664,0.8956074984559061,6.188052203986036,11.384029205010531,3357.612005108557,12.25330148563634,-0.0071838427888577
09082_04,0.1523081265586374,-0.2043646948567166,621.2371383284528,0.9127508796408452,0.915288658276734,-0.2320974891362479,0.8262334124551243,0.9022266241263424,6.026871989341912,10.212286463248532,2757.934183532021,11.768595661435953,-0.2324758008916575
09082_05,0.0940002187557256,0.091986517339707,1008.538862708137,0.9174763180046857,0.9157807485753798,0.0708745819000276,0.8282801160743719,0.9082572597959536,6.34280970758663,11.175781826638174,5122.891566265061,10.78880729135408,0.0691428696327017
09082_06,0.055125025447803,0.3706106883905673,1178.147225929457,0.9163312248789908,0.905891217963658,0.4326306407362057,0.8263898391299901,0.8927554636266316,6.448196971786468,11.062346037566428,5796.703642711284,8.587092985162037,0.4360985530469076
09084_01,0.0471477642871839,0.3792871609821224,819.9741653844777,0.9001374760793255,0.9099230228033154,0.3171030653616309,0.8135237951481343,0.8927446230815492,6.430008923641478,8.926329593655067,2870.9393828292086,14.02805582679595,0.3186921374358233
09084_02,0.0986058731294496,-0.0896306599537847,1256.5343864218796,0.9233126329102478,0.9097479481819136,0.071823861960513,0.8315809234915761,0.9058200938054124,6.4487335776789125,11.864825225420748,2687.967050416832,9.191412513733074,0.0748951321923131
09084_03,0.1119078323116761,-0.1062227439384118,1115.3427884758034,0.9245350885255031,0.9162470056207432,-0.1399184969157321,0.8300523551076873,0.9127343424996875,6.310372794261073,10.960294188720429,3006.9022102362665,10.561069327589715,-0.1376508786366242
09084_04,0.0818701215703886,-0.9597910367005204,574.7991663340872,0.8814716858282531,0.9205480579962628,-1.0324958075203297,0.8124505914329482,0.8886838614273953,6.048747449928482,7.463009614610326,1918.4081001472755,10.371375097606675,-1.0334057272730133
09084_07,0.0702216339150502,0.4894124151836422,472.6286893935167,0.8963897492361154,0.9168788553146308,0.0775352133786202,0.8178483914284657,0.9165167320898828,6.186208343991728,5.173079078881251,2005.160818164759,16.77987703967054,0.0788690924569474
09084_09,0.0926435205130589,-0.0050496908551456,1035.4134761966984,0.9033093160770626,0.903581859798765,0.2956698053175559,0.8119903184733593,0.8789309738434387,6.186694197199596,11.502522866518088,2011.285025402566,10.52254344645797,0.2993932526565712
09084_10,0.07450098011959,-0.1361921914663349,595.6789890789601,0.8912259297164814,0.9154683745732894,-0.1496482640415899,0.8038189456431596,0.9049824152272784,6.122632994425194,8.029867792406568,3034.06601631486,7.343614578706958,-0.154739981260356
09084_11,0.1524915634006133,-0.2770002882538192,407.47510928150064,0.9169525775126056,0.9167544069979728,-0.111245700428785,0.8237633078465367,0.9106492168361964,5.831514124390121,6.250366373143762,1586.316622449913,10.647158700848912,-0.1090782936474673
09084_12,0.1054872159684329,0.0809471422756606,347.73332894476994,0.8857628642698289,0.9127417047384588,-0.2087088804367407,0.8129332522114461,0.9047952170929942,6.137188932261916,5.356628906601418,2695.143846447462,9.084715876989668,-0.2093697146146463
09084_13,0.078146689128166,0.187814953738249,489.1138229755179,0.8727959675976252,0.908284959720094,0.1242966532127603,0.7915548030498346,0.8867659056216948,6.172186073954719,7.704830999930724,3356.462057739264,14.282053708779,0.1220951320005756
09084_14,0.0958299249374971,0.3997720651858616,337.5386574495179,0.8709822187540693,0.9117107741590988,-0.0064982300606782,0.8039626738438804,0.9019060449817348,6.184533589990318,5.256202211867312,1828.7380744503528,7.925002154470292,-0.0039384562135774
09084_15,0.0398774888785198,1.037776010788126,511.8636681426241,0.8476175689488733,0.916466075912174,0.3298550283119983,0.8105103971227993,0.8967071656944511,6.379393488600262,3.5778002279331105,3101.505336927224,9.462568744737416,0.3291366230170655
09084_16,0.0771684140838048,0.0347586534914691,568.8899364787663,0.8797063256809593,0.9080441008494398,-0.1909425584920904,0.8021285209072625,0.8745018939221746,6.232607603621599,7.264766349387301,1800.2041194339483,10.58043251570083,-0.1915509291489651
09084_17,0.0932045091492967,0.3506938433648869,927.8283306636952,0.8931578836887911,0.9113965782777248,0.4188222428003388,0.8118615007316424,0.8866274922378244,6.325510715227682,9.946755765222822,3053.276071677325,13.326373810533264,0.4213864293762066
09084_18,0.083685273732223,0.2440374833338554,608.6656301974112,0.8820414191586999,0.9191780039972958,0.0092509110269729,0.8081410530068369,0.8983678313730769,6.3758393375555285,7.540198679555797,2779.9372972972974,12.119795535603629,0.0083453970947066
09086_01,0.09477649799206,0.3223220976058368,560.4042507869636,0.9101770969841216,0.911526955601154,0.2153617905639592,0.8143357503203577,0.9050132389583908,6.120188403120481,7.097411361245699,3411.9136031851363,13.237091972183084,0.217340770475396
09086_02,0.1356593022094769,-0.0306496876103565,706.9723127915984,0.918098965011652,0.915843079821184,0.1179678549462695,0.822114419971147,0.9087437887634894,6.085547135627295,8.392001741759287,3782.6511586642537,15.064657043607925,0.1173585261509169
09086_03,0.1073724892153692,-0.4833349316309558,556.8838330237905,0.9183940501111958,0.921983534630564,-0.2659004322141136,0.8247632831828106,0.904901870986771,5.905974230001196,8.85228178099835,2313.9291536736146,16.258045734980023,-0.2704283633306155
09086_05,0.171645537350194,-0.3004295128416325,539.4796584371695,0.9086908392760716,0.9169135117243168,-0.2924152637708325,0.8182456884498368,0.9123924709260012,6.0297402220167164,8.787370489695043,2307.140908343834,14.734649414835348,-0.287860321047462
09086_06,0.0981635797608394,-0.4393104678495256,615.9559815914348,0.90793553475372,0.926528626966861,-0.4231597273504168,0.8195305323121427,0.929746935760614,6.187546282190858,9.31347363265684,3012.4354328556365,16.410555759513954,-0.4250600399502742
09086_07,0.0944327475448548,0.1922961233711849,523.7053949022745,0.8975589811713643,0.913423800687593,0.0660940915720518,0.8019840482238045,0.905015401383376,6.131030208034179,8.03336020341289,2574.6804985717995,13.50384238372019,0.0681777909544791
09086_08,0.1302551487582686,-0.4383028417643752,610.6104825675363,0.925503584896828,0.930210097745341,-0.2740258328098787,0.8306752905220578,0.934949779384866,6.017457949353074,9.339625884034051,1705.4591915750348,19.69000245206947,-0.2776172899519289
09086_09,0.0848229950561456,-0.3914711920107604,611.8845089697438,0.9056543060469702,0.9270622660774585,-0.5436413889935747,0.8132854463675898,0.9354051261613192,6.127899130025214,9.197473349243191,2375.523061119671,12.168803134391164,-0.5507237514887099
09086_10,0.0978345876500746,0.5058762270818594,585.6469235593338,0.8959509415241308,0.91369957284474,0.3826998940703596,0.8074515641264906,0.8982106272799325,6.38289028009858,7.306354577893432,2541.933812051202,12.417058779279852,0.381639073863468
09086_11,0.0816171440383265,-0.4449392361094882,616.9118076328376,0.9209681375010476,0.9349714697635654,-0.5736130445366856,0.824333982853164,0.9334612227677632,6.167286926993577,9.140871182826723,4620.135923653716,15.70973479587508,-0.576393294218368
09086_12,0.1052626890045833,-0.159508396939589,633.5208133397313,0.9209349820430688,0.9265157518830056,-0.2552338370768313,0.8187320185071097,0.9314048565914718,6.217219635529833,8.388651976966653,2313.4679213516924,16.189996897857025,-0.2536094556656587
09086_13,0.091840645053135,-0.1144123595221862,663.8064543168483,0.9061490240092632,0.920445761679188,-0.2548533490214232,0.8087069840370763,0.9376504212700854,6.377115759499665,9.08998528593058,1734.8432339166873,13.65858538601552,-0.2589273535177898
09086_14,0.1064141774227439,0.1395725424968228,539.0487707773465,0.8988955534750038,0.9220074596995534,-0.3303757287428865,0.811119877385795,0.9274840343427212,6.357210806661098,6.302551262510868,1567.5019949893292,12.575929760304875,-0.3299293174703832
09088_01,0.1750771277067767,-0.0071359322135727,802.8329294732815,0.9013739769261144,0.9121792923383346,0.1635485297678913,0.8071289302232287,0.8987023257739168,6.217522482553077,9.953176529202688,4668.276387498609,11.388549503572095,0.1652857065557312
09088_02,0.2064024527345403,-0.3080699737971396,944.8945693356908,0.9355367240189536,0.9248399891404634,-0.1930883661811507,0.8452964682417339,0.915587557270134,6.154615249123997,12.354718393410474,6292.596513403908,16.797231882195735,-0.1932242520028257
09090_01,0.0518653919765914,0.657985240526832,484.17193390737725,0.832571469912262,0.8994349627680857,0.7965952492650383,0.7607546582789041,0.8624743442717726,6.400226419669938,5.818789277894819,5388.8239195600345,5.041477193733122,0.803074253888202
09090_02,0.0450269169642573,0.6873090363184944,390.5641222841761,0.7850145995474179,0.9086889310199464,0.3257642046687647,0.7483924171269465,0.8373010605062449,6.480285573630767,3.293379771300666,5011.4059669967,6.398702416063068,0.3361392913154417
09090_03,0.0379291132794369,0.3579129723270988,725.8025824612937,0.8829814830177836,0.9028471054053738,0.619380991862533,0.8033201047926685,0.8924424430960725,6.619256281734946,7.171074126703486,5707.472377597411,4.673917893394927,0.6264499818997277
09090_04,0.0549197245796284,-0.037899143039206,985.4722713023654,0.8968075851780721,0.90501373271274,0.3096267743835345,0.8072082208843914,0.915908536514652,6.32357008609399,11.89839669244449,6159.870398408098,8.945863986159893,0.3107647844792038
09092_01,0.0888361073223946,1.1083062499731655,831.6966739606127,0.8371288972531127,0.911444381759052,0.4936593475949606,0.7888828207526735,0.865330660425699,6.461756707103685,6.252048597393076,5705.519582099559,11.155468652126572,0.4956188015951783
09092_02,0.0799124463512591,1.4710988198011363,448.2366974669428,0.7347147571459298,0.9069443704583552,0.6592337185139137,0.7146631696579298,0.8100166391495817,6.26937285254929,3.604999497875073,5168.6654209488215,6.233535159715848,0.6636373166611519
09092_03,0.0662073648158367,1.484093260704731,618.7249393317155,0.7578109250834273,0.9180964376439312,0.5142895484112167,0.7358217613241079,0.8584823406748181,6.492932489635956,4.1762016580900925,5447.87339090761,9.539930836266402,0.5142796307853915
09092_04,0.1112433854135486,0.4364129350691954,731.7719301118407,0.7917754232504259,0.9147748587096012,0.2081945991104745,0.7247478106490366,0.8488400978664017,6.299952400485652,4.779282307870616,6558.317272248552,9.894153493259548,0.2072953766097105
09092_05,0.1156153360732484,0.6914635113716074,872.813983527083,0.8160336777612327,0.910086863141078,0.3075977836340407,0.7648974849815726,0.863195549469119,6.48116191215767,7.173176407652635,6772.380838067169,10.618721846865512,0.3069312622245191
09094_01,0.1066912283831037,-0.2268382414888509,545.3058403154263,0.8964161699789799,0.9157715825017558,-0.2029054153792215,0.8097537664945597,0.9115711212619408,6.183947838787199,7.67112712819015,5855.225751206602,7.698136704241138,-0.2019333769859371
09096_01,0.128330415558145,-0.5152095402530684,437.88717208814273,0.9055175935362588,0.92144776566104,-0.598896423064611,0.8185644868424159,0.9261335092274512,5.969697457829465,7.011115755770633,6045.327095559739,12.616618690395091,-0.6033968766950195
09098_01,0.0562357732826296,0.443845018097712,674.0577973979503,0.8868178674596183,0.9167090107320714,0.2501961061035185,0.8012486257264022,0.911568102382294,6.567674878338624,6.4453941435616455,5135.033015628863,7.579872898287254,0.2544883339274401
09098_02,0.1012911925744338,-0.0652440340528967,721.7922662327757,0.9135592796024092,0.9117914193092316,0.1163580607271605,0.821140514217481,0.9102184125538436,6.163100785237318,9.170693953215029,5819.767347305524,9.819389577295418,0.1151757005620398
09098_03,0.0445539065693672,0.8257922091091164,488.2002638909251,0.873481806607032,0.9060996573188236,0.5146907210802427,0.7946950312949423,0.8877822893501588,6.391763256738551,5.2137604082101205,4902.664887087104,6.836370489333222,0.5161629362045891
09098_04,0.1197245039884752,-0.1023103551184287,843.8988967561337,0.9115019522185318,0.913164910430932,0.0880307675905093,0.8226757662565222,0.9120948553869226,6.040799229895503,10.224752462454193,6249.854186578018,11.94826170191342,0.0892291315190177
09098_05,0.0913250528333548,0.1675248531482749,695.6068597998219,0.9054045167352244,0.9075136233448972,0.388689653811397,0.8130958534619407,0.8929082803923221,6.183774003696436,7.9833879996814865,6373.46438655712,9.181564857879074,0.3924107879347181
09098_06,0.04673310279065,0.1859267147442623,420.2788591903932,0.747538927979947,0.9088647940813538,-0.0395456375627888,0.7095287862029087,0.8280742933263889,6.44707149105356,3.3857546711011857,4869.392608348843,4.023606057742783,-0.0348331981929096
09100_03,0.0140785624964137,0.898101538346402,543.8190864404747,0.846161647982767,0.909976243419372,0.7747037720453871,0.7899715756215946,0.8906951257181345,6.537300254481692,6.344642586469217,3742.196276183088,7.913876226174931,0.7786042636823491
09100_04,0.0275264031486265,0.7471794686020109,935.5446342868112,0.8800490746564505,0.9047842350255708,0.8902760073155274,0.7988299635822281,0.9005877993458804,6.470551852998662,8.774674358584466,2013.711314213678,10.25669819571369,0.8929609936046279
09100_06,0.0523263893936402,0.2532594126749068,597.7765216985098,0.8788154963216912,0.908609470541066,0.2406784937363504,0.7970093125609704,0.9050225773982606,6.207573427625087,9.118636400522869,1614.652181016174,13.82956713425832,0.2374032471437396
09100_07,0.0468522406821213,0.0140036384615126,528.1860105708898,0.8714453495891007,0.9037756439538616,0.0775830762060499,0.792045513348909,0.8935578926271563,6.297005368755567,7.836679592247179,3023.159583436648,9.707300079319634,0.0768839049387927
09100_08,0.0311225183215361,0.3856017007542566,584.1517616607681,0.866728446723941,0.9136501169297372,0.2441403353583275,0.7822231818467706,0.9031966717231829,6.358616499216956,7.51742801323193,4427.931110308839,8.460781979612364,0.2463770650724084
09100_09,0.0640215123651555,-0.1232144074434373,669.7641009262217,0.8981775279327028,0.9185804736956016,-0.2827598786041146,0.8128863921560973,0.9132986533560388,6.3621941336582255,7.477993010761281,2532.08749660971,12.470116287864585,-0.2840369917086358
09102_01,0.0783984553350082,0.1736284894214934,710.0882219010473,0.88627932026537,0.9132642879497028,0.0169712437027165,0.8047620219595596,0.9005943122114929,6.305427219973718,6.971396247375767,4470.17383461502,7.380602519693395,0.0168702074771159
09102_03,0.1175654794783019,-0.0887350049467793,534.3936756955509,0.9114552327438096,0.9197454132483546,-0.0801854982917901,0.8246410786135652,0.898669305941849,6.073694333327002,8.371099313051737,2102.4245312996504,12.343700763348265,-0.0828801398362148
09102_04,0.0290274307151156,1.4647443033252083,506.2527632085815,0.7852851884338004,0.9059735633510247,1.076977817798895,0.7735468169433116,0.8500148307366995,6.390758306708269,4.070532162032444,4180.655296229803,5.798146085860534,1.0841001345182528
09102_05,0.0701349438151218,0.0212667704068973,541.2861045809772,0.8766166031984032,0.9138783079854622,-0.1863260623994277,0.8022891052610904,0.8913987295752095,6.111383234780335,7.489408603550716,3690.407937438905,5.136615702213375,-0.1802367185501532
09102_06,0.0752842023256304,0.3779112235098251,976.1640495104378,0.9038566738623066,0.9113735365887788,0.5830015629257819,0.8207376858519946,0.9055264029290888,6.455898524860344,9.41016181999241,2314.950735399115,8.408363151472136,0.5880776613383693
09102_07,0.0675337185533131,0.3450422424761152,650.8051216556963,0.8839989334946436,0.9108651180378796,0.1234540634239105,0.8117836588987436,0.8898605574369826,6.258218103511896,7.59296936026553,2711.919714394724,9.815264744420992,0.1265392322469988
09102_08,0.0461767512716558,0.4192507976705187,852.0725480423105,0.8729640515917438,0.9025824659386856,0.5209114467276845,0.7977751086569707,0.8781108690080425,6.497222016637047,8.755958406398857,3481.7203964086057,8.632027502589553,0.5189859063727488
09102_10,0.0859116488881486,-0.2154506917133479,703.4208831168831,0.894400788019365,0.917815537951009,-0.3114732358694619,0.8101925068310892,0.9050607603305186,6.311332098969109,8.870662256189439,3167.0449985308314,10.997234167842842,-0.3103421317484939
09102_11,0.0536152974584343,0.4164235356203717,583.2453639607668,0.854205816898391,0.9033493938768782,0.4504409240015333,0.7778757425940499,0.8823868133289,6.427658487823082,7.387484584592684,4460.73656024114,5.634258478470814,0.4541849779544133
09102_12,0.0705137538898593,0.1095178496421782,544.178453715039,0.8931202827835198,0.9096600554488816,0.2941424345673367,0.8049449271766582,0.9030701242685482,6.066509945543856,9.30931947192626,1566.5748963883957,10.044469526089658,0.2935971617725837
09102_13,0.0553712523308366,0.110189658955295,538.4603670361524,0.8934223865758495,0.9136757881222224,0.1535439766641105,0.806617269426658,0.9133613847836408,6.237405045845861,8.153886050420269,4324.409645517596,8.769251533688655,0.1536562294088708
09104_01,0.0383449816869286,1.719860258499714,382.1459726082276,0.7029419463411276,0.91365275329875,0.7652948601769225,0.7203250286573861,0.8141154934284442,6.240350563354524,2.357136349971971,5125.764669357342,6.777953477398441,0.7642480446227492
09104_02,0.0556872421698904,1.623215111345792,416.64280829724186,0.7287380322605687,0.9134419106279104,0.7393456689483516,0.7449622473574634,0.8256559929843315,6.344671822674725,2.2006839481563425,3680.249555318392,7.961716113616753,0.7479699478304995
09104_03,0.0624249751545545,1.4928699317825376,398.0431292302849,0.7317828682876576,0.9148704044706027,0.6325519903124335,0.7433457680362905,0.8234411144018888,6.3784235145388735,2.387487586803947,3912.568068818562,7.305979695441118,0.6312813895809011
09104_04,0.0542585878001473,1.1732170663024883,358.1066566028972,0.7196002247762959,0.9141715888339086,0.3631238055666388,0.7319818267459878,0.8148107041699597,6.351017207733043,2.508805777460923,4243.505124245402,6.559623221534941,0.3666309390356617
09104_05,0.0838117103158598,0.5996632064517651,471.4531155474894,0.8953664279034769,0.9170094962739732,0.0904528374359519,0.8076403737961351,0.91090604463297,6.34108242263305,4.820195773269518,5477.624935947571,7.680315590900109,0.0893693880738867
09104_06,0.1450146266040007,0.0452591074732591,453.3164556962025,0.908725611437946,0.9235467708766728,-0.2267475689610863,0.8199277185394236,0.9155800226818304,6.180636145092316,5.530132564215025,3787.8455828053943,9.070917487970616,-0.2266866326877051
09104_07,0.0680479603572396,0.800571762284704,435.0530915185252,0.7837340559166414,0.917192771050055,0.515533871884309,0.7775097390005047,0.8413436112847886,6.355754442137711,2.077725002349496,1998.075398017423,7.809975077947024,0.511399849315269
09104_08,0.11055984299891,0.5026625335041072,688.6981126966505,0.9110208273126116,0.921563127178797,0.2217373328498405,0.8225805451554347,0.9176016911019496,6.255023723731206,5.9121204422699885,3741.095901348474,11.821037208365704,0.2214789392332047
09104_09,0.0693340690628034,0.4263519702547649,505.7289844965399,0.8760623006078512,0.9120345304073628,0.2188250046680966,0.8053928073432594,0.9001794626845679,6.454782635770588,5.30053934881344,4136.085008068065,7.948183680408931,0.220195248539236
09104_10,0.0466893953774539,1.6650710164691258,406.6188560157791,0.7706295151475657,0.9122258775649392,0.8358502148416378,0.787114423582994,0.8536760494627293,6.309752218399959,1.978424584168664,3195.092872902663,10.691878610187633,0.8442639346822953
09104_11,0.0491741180772639,1.175099628427785,437.7329792370836,0.7941074265128333,0.913374519880262,0.563294943920994,0.7845243831240667,0.8468395520115141,6.200907228917933,3.2090089499400785,2561.128395958129,8.262649759262347,0.5649840645245564
09104_12,0.0698569445589169,1.5141075208781565,271.266944676119,0.7769433240423851,0.9112835290268372,0.6272371129300521,0.7609142184198907,0.8471128396767462,6.157555933674646,3.0345427397150964,3919.7841445882113,9.65421624990505,0.638801531420155
09104_13,0.074083332410635,1.0340456539063885,311.2435202811539,0.7838375043931023,0.9133258115284784,0.3793272388269008,0.7655057503924526,0.8404139095458623,6.178552721965068,3.2097875086954333,1830.9711801642247,6.846915281070313,0.3859825042910713
09104_14,0.0369700837917308,1.5443680173505203,348.17319263583295,0.7864854116679908,0.90887799306635,0.8699205269416747,0.762524696456014,0.8470270659370834,6.296355099095888,3.4941018004334308,5254.034910832441,9.098536541491487,0.876071212784359
09106_01,0.0950799553953611,-0.12126313991618,786.6693399509729,0.8961477556988735,0.917449828339346,0.0560493903126944,0.8087048275458399,0.9092206334740148,6.086608012111699,8.746504215162826,6258.052031210245,9.843105112747685,0.0555835101063014
09106_02,0.0497892342558574,0.5367969295733936,450.0680426985116,0.8637365470070996,0.9153857625407144,0.2392119397367413,0.795116627872354,0.8867418454272062,6.342015214120317,6.256351268279472,4684.837486457205,6.6470837349301135,0.2419719056262925
09106_03,0.0182900568733146,1.0454604833415595,581.3458322173616,0.7857770732176032,0.9064562025986088,0.7596403380147632,0.7676807914931474,0.8539037247987427,6.567072049993482,5.225176894336592,3924.09998862473,4.486147318244807,0.7729575682322055
09106_04,0.0481813929426808,0.2300105153232144,915.0213026145228,0.8722537424569802,0.9089874490118603,0.2608041523021679,0.8030195115065021,0.8934760818166441,6.553457072378753,9.495178721293993,4080.55312703708,6.926009793863662,0.2608968495037682
09106_05,0.0398111714188009,0.485787623237875,778.0399521637064,0.8692160274934806,0.9074001608274928,0.5631531355158218,0.796709812650918,0.8833084433011484,6.5946000964141485,7.517033810748535,4658.314684888049,6.462041520824673,0.5653420583846744
09106_06,0.0591103261342906,0.1912229689314184,481.7473918649631,0.8893116820118826,0.9186950970048516,0.1617429140569964,0.805642024988793,0.9023954978914532,6.210464426381497,7.6972278243999135,5751.9969854213,7.937263287820183,0.1623689565598194
09106_07,0.0391851899206454,1.3339535993131255,452.0798297518945,0.8144426142404657,0.9072949485727694,0.8115824027336828,0.7827091785557811,0.8805169730616079,6.415791839771534,4.17758630246272,5232.725404122794,9.15838455126806,0.8201232346697361
09108_01,0.0963273084674363,1.3240907336126,406.59914513117815,0.8095281430895066,0.9150770782571328,0.5559837331745793,0.7576229534118586,0.8553536704151103,6.031842692660814,2.117352523113856,7293.953768288534,6.045557493150097,0.5591387301492476
09108_02,0.0827572869181051,0.1457332848727099,507.2568074093172,0.8609218099163134,0.9217006772633554,-0.0986753751876508,0.7784038817682699,0.899967181696402,6.311369474551538,5.748402446492712,4800.117123078489,8.940128747709903,-0.0963209077468671
09108_03,0.0595386552454759,0.6372497281982891,570.1486624286737,0.8409514244921806,0.9138209598772224,0.0536788238493784,0.7719346571582516,0.8901226425286021,6.407212326161004,4.815846538071254,5321.347870564799,6.201912659689214,0.0535170732082663
09108_04,0.0773280206834284,0.6577786451569912,552.5916575821906,0.8195734827395287,0.9032107788779288,0.4341680836831023,0.7482196546024904,0.8641125813360223,6.390611503979179,5.449497638732231,5651.231582472255,5.722650626500009,0.439060552848345
09108_05,0.1106793848497927,0.3100564044106051,523.113451647445,0.8744550903354753,0.9144873409314764,0.296385552984898,0.7918982785390862,0.8786523552580311,6.24591108601306,5.681461001183568,6437.757137000194,6.9087525740923645,0.2992048934364298
09110_01,0.0749020311907326,0.3637367608726367,560.3449900344265,0.8834149287915861,0.9162892609139957,0.1379057106771172,0.8047067395533656,0.8969844425800838,6.30979653812167,6.462939536554405,3134.8528488588604,11.88075072276257,0.1346224711254461
09110_02,0.0760753356502871,0.736662979772731,687.0027885163826,0.8768181295237483,0.9097733802374997,0.6292905975814772,0.8067774026839526,0.8852967625138509,6.384814187517196,6.595089502085759,3208.5582140568254,9.580559609988352,0.6327806665491412
09110_03,0.0796989018041036,0.5363075539606331,635.0108913851279,0.8735522572468138,0.9098477613749544,0.4919893013648568,0.8033759009020645,0.8754950411408429,6.229357080582826,6.703180937911712,2151.372140716201,9.623384979530549,0.4941519715061586
09110_04,0.0582532673341094,0.8304326399051841,732.9836796433405,0.860477995945354,0.9038706254040256,0.7482169650312174,0.7927934694264713,0.863866217259626,6.482218166087122,7.5541318807989555,3891.060482526035,8.0872064837598,0.750828690098226
09110_05,0.0639035411477618,0.4870019866892994,880.6754338120923,0.8990509461565017,0.9168351258038476,0.306314687809179,0.8052579977885055,0.919704559879089,6.588739710522965,7.85926796215276,5239.587191089454,9.027687954399845,0.3091183045189197
09110_06,0.2070405409718674,0.0496596823467933,750.5998515453498,0.8827421288011006,0.9084114676197542,0.38532629417974,0.7973324560900156,0.8814993840163383,6.18403462868821,5.829849243514765,6766.758618565592,7.934423513413153,0.384791680636265
09110_07,0.0787350023527498,0.3969222787311116,570.8567909168809,0.8667146633738727,0.9066720886519968,0.458064741734426,0.7825591362341341,0.8748592560939332,6.272198533823694,7.024016465872036,4653.137248504622,7.408958758958905,0.461171169494709
09112_01,0.0646707450645216,0.4901548382481432,649.4149682226605,0.885897270247965,0.9026322717863108,0.3574639377479579,0.7989048652181542,0.8852995990730069,6.439750838378717,7.072960299030833,4905.320686540199,8.120968871622248,0.3604724332458757
09112_02,0.0549456943550922,0.4711182104364874,687.6303561126554,0.8815624554049273,0.9041701931454286,0.4881985121808693,0.7959454953201275,0.8819128689586426,6.385637941080865,8.023734702494105,5136.376174515083,8.777163917714638,0.4919884012849728
09112_03,0.0668187080641355,0.2144130276182468,755.4006472491909,0.8911171606772567,0.9189303694783518,0.1631847992526967,0.7972374786394216,0.916935241125647,6.23101104294833,8.365361100136488,6007.553804509898,11.7932222693403,0.1623093381771165
09112_04,0.048055341365559,0.2517111412101638,589.8946321348477,0.8868603359712856,0.9225509255540592,0.0194327132720996,0.7968411808130208,0.9215490419381538,6.414396546780406,7.3435159722595,5033.276099894321,10.106766486931658,0.0185291091975693
09114_03,0.0919188122340944,0.1605813517338862,375.6511986153181,0.8099052161157604,0.9247956237415011,-0.191484775701151,0.7322769646932106,0.8748217499489834,6.053922371681857,6.480047498040767,4617.923881084613,10.724206064600006,-0.1900841271878708
09114_04,0.0892272741825917,0.1347489794761142,298.4906106183768,0.8896224081418345,0.9214308150456726,-0.3647603489216819,0.803773839068649,0.909116746205988,6.056852571184833,4.608896324771605,5461.756807930055,9.54978418053377,-0.3659761203886447
09114_05,0.1774285011469557,-1.0531875453259405,459.6019582375862,0.9250048304604516,0.935257991609258,-0.8822737572513907,0.8469261608750653,0.9220180920796688,5.673246267314734,9.242478542843248,639.3238822246456,72.61830969627079,-0.8759599558566799
09114_06,0.0968951761772579,0.7701373057195408,470.4590058517137,0.872126149839604,0.912468421896703,0.4049106201201484,0.7925426675713915,0.889740686356945,6.2891841932496,5.330295051124788,2803.7873824368594,11.683359614763985,0.405866531360004
09116_01,0.107341594500615,-0.0992966756827513,644.8512210279191,0.9073107124015036,0.9224848557372066,0.0711541192205167,0.816960726214707,0.8984168187842503,6.021765828560589,8.729163699124486,6133.505643038765,17.557027122927682,0.0709631252577158
09116_02,0.1208293615644444,0.1153533750500543,858.7229613186747,0.9110910750909128,0.9156351927948952,0.1468104435830779,0.8205631932940085,0.8963329149393017,6.357594789309149,9.670581298915591,6558.949810744683,11.71340067721246,0.1470527528872917
09116_03,0.059516752109362,0.573039848389447,605.0805698967434,0.8859595732184612,0.9190162190115252,0.2219816332700843,0.8120405474622032,0.9011102104807238,6.589816485793302,6.716069712868318,4438.374739583333,7.899439210142971,0.2208541753528171
09118_01,0.0913660393642928,0.2320623323032595,508.8042384459032,0.836162522625172,0.9166440926712338,-0.0829392995638551,0.7547727927660186,0.8847538724188034,6.2914126993262345,5.5925403389155655,4852.603972112886,11.788236516187618,-0.0814753229072321
09118_02,0.0891528231129831,0.2535135791845407,581.1564583937374,0.8267037495088998,0.9163302645717744,-0.1377873527132254,0.7515778402662817,0.8863481656009349,6.392943490146704,5.441613643767214,4795.513106670127,8.022086272818775,-0.1440533987471997
09118_03,0.1668117426560749,0.0707266507768926,532.1277896494629,0.8969234706398288,0.9185418795419596,0.1658869506708639,0.8109642261947774,0.8879393438253695,5.926259004281621,4.5285961023629335,6849.897343171889,10.038249059557456,0.1639463247432686
09118_04,0.0750504012188397,0.2885820373405957,521.9391604215231,0.8867785630303484,0.910143496797993,0.176579985173006,0.7949555060070186,0.8994828301731602,6.2980815962363526,5.682269518182947,5026.863157100078,6.989257495700682,0.1814269006940966
09118_05,0.1425167700929485,0.0421536757960052,710.2269878349226,0.8938627730272003,0.915404094642021,0.1000892339450304,0.8070649555144918,0.8854753915281182,6.073253816024433,6.152700553458056,5947.975722201074,7.227923632738991,0.1012058640533065
09118_06,0.0721411127938196,0.5046916115161095,1197.3777836168954,0.8863997039665077,0.9011461595688574,0.5872089867629201,0.8040992681748791,0.8713960681625266,6.572610946497695,9.462475054602002,5631.989720998532,5.774158973043839,0.5913441114811783
09120_01,0.0600319734162839,0.383889125524388,774.1895609953469,0.8975223535713358,0.9118068001819606,0.5198971698217373,0.8085341192532612,0.9053099608205036,6.45670109268203,8.991838072660629,2622.083053921838,9.937695660469965,0.5202730425069054
09120_02,0.0662736858108499,0.1370217523589433,791.0447437467203,0.911661473497203,0.9186334107356754,0.1770080628517763,0.8109356462819091,0.9293464062479186,6.258604718599882,9.040053034924622,2379.957895383859,13.163525624486375,0.178939275475105
09120_04,0.1183144462342387,0.0184067194838988,801.7475028318402,0.911539463160628,0.9180697049363704,0.0829847791353398,0.8125982168712886,0.9242923934501726,6.222961579059056,8.237886885826246,3204.780669996792,13.555236366878908,0.0840501103890893
09120_07,0.0313917803442671,0.8180947105077631,784.0166079971117,0.8667637517240647,0.9111924004712856,0.519749024672412,0.7857459358162595,0.9133889892758636,6.609866235917756,7.43708523427023,4550.535651487422,8.782392533816733,0.5257229842765483
09120_08,0.0717302843070455,0.2434324365807981,820.198141154655,0.862138082231227,0.913628732208702,0.2037898368427156,0.782927754797695,0.8980294000405665,6.46797091518227,8.367636345717985,4025.53033021569,11.537983545644396,0.2032226770838671
09122_01,0.1595753755377664,0.0957312974280326,739.1981626118443,0.8827691684559096,0.907687096737076,0.2766020160245033,0.7972081199976252,0.8726047565479633,6.120926848876191,6.420729496677353,6335.598553499255,8.72541842961381,0.2783831865720058
09122_02,0.0892738545868727,0.3619198178584253,654.187120291616,0.8905946737021895,0.9103400711542334,0.3469981192591576,0.7999311192813952,0.8952713143599428,6.398679185645396,6.904328723831187,5194.332215218979,7.066176200277662,0.3522023027330302
09122_03,0.1246237347770242,0.1116798401937004,810.4114689133837,0.8711194188410696,0.9054790772483746,0.3627863398769159,0.7810904298297019,0.8758251248357618,6.283926846727721,8.62804690174873,5192.285548695385,7.307987293313917,0.3633621081725547
09122_04,0.0494048801035919,1.8611053624474605,250.1806508744742,0.6847366791971606,0.9104586508030812,0.7260115404134359,0.6931319140622321,0.790811919760701,6.040005897404848,2.3642426941503736,5327.573996023857,5.882704315681126,0.7295524939483972
09122_05,0.120597192156788,0.2121256472080892,681.0836745812755,0.8732823459313017,0.9096299330943564,0.3034293122104,0.7843474676936205,0.8875088107194073,6.304622914261988,7.429383149796698,4553.42742335003,7.146963288604354,0.3046698796270522
09122_06,0.0994484652498223,1.5245341267298889,380.6247321490288,0.7762491279780563,0.9114201240526518,0.7785549011460131,0.7431925517829258,0.850539436337155,6.1902392863089855,2.962397593246956,6656.993744233669,9.02620644818362,0.7830340019643023
09122_07,0.102464654954438,1.62630637701766,352.7911111111111,0.7196910660900523,0.9098696750669064,0.7624157672393365,0.6921274698013323,0.7976395597527193,5.941219261450869,2.9563756136376096,6825.587278648923,5.297554202377242,0.7701296177463169
09122_08,0.0690752059863943,0.1543377134130279,1198.6060931514696,0.916948283154197,0.9012260435069248,0.4461368219818579,0.8261140010370757,0.8965213154094149,6.467253782563271,10.931893978024348,7599.42635285883,8.022026194853222,0.4492464303639039
09122_09,0.0780699111956634,1.644145850762368,338.1725236748799,0.7645728992888493,0.9114876689918704,0.8128102030063128,0.7398332149462337,0.8354423510009036,6.12553865074031,2.7507710273445105,6432.050141307321,8.588617205005665,0.8192316914655313
09122_10,0.059312825799567,2.3307230557361387,422.8106334841629,0.7787485015371,0.9102109974848672,1.281821690983198,0.7776263227620496,0.8414704224762634,6.40967462933761,2.202367771609217,5178.381809039611,11.228908865402886,1.2919299163862183
09128_01,0.0369319130588058,1.3143949864851197,429.66169634465416,0.8623034510662592,0.8999777419519595,0.9193460149542012,0.8015049477820643,0.8874443417330274,6.170501230059588,4.830763150722381,4008.439919143521,6.223626471760529,0.9275138206315487
09128_02,0.0591664926174034,0.4065281037128495,509.4964773194151,0.8811615858388965,0.8880302888583388,0.3812701530156077,0.7957960087941899,0.8850769865959449,6.081810430028463,8.80163201362377,6155.845340146613,5.808675160349228,0.3845080039358691
09130_01,0.0689047505677858,1.6946760009921482,511.56121129303824,0.7784520293454128,0.9046964540025264,0.959484964210078,0.7656233705386266,0.814530551803184,6.2338765177662445,4.256084082308845,4937.297749774977,6.837473095777314,0.9640422809121456
09130_02,0.1219111801654583,0.6540038243778066,314.32951936674687,0.7736000661279366,0.9054972396078338,0.1882755569980058,0.7244126835903506,0.8078944913813715,6.011816761985526,3.997515630705242,6110.666651080146,7.843456786945151,0.1914392002032216
09132_01,0.0589311086804735,0.4055550703306772,369.39055172413794,0.8738626418860983,0.888800316358608,0.3463173425290365,0.7894586750824969,0.8878231943485488,6.112000966176032,6.446851929621197,6330.196160190616,7.1372698768136384,0.3471137290242115
09132_02,0.0609736570044553,0.0754410229607542,339.3018878309208,0.8666098290954399,0.8894062242426339,0.1607583016037217,0.793704499967419,0.8818402994112713,6.027017734299452,6.427170054208693,5563.678555340629,5.315355724925743,0.1584670472209482
09132_03,0.0336287626272058,1.4245526112776468,335.1595285584769,0.829177661573033,0.9042736632514532,0.9663599692550464,0.7952351977299487,0.8739495449132474,6.151242700854607,3.827056445487736,2894.3125718225697,9.057658133477451,0.9641688344878948
09134_01,0.1143893414978217,9.69720111948847e-05,265.8605449925524,0.8586326881999427,0.8968638418015669,-0.3036151512748933,0.783177240764435,0.8555327280693146,5.948695898283064,4.168875776936845,7041.695685937915,8.117833489681143,-0.3037082055919792
09134_02,0.2501429495239175,-0.3969387554461326,342.4033018626679,0.8731224083320868,0.8951873145734065,-0.2171473661901141,0.7867528184091613,0.8335904795244999,5.678195672648116,6.003867265507791,7675.87609966287,9.744375559834282,-0.2175037410045544
09134_03,0.098001420164628,-0.0080446538778262,416.6035637956128,0.8940564636001014,0.9001421504310858,-0.1172842297704549,0.8086652763681975,0.8996920019782754,6.019235174987833,7.65260365555163,6605.659941041598,6.946276487686555,-0.1208378416052481
09136_01,0.0567262965190517,0.7929519119461773,378.1564661181423,0.8680502817986252,0.9048247601902748,0.2927913996473877,0.7965258982863602,0.8897252136295918,6.146987925317351,4.60532485522945,3479.209710789277,10.008104532657304,0.2975674671622232
09136_04,0.0445970605388663,0.7609267136009568,470.41555002049375,0.8123295062105474,0.9120334594987152,0.1696648208497594,0.7827439776369783,0.8758869126404966,6.366031074543288,3.700933892149954,3463.2870183917303,7.223006252790243,0.1733889920940899
09136_05,0.0233852560243687,1.6883174488198662,385.3330775788576,0.7724420606494643,0.910743565186406,0.9475932771192594,0.7832701262217455,0.867459862840998,6.3456043015473655,2.718871397916111,3094.596788783356,9.06932477335616,0.9493103998643748
09136_06,0.061718911140552,0.2835867020092153,395.7650518636726,0.869605735902889,0.9037720048303493,-0.0425012261905536,0.799573542015957,0.8932884936758098,6.135291389221914,5.925846556774455,3361.73242868546,9.133091363790776,-0.0403770338179181
09138_01,0.0809835941615799,0.3942833931918892,350.31466112108893,0.8445803787299349,0.8993052192627462,-0.1462731557098206,0.7821245171676031,0.8718902049256068,6.07152714455655,4.9967650211975165,4511.539971278124,9.11488090598404,-0.1464359793941683
09138_02,0.0582686245980017,0.9928302533173752,348.1714720486945,0.8269558343623793,0.9048804941900244,0.3835358602822613,0.7920068486934275,0.8726491669323024,6.210600238299829,3.868653528490576,2496.710671836268,9.852076029250712,0.3859890563105338
09138_03,0.0897225056695468,0.4706937288614991,358.0101742138463,0.875243293049376,0.9009540298535506,0.0975862415907063,0.7921510791025448,0.8926037664918737,6.049220419223259,5.061602780693854,5390.319456770203,8.361940666273991,0.0995587392997135
09138_04,0.0942115142559169,0.6862743095032218,350.8717911971768,0.8486926435650712,0.9087856229969632,0.0180884312699079,0.7953999345578318,0.875169221260864,6.1705350799742815,4.12880134330254,4849.383570391872,9.14806188362536,0.0164179489530605
09138_05,0.0872086156636916,0.5366739539145126,474.07445425068926,0.8739558438053653,0.8891916025124432,0.1532009155407169,0.7953098195184828,0.8870371886637876,6.051437232481366,5.009512876549755,6957.356532144023,6.902868323760751,0.1555922873732835
09138_06,0.159414588354795,-0.1023322799912877,276.0259016713909,0.8127903441150558,0.8990723453219879,-0.283430073730565,0.750785148394001,0.8343795129474836,6.04545462113933,5.103005995122432,4159.392550143267,7.605065381327876,-0.2842414420916729
09138_07,0.1202648844788264,-0.0099211328036754,280.5630820792111,0.8251927192315422,0.901601122632618,-0.3604530148545099,0.7625210858629158,0.8587704976124635,6.040819172965147,4.619037763237358,5772.673541047309,10.450210215465228,-0.3688439829552612
09140_01,0.1425777849828754,-0.2016239791866921,409.3029416251751,0.859606168908651,0.8897450975130773,0.09767799465491,0.776955095240866,0.863131788288903,5.856948236278424,9.117674752996743,6059.656475583864,6.45198388239821,0.1005583776504978
09140_02,0.2372451618241556,-0.2456570792857962,434.2164996432006,0.867293268484447,0.8866994884627173,-0.0305640177891205,0.7825111258314321,0.8133836797138245,5.652819051589898,7.640709340166385,6924.502903600464,8.090256052325408,-0.034416258222981
09140_03,0.1127925328561551,0.2625366570330046,291.4299503058104,0.8455192285929997,0.8914072995157124,0.1299566218542783,0.7645834841949297,0.840574415888624,5.875083007134856,4.545122591768191,7178.050259893557,8.798923302951646,0.1292106096278463
09142_01,0.1488613767525315,-0.0249394043914358,307.42029638662814,0.8281464530049096,0.8864080845310418,0.1734267038577575,0.7479533471197346,0.7920413712033422,5.708405086918842,5.098106052598869,7133.982834782258,6.798811903593522,0.1760601430276924
09142_02,0.110345365974803,-0.2985001751802548,293.6379757268002,0.7764999635360386,0.8814887932001844,-0.1778065961951699,0.6997470804691209,0.8138758822213638,5.885145041522798,5.057618904780973,6872.278033293988,5.804953405082072,-0.1758672639113814
09142_03,0.1161801600475652,0.3242984575286077,267.6058161350844,0.7971872794439369,0.888726779842943,0.0925213127463891,0.7261353794164876,0.7989314881402333,5.918392768965886,4.293019563584592,6676.150072629176,5.448247357078534,0.0950386303508509
09142_04,0.1043501298465517,0.1563770632549932,319.4264324888126,0.7950235832458074,0.9003325550260445,0.1281202966196039,0.7267423212901017,0.8151746202310083,5.928380315368461,5.445342140533692,6293.239795600423,6.203327134428281,0.1280927751611403
09142_05,0.110854333048533,-0.218291522501713,334.3426639385892,0.8101442663142664,0.8776098613279322,-0.1014340762417724,0.7266470489122542,0.8275203160867114,5.874229567560335,6.295807921785016,6782.487682528077,6.651178016584165,-0.1072628293631778
09142_06,0.081161642646402,0.5703159194314207,285.995711900425,0.8121668888165139,0.8865284760981522,0.3173267473085487,0.7411719878102684,0.8154698446233363,5.856016888579499,4.008907828577021,7278.467933975128,5.492803185443234,0.3135749379907407
09142_07,0.1155072554801991,-0.1015557578602236,350.9053857836674,0.8403748439272185,0.8931652631087823,-0.0252312771914955,0.7598623614710911,0.8524741556602389,5.999700740861475,6.940179249305092,6464.738144711667,6.11401846656676,-0.0261272488146028
09144_01,0.0669588985411041,0.3097944756614375,266.58416804434506,0.7986759288361105,0.880943199960522,0.2855222607379162,0.7223782962935755,0.8233400278468207,5.914575947410623,4.163099075212232,6894.566995419469,4.330101800772603,0.2839169946070836
09144_02,0.1334148104215194,-0.465253960074789,346.3322562046634,0.8569171372758488,0.8981851310265652,-0.2296999953264864,0.7727262934194832,0.8651343596874385,5.878323916103965,7.703162088850175,6921.653312417039,7.658030927806234,-0.2327368422668501
09144_03,0.0993871651620156,-0.3011628247041585,446.7903858805381,0.8555422308195373,0.8848318068994833,0.1565715029386589,0.768437789252284,0.8323679844299757,5.831678659551398,6.594660173823916,7042.512300233435,4.246104136866492,0.156950384436725
09144_04,0.0798388316739157,0.2089348799169338,338.56804714620165,0.8506732886829889,0.8918567526147321,0.2326553973036917,0.7720536093359432,0.8636151368925993,6.000163927446831,5.864971156137797,6897.953732421294,6.236467840374942,0.2285573902120684
09144_05,0.1120288415846674,-0.1757642332793362,293.4900236726412,0.7955151360116955,0.8834288906666578,0.0913088977514215,0.717025739490638,0.8188055669328439,5.851998950807395,7.04572824313248,6546.547074203944,5.081762948882748,0.0909008374377911
09146_01,0.0773141038662536,0.8239143242938294,427.00133074009625,0.8533801353029073,0.9102651574619938,0.3390017258102615,0.7923165477438046,0.8904644316739808,6.213041401792021,4.774421965682029,3692.909490261086,9.66291390681796,0.3387274793657912
09146_02,0.0810938055301924,0.9309869938413178,390.9803491572067,0.8583988710835339,0.9081738356477712,0.3558737308013542,0.7959512956011394,0.8857176300530544,6.176198816704388,5.24720562328866,4472.00782778865,8.555499722162038,0.3589306182060713
09146_03,0.0677408996172993,0.5053382354548367,463.8834165121916,0.8619015053908986,0.902584698455974,0.3755093756659228,0.7978651038090017,0.8827675376659582,6.26341923980217,6.614633473323136,3211.345104913131,8.906016960234371,0.3769066843315233
09146_04,0.0854809223627185,0.3766252717831727,420.0958064042303,0.825986354332617,0.898613643955823,0.2192161936782298,0.7722446946028956,0.8549395835743259,6.033796383473635,6.3309492829818,4292.901607130325,12.01720761928405,0.2203728858646164
09146_05,0.0726853101261857,0.9771264481548207,414.8604544761324,0.8683368828513529,0.904590341195314,0.4413200671153334,0.8060505522279187,0.8803852811971643,6.20884537139926,5.107897025704599,4502.151982459346,9.107154676756087,0.4388266014196212
09146_06,0.0678835540101061,0.7514045692406117,332.3663412366341,0.8364686744085477,0.8946394272390765,0.5888425535275331,0.7726617392263679,0.8584824727207447,6.079381653585499,5.061858790509162,3740.2341116437296,6.799307418607168,0.5927447283287277
09148_01,0.0850120660861594,0.2477925653802114,418.71034293049695,0.8528436043690737,0.9091985667567484,-0.1052699670348196,0.7871751191674182,0.8794437644429177,6.177399641792244,4.966870825898339,5368.5390738614615,5.680412814438981,-0.1113579253622294
09148_02,0.2432397729137248,-0.6345774244434557,266.9083716592159,0.8291417322037689,0.9013911138349168,-0.4226185757061459,0.7481193969065593,0.8142499657843004,5.854862887811041,5.331792833532996,6325.764738701879,7.275775959787373,-0.4282226536972232
09148_03,0.2022944224138719,-0.2463016547015268,364.35575191268606,0.8255447451698505,0.9104252296124076,-0.2063458373882757,0.7448911544748527,0.8302058580645197,6.023634531760301,6.066003725503809,6125.433570363326,7.565729271443976,-0.2030554957270224
09148_04,0.2267156850779591,-0.5299351117332387,303.37675213675215,0.826803826787065,0.9045204798722456,-0.2553045220260126,0.7442426625408239,0.8282353465137139,5.853605159875718,6.076762641383178,7036.654355038574,7.5907706043984575,-0.2549990528964705
09148_05,0.1964598070833373,-0.3179326471404229,296.93716736032286,0.8145032875736711,0.9017937777856913,-0.2895994032542113,0.7334488887013205,0.8178463574591531,5.781629881062306,5.341461683908715,7293.358586668805,8.139315051107676,-0.2927636789755765
09148_06,0.0952106962342901,0.4798959787147732,473.96059637912674,0.8447910721572471,0.9022922793295228,0.0242241492240625,0.7841783311520054,0.8519110503155702,6.0959810428960965,5.210939196028688,5674.848027354024,5.253372469905678,0.0270077038799675
09148_07,0.1293341158650422,-0.2905233197105599,313.565734833546,0.83318241913235,0.8943566793530272,-0.0807857459574536,0.7490604067369389,0.8284616480008624,5.89740184232496,3.995758734074697,7338.251482609393,4.371530617236807,-0.0823631904807797
09148_08,0.2014412518114873,-0.4829153858920574,294.24064925034634,0.8270890627228056,0.8995868732112996,-0.2776394317800845,0.7423952399942199,0.8226534457703616,5.83001367091731,4.864879321815218,6918.998562960302,7.351415448763774,-0.2800824662882447
09150_01,0.0591957009411894,0.6610026026871956,272.3610927517074,0.8287009980409861,0.8962407364268725,0.3283326719206965,0.7672537039202958,0.8591208109788346,6.068160998631806,4.231885898888035,5710.870819026581,4.719979560340472,0.3311705127068639
09150_02,0.0652283813440838,0.3043152072429845,314.5818933348642,0.8500282629145133,0.8966204776908522,0.1642021977447057,0.76753931145396,0.8675607681304558,5.949682287816631,5.011640730194289,6019.560905119301,5.445125291884203,0.1658341640563844
09150_03,0.0508396642790724,0.881250824852617,361.2513010496604,0.854813226954512,0.8976725431492779,0.4452390745572739,0.7947546587812713,0.877333185946701,6.245486683432315,4.5799672654071815,5572.387750916502,5.178643979194553,0.4511382989861709
09152_01,0.4833855418951436,-0.3935736997045247,533.4957341375077,0.8448026803019868,0.9008321468285369,-0.0346968809751774,0.7635521746583713,0.7887247065486355,5.602848712258649,5.385921087827176,7986.855548469388,15.969386713805529,-0.0351653390001099
09152_02,0.059004383082199,-0.1120951293618035,357.0732603490596,0.8579860389125834,0.9085838540146846,-0.1580002797758835,0.7895320640996704,0.8892766409260742,6.128500103090596,4.822280433171507,5760.798697977215,5.448307156879197,-0.161028299430293
09152_03,0.0334628729337974,0.944182443593492,408.9599970626572,0.8399964623261447,0.9010187510902428,0.499250019999901,0.7939818113374152,0.8836281559211818,6.35381472511315,3.774274231023543,5897.3893330684805,5.967824695540315,0.5040615752049665
09154_01,0.0720036927839423,0.4753799988523353,356.3752170836817,0.8289309113385527,0.90661787900235,0.1787739325178736,0.7546101809928232,0.8647613492380256,6.138228439002019,4.447946751371088,5804.555404773047,5.339808379847988,0.1832593130571226
09154_02,0.0955724520724205,-0.2249195524878871,389.1728821931341,0.8246492360014398,0.9211206465595608,-0.5339716451990357,0.749870736898269,0.8832672862282767,6.20789514967918,4.876876224638547,5548.197857027891,8.94136101313277,-0.5422509268107453
09154_03,0.188258276129054,-0.2858304336297346,305.39295667595644,0.8202798022870118,0.9106766727722913,-0.2034801900978633,0.7383497730888993,0.8285342195662361,5.857949188193669,4.974320555009019,6750.466858090346,8.226537938326521,-0.2043701830325028
09154_04,0.078949576653483,0.3329708195572969,301.1121967818774,0.7635323974571188,0.8909284803729245,0.3609302117737323,0.7102046844955351,0.8094127317349468,6.148073212464344,5.607452460832363,4768.114578306793,5.910445921670445,0.368339702114332
09154_05,0.0849048765162395,0.0656440950804738,394.9439514895274,0.823473565950875,0.8968638296353313,0.1147088095959524,0.7454942256458058,0.8383878012379937,6.064240161476771,6.415525562762993,6745.608204269569,6.008280412957332,0.1125711718828258
09154_06,0.0756677627811517,0.400826738659862,357.02883080606546,0.805771456389278,0.90768145630737,-0.0293382496177084,0.7508162297552647,0.8516303748029878,6.197964874226525,4.541881263147568,5358.521426503234,6.139051118485665,-0.0296130177719508
09154_07,0.0644341841654526,0.2961721573539617,384.5055912271842,0.8107256378464152,0.892260876968582,0.2336521021920737,0.740090762001732,0.8581366351340938,6.238115581438648,5.867515661798377,5050.522534994616,5.093705661809952,0.2355673346602324
09154_08,0.0877341622633494,0.2261575681280575,368.7490200078691,0.8043609410644992,0.8883166137774821,0.0083870490355494,0.7360298166335785,0.8382433694739627,6.082385717733758,5.942012529023157,6442.7978457928975,6.172495775410097,0.0104129925277258
09154_09,0.0471244367987668,2.041865246447068,320.04573834761146,0.694380984569902,0.9012135533024168,1.1094642137227746,0.7106778821927587,0.7880890128431767,6.348929067170277,2.5729874723372177,5349.8944647372855,6.312836134425279,1.115918989042769
09154_10,0.0766707523091524,0.0241035395787789,397.76971803534303,0.7453150215323414,0.9005534731909303,-0.101938337345877,0.6708425840342077,0.8066612355154654,6.298355433979445,6.159336800060624,4906.419408449973,6.696958048337842,-0.10299634170326
09154_11,0.0980176190787523,-0.0189984002963,378.1495699702596,0.7708602729713492,0.8971768143391065,-0.0106937170428227,0.6936586900006548,0.814372504184143,5.885514071467147,6.872491795849681,5501.30485831831,6.163173454099059,-0.0079420730308438
09154_12,0.0651267462535251,0.9186158541665392,348.1052162435504,0.8052545409618782,0.8994336890862306,0.5291598097232294,0.763757458183972,0.846110920149053,6.194570159235043,4.457739521142079,5599.188029050839,6.015485112483908,0.5305261979948441
09156_01,0.1609283427489354,-0.445000097353639,297.5063498317825,0.8015725257008466,0.8933425011772903,-0.2917772264018756,0.7168776853864312,0.7841189921031707,5.801853007912017,4.192915454695023,6731.835139944993,4.874657376566312,-0.2929211972918026
09156_02,0.1490932339325039,-0.5139454758467439,306.20086273246346,0.7408972579024476,0.90399167765242,-0.5430410663893841,0.6691483343311789,0.783122248692421,6.035090477014288,3.704223061160541,6522.088122142325,5.790786027016622,-0.5450916883451322
09156_03,0.0646940352729504,0.7955890494909369,529.1759707960634,0.8083723620124726,0.89931826592052,0.5238557672189158,0.7701276248375503,0.847270460658722,6.354228636354304,5.757238146199769,4775.481858474705,5.595324458304354,0.5258291459756332
09156_04,0.0824615101440547,1.194095441703395,361.3863290804522,0.7294135892607903,0.8946337527766494,0.6305068237924933,0.704988185694554,0.7716545250811359,6.2772981014342815,3.802888819188039,4003.0770411624,4.45947548611082,0.6381116163403858
09156_05,0.1459943891753609,-0.2033850859692169,369.27956124665474,0.8339039825892535,0.9098755928600843,-0.0968229388702769,0.7532209109470139,0.8504888858654559,6.0037104124706415,5.2757448170965855,6541.209056232312,8.212017020466076,-0.0979919277695056
09156_06,0.1350018221029287,-0.8069690495741556,304.7077947090273,0.7500880828849945,0.8867221119319019,-0.6556805947335781,0.6872286325777102,0.8163591250025611,6.09326825088379,3.872278829554022,6906.986000726187,5.559207915854746,-0.664197542904336
09156_07,0.002363688088189,3.765291586611892,344.801621541208,0.5911060405627596,0.906296056662078,2.2383485901676607,0.7149784993441225,0.672942216451162,6.1395104592786325,0.7408103502833793,4887.751263902932,4.156579031071738,2.2531640128774617
09158_01,0.0579172186487597,0.6322397653959907,378.1130412590387,0.8355003317175401,0.898207252074774,0.2830786455751328,0.7666403573564337,0.8729478174948413,6.259542802013356,4.793386376410023,5625.30059811878,6.311203507274625,0.284422900431248
09158_02,0.0579615719899208,0.3756641472590177,380.38821375642925,0.8285687908116438,0.9062849655427648,0.1295555148021506,0.7682498527638276,0.8678090412791185,6.251022256595251,4.958116481058208,5211.137559777354,6.423298748156556,0.1243576679584105
09158_03,0.2338223366122444,-0.5266405832016244,417.8226553490746,0.8053535545479511,0.8964481090676649,-0.3046755040115706,0.7190282764092447,0.8146765147544671,5.9260136247074175,6.1541903468334125,7161.080835459184,6.459704026110607,-0.3094262051055239
09158_04,0.0694839010870003,-0.2244603698615421,308.16331804380127,0.8190602608901217,0.9045966335295528,-0.2127851878157298,0.7449527568006125,0.8505545920257354,5.986161917950843,4.4481312409948375,5800.020080141479,4.975565613745978,-0.2136689743441694
09158_05,0.0387231988107825,2.2535924507277905,295.82833727651894,0.6969400644170238,0.8933190097445647,1.4661393930050932,0.7078526551417499,0.7755651822743291,6.35038588874922,2.5525345150315086,5252.144784389304,5.006040214549099,1.488615100541893
09158_06,0.068246933045692,0.3326217267927517,339.28573087193774,0.844717094434723,0.8947185973351389,0.3393249786836358,0.7684242201189723,0.8637563141628087,6.066272499742287,5.598001339283128,5885.525213995414,4.89358164932062,0.3392082144189681
09160_01,0.0640575536122256,1.1961723829392874,267.98960242810347,0.6082639215036794,0.8739265536617936,0.2701083778709413,0.6140344867277909,0.6480718379469608,6.2309997726464,1.2383372444891,7976.984170987197,5.867358374097076,0.2745899653222161
09160_02,0.1940811943175561,-0.8294538044407188,250.38145146685983,0.7640633019765886,0.8969545845333528,-0.582585591296758,0.6822846874320684,0.7729983735569373,5.710125084910001,4.333853562246992,6686.597766031714,6.0434546863164655,-0.5864298748225831
09160_03,0.0960650007404342,0.9101872493783671,227.79758287051592,0.761607303916427,0.8966517528954694,0.1875563984496834,0.7252488744831906,0.7757637594219446,5.91754835606934,3.2710201121037867,6638.1270850380815,6.292356696133634,0.1921292769870012
09160_04,0.1665061443197328,-0.7156770820359448,247.21459528362013,0.7790086603500915,0.8987827371603355,-0.4759617852685557,0.6964577491040262,0.7770659430311538,5.748008775005304,4.377774319750529,6819.731160489887,5.744624513034802,-0.476488786327768
09160_05,0.2044694153957505,-0.957418582373451,361.9908388390115,0.7553208223104046,0.9074742599556505,-0.8049227094788856,0.6720771582705503,0.7999078144152717,5.983335056098575,4.9372574121003225,6132.052018222269,7.834281767716029,-0.8142211250796343
09160_06,0.0600358590685445,0.4151483452097861,353.6609041944492,0.8253990527514132,0.8888752984284937,0.374845308761587,0.7554094355681735,0.8537318534764622,6.110038000933553,5.714181618255173,5150.282836252696,4.108339659690133,0.3822823683332524
09160_07,0.1025132524152837,-0.0863814308414938,449.29601949189663,0.8140619200680881,0.9063848710254028,-0.084325565687168,0.7354435866437243,0.8613377271282128,6.167813989963507,7.310284269446377,5067.43724359973,7.325890585702625,-0.089433788476323
09160_08,0.0926943506482393,0.7584394281949338,484.3484053355863,0.8082758525398804,0.8936113724392294,0.3754625606156987,0.7638007382127806,0.8205404045756143,6.057366035360907,4.747422486699919,6053.209766669741,5.306792742491621,0.3818484057593991
09160_09,0.0928027970549581,0.481168388919387,306.36938076295155,0.8260834550722733,0.9066586175521356,-0.0019798268240575,0.7675870178616235,0.8471686155762872,6.091171361266805,4.324012952206787,5633.046839182323,5.883748098188529,0.00029423283609
09160_10,0.1010312276629964,0.659408395083991,263.6369886858138,0.7685906964601652,0.8928620302624264,0.0416620958259626,0.7247385309452219,0.7960661179161624,6.0297520625549925,3.04385959868746,6566.074199092961,5.658298324050477,0.0423994984543463
09160_11,0.0736331046072288,0.5490669849645622,414.7151123264492,0.8274834658536642,0.8976998982362118,0.158479149042011,0.7776704810480738,0.8617818752298431,6.132813713831515,5.328694011673892,6227.995362233939,6.126996778050078,0.1599318210639165
09160_12,0.0681431632284493,0.5510147495025449,298.9436390959183,0.7911205483795701,0.8929063878821115,0.2771788761584856,0.7367003687084115,0.834058556296539,6.024841648924625,4.476302073777776,6324.601301071746,7.692747584639873,0.2766781564647851
09162_01,0.2570624558543701,-0.5492868250584793,466.9985433746425,0.822298755019918,0.895359971469725,-0.2689547211053585,0.7373764003951426,0.8110827839232801,5.828223948523599,5.4409982230367415,7532.915457589285,7.330818168225077,-0.2709833312860202
09162_02,0.1211028317654305,-0.2745045433769506,303.9266621893889,0.8028387382319685,0.8858259320383179,-0.1958720013880009,0.7192876643777771,0.7963473050677412,5.842010064288577,4.462067823944309,7262.889313206038,5.495371129879587,-0.1960635052976167
09162_03,0.0979060032964942,-0.1985584180007777,316.9277427908518,0.8145338942777391,0.8885289564002846,-0.1003785891707545,0.7290091730333503,0.8202858708613023,5.878232953975012,4.877659239732965,7017.67824,5.418335759295855,-0.1023751543724979
09162_04,0.0946789615844728,-0.4265462030717943,314.59895081404824,0.8207031902834487,0.8952194169449486,-0.2024903818001101,0.7340193244309632,0.8311016032840014,5.839108889046341,4.213859317083955,7138.782585289016,4.822379666351779,-0.2042738255483676
09164_01,0.0716720431788138,1.3905168234759056,236.36486380159567,0.7821691862301661,0.8941936215033536,0.7396062419397836,0.7495566987640493,0.8037183423950564,5.888768283753937,3.401955119112876,6542.247256964826,6.170908688185604,0.743937731206243
09164_02,0.0938157546755275,0.3016384662487455,268.4759442816215,0.8152144207622277,0.8923456103904349,0.1534110009940685,0.7527030921821553,0.8255113809202497,5.9848620926300224,4.234230892447164,7096.357824823578,6.591163110905367,0.1541053898882186
09164_03,0.0727028215625241,1.3020469482189594,254.29829377627968,0.7762837416631805,0.8906789897361604,0.5954499521355076,0.7384521817570247,0.7959441308429333,5.948055680976205,3.139666051794188,6813.363341197862,5.1469928664677695,0.6058703683103649
09164_04,0.0806490120951134,0.6141252274722662,343.1160117302053,0.8216641125864158,0.8927598102390044,0.5047647308992737,0.7558806769827037,0.847089586352886,6.173038984814787,5.644820563251288,4478.450112011029,5.080777134169546,0.508778553051313
09164_05,0.1578704888918571,0.4981903511438897,696.1054226946167,0.829540997452033,0.9129175506436792,0.1081680998095329,0.7747206851403777,0.8547704573959664,6.195227715787857,4.207839685369355,5770.404992308074,6.262651046847491,0.1088692116947648
09164_06,0.1201831329136406,0.095428734631208,470.70648047274767,0.8392871428116038,0.9001198280237191,-0.1465559155353807,0.7628041997988838,0.8610945422408951,6.185729115925309,6.771718247745018,4662.2386307643255,7.019191297170163,-0.1464316512126245
09164_07,0.0948052727113141,-0.0715925838218201,381.5486986220705,0.7854472288490991,0.8847546248900903,0.1157365883328462,0.7105930729857405,0.8257010962979875,6.213331825603086,6.587159023566948,4388.112019623875,4.72283846044104,0.1208778993869001
09164_08,0.1110536223302553,0.3116518381970097,293.65721379065747,0.7979904495277531,0.8933681499771103,0.2196970828996224,0.7304960918382877,0.8093156844537437,5.905126780538941,4.464534391592059,5826.493987907883,4.389750243580634,0.2202901363585871
09166_01,0.3843481929793255,-0.4595612634963338,438.80488499383046,0.8128073561313256,0.9006166970616026,-0.2754181333354927,0.7278092960995786,0.7868376956691775,5.695850976686831,4.604385957739066,7799.299490662139,7.625162597574875,-0.2776547994144689
09166_02,0.1018890421364178,0.6418433850566088,250.9819868213723,0.7949472566946795,0.8933117812388507,0.4887197400474733,0.7435466061704971,0.8135948007898846,5.997128200298581,4.012098093718178,6766.590338246935,5.655314792716387,0.4966011144317383
09166_03,0.0916409730267832,0.8971262499478191,365.67014638591206,0.7715905668878618,0.9043320265656964,0.5610117555443446,0.73981835715457,0.8194941032768223,6.119522651800973,4.04155828064243,5310.6256911073215,6.844124371374811,0.5634630717722128
09166_04,0.2835649907986591,-0.4930688089397313,451.6326719932968,0.8151499893373875,0.8918159514537733,-0.1790072449030081,0.7306912884868854,0.7677665480838567,5.549685581558615,3.375967749582188,6900.821707589285,7.690432159875975,-0.1800714528796356
09166_05,0.2942891847700627,-0.357178918673997,499.1557105275447,0.818399906056127,0.8914286590925015,-0.1067821745578849,0.732152572947192,0.777189305194442,5.692020022377069,5.077152419154814,7457.873883928572,5.708239793303011,-0.1091479139261405
09166_06,0.1074893396420244,0.3288793878256444,339.6411580858271,0.8258101530017087,0.8888598730417476,0.1566719392599421,0.7513622883443969,0.8347933132199281,5.972713868922571,4.473825434389996,7479.642147803659,7.1032746368267405,0.1561084306825726
09166_07,0.077753450241729,0.4085039646592059,293.3473042866947,0.8242298728384428,0.8880282859945958,0.2030673674028569,0.7530026283243884,0.840053302375188,5.990388388053187,4.553121786150177,7101.224389238223,3.999071223452522,0.2051731169260583
09166_08,0.1134790707984274,-0.0079740560778436,279.76453400663775,0.8198298894844315,0.8874075972437143,0.1191564085255354,0.748225866904575,0.8312971149318686,5.848874191641424,6.082357128407276,6820.992208165023,8.301687619040685,0.1125075943169647
09168_01,0.085648883640633,0.8288800251062206,352.37896892094244,0.8387175441248409,0.900220267859981,0.4235837842345128,0.7843518466546731,0.8652622982259531,6.122672893150175,4.1571202872375,6263.2978702946975,8.605846921542124,0.4211083388256548
09168_02,0.0802595767887667,0.8309365840261181,373.38374024248463,0.7949670777006215,0.8951242339957184,0.5300665669526206,0.7516599256584329,0.8309927848932477,6.078772704267826,4.5877951124762895,6251.937803965582,6.200680768695657,0.5317082915780433
09168_03,0.1133958589617796,0.6108513756542827,437.6256656959439,0.836882715900497,0.894541372665964,0.4952383095572171,0.7780781779962945,0.8511409917873446,6.053861941763401,5.553264916313165,6020.01169345446,4.839486482583602,0.4997720662768539
09168_04,0.0923745022003692,0.3731850697302355,379.9766358568075,0.8307071071881004,0.8959759350595905,0.306639037912711,0.761056484197461,0.8456431473901551,6.116712095269965,6.158313343567235,5785.483279498385,6.893035866278431,0.3091563077781824
09168_05,0.1202622649759345,-0.0156598810376238,476.4941291585127,0.8352699623741927,0.8882936946010087,0.1546265150284698,0.7593748960968427,0.8499147810189244,6.176569068555679,8.595002737187915,4241.785863303752,6.205095256343791,0.1546691107962742
09168_06,0.085773308736414,0.2779693358524235,426.1931484370252,0.8569649433733875,0.8858280105073231,0.1973510428570383,0.7722755931622347,0.8382164531066575,6.06650504096902,6.47567775731511,5971.010616168137,6.166012500879207,0.1973982212951832
09170_01,0.0805888780833228,0.1434186377049057,367.9785635511442,0.8490413582265851,0.8992881647015852,0.1202299238083854,0.7869856801890208,0.8793902566383061,6.1702790266636125,6.1580957568177634,4643.947194719472,7.970974450138131,0.1163197732015743
09170_02,0.1377759491202364,-0.1498203750905,337.16171037217265,0.86891038100361,0.9000518309155787,-0.1462691100557823,0.7944859691191942,0.8904662459077776,6.052574725792684,6.857867911940311,3796.722416023204,12.388736677105706,-0.1458132986716138
09170_03,0.1804537500599662,-0.5256767633978675,295.9768373389063,0.8614085922031436,0.8968267289629962,-0.2382786004289767,0.7827392062378585,0.8671321613420042,5.885490107295293,6.751646540545477,6126.670281702817,7.122361963512381,-0.2402568618533885
09170_05,0.0737170861858326,0.7112902303361079,362.3962234868081,0.8435047617837385,0.8984234910642263,0.5795456288325865,0.7863724031521532,0.8759229349177139,6.141860863125512,5.7568911132453175,3504.6308798107543,11.349698235513154,0.5838972243071345
09172_01,0.1914292938515433,-0.0381802337135008,327.89003879438974,0.8605906537764659,0.8884339764160191,0.2045694380139288,0.778894485052453,0.8390383543105707,5.771305712082476,6.805126932456021,6643.682602636939,9.304553747197808,0.2051383562840666
09172_02,0.1421192113535655,-0.9263038021521032,311.18951119621295,0.7671691297007797,0.8724622957081648,-0.2740610529162227,0.7180069778958603,0.8038794987473769,5.975526161503371,6.1522412648723765,6411.726411275922,4.400024983823148,-0.2760601106934512
09172_03,0.1839774221161724,0.6174798710220941,309.1918750284647,0.8447942023174114,0.8870141052444092,0.497480862745538,0.7779828919556203,0.8029810452918719,5.915555888728693,5.986529618090033,6175.3861887448975,7.404088970471786,0.5001670114017065
09174_01,0.1103651818495533,1.9132747018971965,347.5892848951883,0.8053865324450342,0.907382963322168,0.9020975180097854,0.7813205105710904,0.8024253170738506,6.06548524005223,3.49393873130955,4524.078670909899,13.288141027910813,0.9066637298099774
09174_02,0.1808835937593495,0.3332040106871924,290.25865534232366,0.8060257405361256,0.8911974568890304,0.0983575696326026,0.7372904599810786,0.7640333044243394,5.872938353775529,3.910731090991541,6858.236072408118,9.763923825320225,0.0984896608818852
09174_03,0.0903655125491887,1.752886438284076,314.8997959646339,0.8117635261320252,0.9088396839652676,0.8291176187370836,0.7813234989410291,0.8146487335680007,6.033840331484726,3.100805479581482,3677.1711590296495,14.940446124678209,0.8333996634667423
09174_04,0.1856708243317699,0.520163114468051,319.0363104184796,0.8301317538596681,0.8971419284067067,0.2985806292053156,0.770794070643666,0.8059434813452883,5.921337234674251,4.4340097893695365,3157.311997334983,8.689252556697657,0.301202899838992
09174_05,0.0979672300160291,1.7539590825251523,332.3755182776066,0.8230874135675145,0.9107875984908388,0.7202859471781232,0.7915337723929917,0.8447072036826218,6.070620521872772,3.130636014215134,2767.91316982448,12.894377516430662,0.7216027002705895
09176_01,0.1743363818831725,0.1753988820861818,272.3013625518021,0.8080839686100248,0.8869441501449745,0.1282103045229795,0.7543829316456727,0.8122714518893748,5.937124696769729,3.7439862369929866,6770.915769101312,8.472216578910698,0.1255056569776665
09176_02,0.1393154297305484,-0.0201434830566827,310.7019914651494,0.7987942783759509,0.8912590771777391,0.0329377532660572,0.7451762882019485,0.8162404006758737,5.951880501720802,4.333588496762722,5655.418060440744,5.067570819559945,0.0288434529045442
09176_03,0.1699326621072673,-0.6487305862190751,282.7258244905753,0.8129199869975775,0.8932411328864902,-0.4321802819341213,0.7290639906476644,0.7946825931339078,5.697235700385887,3.936861507348316,6582.223223542547,5.0354941056051805,-0.4367308518828644
09178_01,0.0923058412131593,0.6833716138992891,324.41194819926267,0.8252449019723,0.909904782050077,0.2746382216537726,0.771531486156025,0.8648489766662542,6.235963807593223,4.973292347519635,4170.433292883146,8.99762713340406,0.2769168079050549
09178_02,0.0701409116576993,1.2612183289033532,354.625724724878,0.8282223601741449,0.9051759500184042,0.5926340330197549,0.7937229817087544,0.867254687546834,6.137227778495933,2.9452652398222456,4610.658536585366,7.36412348183724,0.5998283614983572
09178_03,0.1008092812406721,-0.1904560213674261,389.45234741014974,0.8693433691275426,0.9111194196023076,-0.2038242904232366,0.7961729333285544,0.8915301542827782,6.226848890007544,6.06195536694548,2683.491432198012,7.584693647003164,-0.2051739250190709
09178_04,0.1005443482926393,0.3105554532177913,299.19061540710425,0.8283389735267407,0.9012889609630198,-0.4057349535056243,0.7716114733149515,0.8700647309192246,6.09127366040706,3.7233099853335614,5711.724870707615,7.460882771352304,-0.4022509182314086
09178_06,0.1052516134612735,0.4603607088534229,395.9991284947361,0.8364944104705222,0.9131287325588184,0.0873394723941684,0.7738797014570897,0.8707399226094201,6.254080159169504,4.2825621218291,5482.686457965023,7.748875809624863,0.0855551699801613
09178_07,0.0605518918919296,0.5917994338729301,485.8928926088807,0.8627698721579845,0.9092075259582644,0.1548860303154715,0.8039137670718063,0.8893211636698176,6.207602470175499,5.486856973368049,3916.7156583212895,7.741273737881259,0.1558646785032415
09178_08,0.0509509699634048,0.3770647080178695,470.1421460986679,0.8429199561139735,0.9057390873425278,-0.014006237348086,0.7957045052947108,0.8810896071081763,6.237141756773035,5.168374293138877,2428.3116143877924,7.129517887418067,-0.0023699974596314
09180_01,0.0697816245515602,0.3482456644151804,298.0243894323551,0.8481013492634347,0.903738396484872,0.0942203484863932,0.7738051016218694,0.8687504082698013,6.00551212552079,4.690642165412123,6241.10991631522,4.634889654856987,0.0922044903874904
09180_02,0.0625559104693992,0.0783008126586089,302.98324287545296,0.8532805724978961,0.908121932416995,-0.1087935080885124,0.7793728376201631,0.8743440134737589,6.025511263885136,4.972361366575482,6349.474424414723,5.63909609234763,-0.1110979518621165
09180_03,0.0793348437450734,0.2452802459014315,272.44756508422665,0.8514519791324673,0.9021989689958012,-0.1267041997553445,0.7781103056962273,0.8658782892309302,5.960427687572363,4.373862525463977,6766.32860830195,6.471918834859871,-0.1269882697455902
09182_01,0.1232930120955988,-0.6470041742872653,320.0671505530489,0.7697229835635155,0.8643973840373554,-0.078630378971879,0.7007945147886874,0.8121470322743414,5.958473027564708,5.870906868090029,6938.785379701916,4.30548073924661,-0.0804720516298512
09182_02,0.0386396987219277,2.1200961133060447,314.25737771877874,0.719109786036556,0.9015140504445436,1.4411594354642887,0.7466866802146249,0.7965956810763803,6.33980130745954,2.2143012824204438,5040.125946317963,5.207779124275504,1.4507152326502597
09182_03,0.1498828479291729,-0.2731432109299807,342.2836049373147,0.8054623389322856,0.8996528177452057,-0.1794496618517039,0.7315195565455397,0.8501461382085433,6.16253551751835,5.747216866583552,6208.041596989967,6.842705535299015,-0.177976261266138
09182_04,0.1281871718368523,-0.5262977929429005,375.0167362363878,0.7691904209343872,0.874656856169114,-0.3585698927322461,0.6974463042868915,0.8076966992467428,6.043533445590477,6.358549938105878,6022.392072230786,4.426890489541821,-0.3625594807355341
09182_05,0.0453367156868247,1.5545352888795376,412.19683788078754,0.7466272265534506,0.8939233797149513,1.4429761147007536,0.7392514392349512,0.803600097135797,6.404547174544786,3.523055379862308,4914.42953290382,4.776869729743257,1.4611338184100295
09182_07,0.1098438725408492,0.4000439175768154,352.10371890228265,0.8401880793453735,0.8931252912759436,0.0036752391785607,0.7711451823326949,0.8502014081762534,6.108941594235751,5.505487573066408,6341.435111499782,7.129540507484143,0.003223165893462
09185_01,0.0771664714327832,0.1555776553734572,513.2013124615489,0.8158753699427288,0.8816969339711529,-0.0413065469363067,0.7638044233936095,0.8646602616022423,6.128348178400532,5.432916907532505,6426.675610859728,5.038367067191874,-0.0359004416310998
09185_02,0.1474474897203142,-3.5524169830747327,400.7548071452953,0.7536394151338442,0.8497673685483,-2.651283046329274,0.6973702314922576,0.8067656938794402,6.084941405208982,4.257394571770519,11791.40421537157,2.9422022386474493,-2.8077307878057365
09185_03,0.0843232182068481,-0.842893922256264,381.6395225568338,0.7842197678661953,0.8689226577426373,-0.5060741626646379,0.7514985964154982,0.8301604435565179,6.198714626195783,5.673282651918937,6391.692580944408,3.4925273558069687,-0.5453126011274365
09187_02,0.1384516732988188,0.5877864539532908,330.28572767093766,0.8178544583196099,0.9061768828705252,0.2849042984437316,0.7681907310450036,0.8447850048052723,6.118778082093943,3.9309034739577298,4189.466452304395,10.468174931323237,0.2882702814810514
09187_03,0.1224382509738207,0.0490338974769422,487.7253805899144,0.8408272343692292,0.9029809250521328,-0.0803927920556416,0.7875414813346145,0.852633519758676,6.114152874082675,5.1936532108677245,4709.733964043045,6.407763963332807,-0.0828733578511756
09187_05,0.0823129269234472,0.335331204413943,317.229098859599,0.8307499235048043,0.8993673693457134,0.3955034426059969,0.7719471075691796,0.8572525465854529,6.039135655416916,5.671343635963477,3227.4810058374496,7.517369539606031,0.3985157412359191
09189_01,0.3106952841944021,-0.3538903759230646,479.06465754285625,0.7842550356896744,0.8870180557433421,-0.063229618490512,0.6955224889128696,0.7183587894440832,5.537494079426214,4.2877459802429065,7153.38243676878,4.024576458446651,-0.0626846915484676
09189_02,0.3750761641582135,-0.3694090216883417,464.93816135820254,0.8222500762002821,0.8973440999971282,-0.0970998838114403,0.7374720759313586,0.7686979763632318,5.533390834399674,3.525395777474776,7196.299796707458,7.013825257091368,-0.0976013858598799
09189_03,0.1681049652967609,-0.1556430877460611,337.4023273087398,0.8354827666072241,0.893280320356666,0.0589646984389633,0.757666825101839,0.8350077079132076,5.932962472663082,5.71631274846906,6834.125910467305,8.156534147827294,0.0605263666270328
09189_04,0.185140089654585,-0.2357445012089273,345.56531846260333,0.808839063486183,0.8837673504146861,-0.0079846240236841,0.7285591705224912,0.7999004761217504,5.8650163561335695,5.802137514095277,7244.700621420739,7.411183795515578,-0.0062253491389042
09191_01,0.0761856372664032,0.1382183216178029,301.76719250077167,0.8719920353019026,0.8966517138910928,0.0996083907364313,0.7938516914091026,0.8846986022918865,6.0666364680993565,6.062481676062411,5859.729274458384,6.816889011231583,0.0934935269706457
09191_02,0.0596577324168218,0.447494973220355,364.4686265242461,0.8544312109946046,0.8967139857593711,0.1892919774960263,0.7892470321654611,0.8763860849016749,6.06029383719176,4.685115656198825,5599.962921083627,6.203934564348151,0.1947150320703536
09193_01,0.1156405226446492,0.2107999509219793,240.7836103079025,0.8147416022503232,0.8968062763788545,-0.1070992398517762,0.7545608732517294,0.8184102096386253,5.941181741161705,4.3751730952205925,5973.385453895639,5.636561838188392,-0.1067415422532429
09193_02,0.0537683782208212,1.3594093509482503,324.1814866082218,0.7773544939637267,0.8905575445006717,0.8882259959763634,0.749545188443031,0.8232674226538136,6.16402702715366,3.941978005259682,4820.205119414924,4.624954346288507,0.8957196476682082
09193_03,0.0734448774857227,0.9637436783226486,331.01902428854373,0.7854621025784981,0.8874253935109706,0.8154653746775953,0.7440615133028595,0.8368996540217447,6.221290339444276,5.692467173748319,4576.559154651392,5.578937344532698,0.827679313851547
09193_04,0.1059676765210246,0.4513809187800588,234.43435344003612,0.7974926368531917,0.89539481832487,0.1050204255602351,0.7468566618676212,0.818389805503212,5.930105905790704,4.607229502497419,6258.6519376334345,6.3009023315531705,0.1024572824877021
09193_05,0.0738004035190347,0.6704061689889224,246.50358928043104,0.8104583905608737,0.8954349754460499,0.340934423774088,0.7549559839710893,0.8439250642954944,5.905694783423199,3.75644467833884,6499.272293658644,5.526444248896366,0.3454817198511335
09193_06,0.0843888167888684,0.3229672284486448,277.28017020928377,0.8233399653694925,0.9006621294773534,-0.0667637573752228,0.7649780452304908,0.8671062461183537,6.119032340141845,3.801739372818097,6562.75313059034,7.602050382244708,-0.062383152447089
09195_01,0.1014791249224464,0.7028044627267754,248.8401683051209,0.7990510217714768,0.8987186690446641,0.0461517503295451,0.7460246634686314,0.8144961338996151,5.951172126333539,2.679158952587922,6999.882544894818,7.127701479722245,0.0466875294083695
09195_02,0.0305382127639754,2.5548933071700706,269.47211856556834,0.7604918864827552,0.9053213256197682,1.601550083544622,0.7676268781751087,0.8304513958420638,6.288646216431116,2.131752582807501,5616.547888396762,6.9900508153404,1.610267398583831
09195_03,0.0586738796446254,0.941866203108374,371.0780868400009,0.8149020514500577,0.905776243635936,0.5489834455179883,0.7617661743172892,0.8737541636817857,6.297802549499521,4.0598324043866345,5436.790165175313,6.117491062520653,0.5529273274979166
09195_04,0.0828125531816849,1.0452959170764011,341.7351047962948,0.822370209466907,0.8988020919178888,0.4572038323031088,0.779565884070603,0.8420180973066249,6.21301413017428,3.186299341526293,6455.620418069007,3.478634837815165,0.4599474817881226
09195_05,0.0914023313487011,0.2915478829272563,276.5525223773106,0.8294943109450631,0.900995768968054,-0.0767416790565518,0.7756854559859973,0.8583054163788901,6.100390619894502,3.701264568172759,5985.677407593091,5.291082950436144,-0.0677433977067657
09195_06,0.0877285325803964,-0.0945620434896797,249.67547079202828,0.8061766932483374,0.9054087249517294,-0.3970122259011783,0.7529884010418144,0.845130544798716,6.101007075005112,3.5695946506550102,6334.0647668393785,6.246741853611605,-0.4018958358719648
09195_07,0.0717584333364346,0.5812006710679187,495.3220410481058,0.8262009772099689,0.9022233957421584,0.0778055475804551,0.7818380995492631,0.8698323924158089,6.172767099775668,4.091670191102817,6240.417325558411,5.517211486470523,0.0847716899826811
09197_01,0.0666343026203224,0.880506174408486,456.095995943284,0.850850686362169,0.8977893757662655,0.5055413569983395,0.7951778265394037,0.865445201128121,6.167727331145775,4.505632829267266,5309.811548288196,6.466324145556269,0.5105037821365452
09197_03,0.1075155087974267,-0.2352934340731013,342.7138290688077,0.8657995208232105,0.9241986152417576,-0.3984369970162426,0.7862801742794161,0.8967307013918143,6.079577626632674,5.19860675757897,5337.36091492578,7.38167755069588,-0.3975386549915716
09197_04,0.0642848487986488,0.4962014569894921,315.5029240718719,0.8425977542072812,0.8970361042761629,0.2726496299926796,0.7742128409882354,0.8654399964076661,5.994079583860247,4.8792019664483,5480.752175594663,6.025909079849037,0.2635351483410008
09197_05,0.1409722146076406,-0.2958530480914954,266.5776754520133,0.8445386634114038,0.9128875060142004,-0.3739391682021876,0.7782553306960657,0.8718268331552301,6.064111751220519,4.127333066814224,6529.304783521048,6.225994163234542,-0.3830655353113034
09197_06,0.0609531213936122,0.8568094358991869,341.5810636031649,0.8319031917728611,0.8887106989638945,0.6211908026955548,0.7698263399546043,0.8538771214686495,6.134261721189124,4.578364145023409,5120.725725777343,5.320496066176293,0.6269745215584974
09197_07,0.0818487262226837,-0.0757177208451405,390.36302707394105,0.8501141140559266,0.8952038992140839,0.0193749377496098,0.7824898848729351,0.861754171300326,6.109576551110925,5.537503078555844,5316.174421587237,4.456439786434316,0.0165011045160471
09197_08,0.0224780048423947,3.087479593260864,325.1718878078335,0.6658768605075955,0.9091545500757856,1.73871146724416,0.7605248800350207,0.746489660806509,6.357051698272182,1.0890668219898705,5020.46537831641,3.848736892083936,1.751344784789222
09199_01,0.0730489394126391,-0.1151166839529963,301.662162887668,0.8328781602784291,0.8981965798728372,-0.1843927517239952,0.7552688717620324,0.8495790259247468,5.972803181338056,4.314386254734663,6176.66214106012,6.641951408545905,-0.1870816543552304
09199_02,0.1013113753197225,-0.0841326649208198,286.1015197218006,0.8212323948865112,0.8982092485345288,-0.0630616904365996,0.7459648555102233,0.8250908773494606,5.880030934912385,4.614608891575978,6336.405976443526,3.469559174694372,-0.0674948163003037
09199_03,0.0705022185936825,0.070807387198107,285.700344855241,0.8456133264887449,0.9070210220233954,0.0275358073911985,0.7756519312052459,0.8610083025890631,5.994044587226262,4.330944002554949,6581.213831212324,4.914468311376382,0.0250355301059895
09201_01,0.1843369025596815,-0.2964798046626923,326.82084690553745,0.8595964828114314,0.9075607549957002,-0.143900360938172,0.7766849602051261,0.844291542876739,5.873792648835442,4.087835554922963,6758.228196945063,5.690034677262027,-0.1428743701978693
09201_02,0.0684130884714011,0.2517473176060542,271.36740916677365,0.8132255892803277,0.9008582044233592,0.0296397812107933,0.7495775821255809,0.8543732897365911,6.005301330991875,3.5460878017757285,6724.273557894737,5.920730889276476,0.027253840502843
09201_03,0.0740394395933328,0.019943842564423,324.05959102339045,0.8277173474454947,0.9056013333461018,-0.1842945371010167,0.7546692514053044,0.858285178053462,6.108063697202772,4.051247591087913,6705.374556225448,5.3369048287641885,-0.1841893122779951
09203_01,0.0749558915680835,0.0400321515582394,253.3186020895224,0.8226405727156094,0.9053405997769892,-0.273282772355513,0.7570613460988689,0.844683398452633,5.974124801765305,3.6127792007616826,6427.201576576576,6.704111240870736,-0.2777178162575913
09203_02,0.1124347387009474,-0.2874798567042654,309.0837159712844,0.7586080669562822,0.903169455114989,-0.3116990152101766,0.6843462810375386,0.8050806149452352,6.061799243154245,4.647615736013309,6101.706771185885,6.837787693287671,-0.3176307842223779
09203_03,0.074477946886201,-0.3407577156255023,313.61733053808524,0.829272639838664,0.9062738148426224,-0.4432331862792048,0.7546787473465639,0.8510068650088227,6.085735877544538,3.72422083240728,6109.864378364069,6.468413705142172,-0.4465020956849022
09203_04,0.1103804063890597,-0.487517992849711,282.3859318234521,0.7455125356124789,0.9041112171301204,-0.470699302302496,0.6608725866569333,0.7904474241885202,5.88119259179692,3.781644798849848,6605.108469041738,3.928651634003859,-0.474342634911327
09203_05,0.1430523472591197,-0.4602434069422884,324.5737459835773,0.756792124739035,0.8946906099825574,-0.1843724846344081,0.6698075565189493,0.7887432312798542,5.869757153072452,5.304535734776772,5895.199473007992,8.259976658531633,-0.1843379132870382
09203_06,0.1633141197162564,-0.2861902626836252,314.8129631238596,0.7876201222769601,0.8950414410034682,-0.1458629802624272,0.7006152164145147,0.8013706382726513,5.951795415144917,3.92215440398299,6624.076328541108,5.137763083851198,-0.1466844988659732
09203_07,0.0649439808809557,0.6783531515050666,331.8590604026846,0.7973621514639505,0.8993252874312401,0.2776041577485834,0.7386096762929338,0.8379278100227259,6.242845044433469,3.32568508306386,6581.502407250071,5.508771476030955,0.277797125718159
09205_01,0.0401080843064011,1.3412066356127457,319.29456507080243,0.7741698135991266,0.9007619307344736,0.7998640393840377,0.7727475737856835,0.8387152009496094,6.2664800441078015,2.3020627296797707,5344.287358891249,4.298878555336323,0.800526512297879
09205_02,0.0588937350397479,0.1137803874222092,281.6839892394577,0.8085855804781745,0.8933757519076403,-0.1140615815641105,0.7522712185978384,0.839691157104275,6.087185464500945,4.409357010201438,5936.708545003075,4.83050911029989,-0.1203488083455302
09205_03,0.0577318486002553,0.557539425101839,380.7804495966163,0.841240948131874,0.89903317926884,0.1213238810972989,0.7920159937725761,0.8697102308240224,6.214466396035736,3.975899939968991,5478.778367387423,5.386084377746791,0.1242686080176294
09205_04,0.0563422876733332,0.1607376167545929,347.9445196907093,0.841070396356644,0.9085360463330312,0.011189904471286,0.7729257689495822,0.872615192049775,6.250708734738276,4.562422520762526,5697.767069784952,5.428212636195681,0.012457775105065
09205_05,0.0603162040811672,0.2671224758287215,271.49254438889847,0.8129768431070845,0.9076251063666072,-0.2286791048907749,0.7618567370116248,0.8604789114968941,6.063225756677968,3.110022305101644,6540.656016786,6.0818499179316685,-0.2210655890977274
09207_01,0.0670363293430177,0.5323425235559104,318.4642068978096,0.8556192369745129,0.9031289468197674,0.1830801166670387,0.7826261491378226,0.8698264145051341,6.107765985548925,3.735715712283433,6302.984636075588,5.40238905220434,0.1797090849209817
09207_02,0.1506771631916991,-0.2496871548144419,288.9631848926415,0.8526624399803983,0.9030396048860724,-0.1824627516388826,0.7703334539581926,0.8373891043245435,5.791621046432189,4.300484189803109,6550.725113379859,5.728497913359437,-0.1822850340670858
09207_03,0.1447836846593166,-0.3546515331028696,345.962996742671,0.818550828744862,0.9023414314535124,-0.2466350819987374,0.7343260668173321,0.841440346379989,5.911683160284614,5.92469556622412,5637.064419202841,9.645640237809191,-0.2493154879061998
09207_04,0.067133723337568,0.2858679683819458,331.25477312764843,0.8532141480901918,0.9056257326092664,-0.0358653795061094,0.7768121200039975,0.8695947487847849,6.118761505388876,4.818599437017745,5318.0804292836265,5.142715244369118,-0.0400418182206733
09209_01,0.1437106169830412,-0.3342720825710221,328.2293969417559,0.832461102815757,0.8850950051607419,-0.4421435943429382,0.7548566756652074,0.842317062704516,5.904875920339922,5.42983757037814,6946.651046234808,2.840907215899522,-0.4603070528516542
09209_02,0.0807617640357672,-0.1540615428413596,335.71748364493226,0.8428054020690471,0.9025886726419048,-0.3262540724357914,0.7603799836839439,0.8665931789998844,6.037492208314911,5.481374421153165,5688.876216712581,5.905718917017534,-0.338667250021819
09209_03,0.1023390133069664,-0.3015143328656982,376.6050987451686,0.8418112176547804,0.9115155943098175,-0.3903273790390922,0.7556318311814018,0.8797755972794398,6.04506870940926,5.311879318578451,5830.591428435974,4.59052213294604,-0.3930480072169668
09209_04,0.062949896070282,0.3902442744859854,361.4889879441028,0.8273774104771789,0.908882877813776,0.1163421837363183,0.7551120441686471,0.8684769284980646,6.237932419604182,4.016934641786351,5571.746129304683,6.009790651508759,0.1135112100355598
09209_05,0.1608868304594605,-0.2994007513113176,359.0179494980225,0.856950363421149,0.8986165108383518,-0.1232974136937909,0.7757214558048376,0.8497505247782677,5.84315108124431,5.2945336576105735,6533.122048438986,4.912489986386713,-0.123060461950279
09211_01,0.1276082000372168,0.0030377480211387,375.07082918715,0.8498170058450507,0.8963733009511307,0.036562771107487,0.7663230375247917,0.8452234512986342,5.894558203241495,4.555684878554708,6245.078554354262,5.782646003234051,0.0364131001773237
09211_02,0.1009297012630862,0.203548552743931,316.85947034598854,0.837630460116778,0.8867877807053833,0.365688735681048,0.7599611979469708,0.8353894769588707,5.8925485922511935,4.899300016316484,6517.358064178949,4.622628349314128,0.3693397430607985
09211_03,0.1226095491965062,0.0199762798184639,324.1087122659534,0.8422457498710318,0.8911196770745002,0.1354899751194948,0.7621315473822045,0.830021872802076,5.79991361993634,4.2122418111501165,6586.410378048526,4.842513447430495,0.1387458578941708
09211_04,0.0774203394099335,0.0502849238080378,370.777149426716,0.8621685936085174,0.8952728006467569,0.1446782425322915,0.7882191739763602,0.8797837158319045,6.002217497828017,7.301463625795597,6440.954075722819,5.883757045221727,0.1427631231251752
09211_05,0.0669132159780092,0.2106381615629112,380.40231714126185,0.854452309060492,0.8915506337353689,0.3049095392166288,0.771928852908248,0.8730227171199834,6.027975399509046,5.79720263279006,6559.149627263046,5.73336325830069,0.3087375137907949
09211_06,0.0640824061838858,0.4472086234709305,335.6469085784745,0.8409515099900625,0.8867270757887977,0.547045922180974,0.7643047755146262,0.8665924659280515,5.965823359863453,5.318150877832394,6109.271332386754,4.930710591314902,0.547340961895914
09211_07,0.081856914427392,0.3264272550805301,311.1186877361731,0.8377071956474748,0.8940035018858922,0.3987403744986468,0.7615249587965373,0.8588859699161668,5.930880123856882,5.850110896425519,5868.564649322568,5.528859706581339,0.4035670491245334
09213_01,0.1447892542254442,-0.1666154428024409,309.39205085551333,0.8165165775776932,0.8877706233535447,0.0545016249943826,0.7367377858479045,0.7956641751093073,5.715483462446054,4.6931215212916815,6280.851199448727,6.669730883907628,0.0544252708468161
09213_02,0.1236127645449201,-0.0673346065997934,349.9839198176538,0.8282978816744297,0.8966261370308826,-0.0464499486245844,0.7487916827085559,0.8483724369646926,5.897037906762732,6.318085989417471,5418.748513923489,8.596441579429538,-0.0449849953014872
09213_03,0.2466319473558514,-0.3352396930688523,288.4148184630539,0.8157523652862957,0.8843844775991705,-0.0913998171144236,0.7345428748945251,0.7763670757554215,5.615675005928079,4.612061689176869,6974.821665733259,5.122359072527502,-0.0898521124122839
09213_04,0.2616462526531139,-0.3850287847843904,348.7054086187944,0.8316288045523373,0.8789290218609948,-0.1825479160241204,0.7474352741202773,0.7860365713009034,5.571690206873855,5.84132208571845,6651.236399248511,6.125274117994447,-0.1839281452377164
09213_05,0.1723287903507041,-0.1014672286587485,298.23414856897267,0.8114444450204439,0.8766464307737143,0.0677794201336198,0.7276729384618503,0.7654929596137142,5.5681257384920295,4.499249553108554,7003.547251117391,5.059412647442855,0.0694017670461087
09213_06,0.1225489836184346,0.2540230180870965,370.7659849300323,0.8351377466022847,0.8909401986848979,0.2478488704115814,0.7597054783001865,0.8426538881052307,5.97659831350865,5.370590228899495,6162.663256720251,4.428035412784358,0.2487712993629029
09213_07,0.1563532549973583,-0.2184620130425869,369.19218728936687,0.8480166897195673,0.8966640142156905,-0.0373086333129432,0.7695179337679259,0.8468783827446149,5.926877231595888,5.325678744574063,6385.254636024949,4.715022900808624,-0.0377492966395777
09213_08,0.1108502019420161,0.2443931580339506,369.1965493653568,0.8324450973155042,0.888403854516954,0.2455244107579279,0.7527986855954373,0.8443332430968715,5.942465564703483,6.170065480360162,5897.317112587538,5.524260630078564,0.2496149407049951
09215_01,0.0993023894931815,0.2356194161631564,344.65894477495345,0.8492352086478173,0.8968142996828717,0.2840428169973816,0.7731122753850341,0.8625414393428723,6.01581269497969,5.2186176468953125,6347.474541704327,9.127058619164233,0.285968674566035
09215_02,0.2559612647123833,-0.3168084767863827,309.6797944346954,0.8187625237834917,0.8791770219887054,-0.0047843593265978,0.7326994441485938,0.7249904141485555,5.4284331457809545,4.474749718951406,7176.586587724019,4.826516993981467,-0.0052811191888943
09215_03,0.1392516728848941,0.3585710680134833,298.7965307079231,0.8115471746544635,0.8840768398817623,0.3200916959960954,0.7385717947660465,0.8012042566808694,5.769652921994023,3.950804259235312,6911.092663934426,6.137496681423484,0.3218828215090663
09215_04,0.345639962725863,-0.7773066933609368,287.4368508753909,0.8407222573322866,0.8892845338623336,-0.3286237433750322,0.7656190688347582,0.7916152349390013,5.499517110895561,6.848568757717759,6821.889429597128,5.925946357466263,-0.3294186275699971
09217_01,0.2116903138014402,-0.0880273339251235,311.1489222644864,0.7984929084318347,0.8794591183255517,0.1158115147320046,0.7212111416516938,0.7799923529448259,5.739482350745504,5.275528338788552,6539.597581257828,4.991980346271222,0.1160779839226644
09217_02,0.1358492830875093,0.0914028728077529,344.97470648099886,0.8356985668643412,0.8768952567333874,0.5143716400142412,0.751124728757621,0.8067943644575413,5.806927712733756,5.653879316179478,6526.461246657407,5.02491873849984,0.5174783438957375
09219_01,0.1667007092529691,-0.0425314887015071,317.1054143348392,0.8667053334712729,0.9011330836518372,-0.0216827845649266,0.7827326966000302,0.8609326202419193,5.851802010088367,4.636509216632869,6363.008956541849,8.043736593945642,-0.0202438492670738
09219_02,0.1005089537741766,0.4826122051153518,305.4760334381471,0.8485872951288527,0.8904621780388287,0.4846339167484529,0.7715340824149778,0.8642771829327647,5.917177856867188,5.022117559623217,6024.18238294375,6.834353182919845,0.4939282260081809
09219_03,0.0981688309920157,0.0449168019261245,335.7208989407386,0.8557109972920987,0.8923393747648355,0.2175055989620763,0.7760218109909843,0.8761410355848126,5.91374109259792,5.632417590946002,6386.742273076118,6.752234943848505,0.220391863709084
09219_04,0.0911930857992002,0.0326535923316089,340.5892144236961,0.8643211650281972,0.9111177997906772,-0.2307335016487082,0.7844308692528491,0.8985205723271349,6.113985858160615,4.016332451439689,6119.230636516299,9.287621417362208,-0.2317626852405951
